dataset,accuracy,anls
docvqa_validation,0.9491493737147131,0.935737994959769
