dataset,accuracy,anls
docvqa_validation,0.3110861843335203,0.30229913258461166
