dataset,average_score
Business_ethics,0.77
Econometrics,0.40350877192982454
Elementary_math,0.9365079365079365
Formal_logic,0.5793650793650794
Jurisprudence,0.8055555555555556
Logical_fallacies,0.803680981595092
Management,0.8252427184466019
Marketing,0.8974358974358975
Miscellaneous,0.9144316730523627
Moral_disputes,0.8063583815028902
Moral_scenarios,0.7083798882681565
Philosophy,0.7845659163987139
Professional_accounting,0.7446808510638298
