uid,dialogue_id,agent,gold_desire,pred,desire_em,raw_response
81-4_agent_1_desire,81-4,agent_1,"{'Low': 'Food', 'High': 'Water', 'Medium': 'Firewood'}","{'high': 'Water', 'medium': 'Firewood', 'low': 'Food'}",1,"{""high"": ""Water"", ""medium"": ""Firewood"", ""low"": ""Food""}"
81-4_agent_2_desire,81-4,agent_2,"{'Medium': 'Food', 'High': 'Water', 'Low': 'Firewood'}","{'high': 'Food', 'medium': 'Water', 'low': 'Firewood'}",0,"{""high"": ""Food"", ""medium"": ""Water"", ""low"": ""Firewood""}"
81-5_agent_1_desire,81-5,agent_1,"{'Low': 'Food', 'High': 'Water', 'Medium': 'Firewood'}","{'high': 'Water', 'medium': 'Firewood', 'low': 'Food'}",1,"{""high"": ""Water"", ""medium"": ""Firewood"", ""low"": ""Food""}"
81-5_agent_2_desire,81-5,agent_2,"{'Medium': 'Food', 'High': 'Water', 'Low': 'Firewood'}","{'high': 'firewood', 'medium': 'water', 'low': 'food'}",0,"{""high"": ""firewood"", ""medium"": ""water"", ""low"": ""food""}"
82-0_agent_1_desire,82-0,agent_1,"{'High': 'Food', 'Low': 'Water', 'Medium': 'Firewood'}","{'high': 'Water', 'medium': 'Food', 'low': 'Firewood'}",0,"{""high"": ""Water"", ""medium"": ""Food"", ""low"": ""Firewood""}"
82-0_agent_2_desire,82-0,agent_2,"{'Medium': 'Food', 'High': 'Water', 'Low': 'Firewood'}","{'high': 'Water', 'medium': 'Food', 'low': 'Firewood'}",1,"{""high"": ""Water"", ""medium"": ""Food"", ""low"": ""Firewood""}"
82-1_agent_1_desire,82-1,agent_1,"{'High': 'Food', 'Low': 'Water', 'Medium': 'Firewood'}","{'high': 'food', 'medium': 'firewood', 'low': 'water'}",1,"{""high"": ""food"", ""medium"": ""firewood"", ""low"": ""water""}"
82-1_agent_2_desire,82-1,agent_2,"{'Medium': 'Food', 'High': 'Water', 'Low': 'Firewood'}","{'high': 'water', 'medium': 'food', 'low': 'firewood'}",1,"{""high"": ""water"", ""medium"": ""food"", ""low"": ""firewood""}"
82-2_agent_1_desire,82-2,agent_1,"{'High': 'Food', 'Low': 'Water', 'Medium': 'Firewood'}","{'high': 'food', 'medium': 'firewood', 'low': 'water'}",1,"{""high"": ""food"", ""medium"": ""firewood"", ""low"": ""water""}"
82-2_agent_2_desire,82-2,agent_2,"{'Medium': 'Food', 'High': 'Water', 'Low': 'Firewood'}","{'high': 'water', 'medium': 'food', 'low': 'firewood'}",1,"{""high"": ""water"", ""medium"": ""food"", ""low"": ""firewood""}"
82-3_agent_1_desire,82-3,agent_1,"{'High': 'Food', 'Low': 'Water', 'Medium': 'Firewood'}","{'high': 'firewood', 'medium': 'food', 'low': 'water'}",0,"{""high"": ""firewood"", ""medium"": ""food"", ""low"": ""water""}"
82-3_agent_2_desire,82-3,agent_2,"{'Medium': 'Food', 'High': 'Water', 'Low': 'Firewood'}","{'high': 'water', 'medium': 'food', 'low': 'firewood'}",1,"{""high"": ""water"", ""medium"": ""food"", ""low"": ""firewood""}"
82-4_agent_1_desire,82-4,agent_1,"{'High': 'Food', 'Low': 'Water', 'Medium': 'Firewood'}","{'high': 'food', 'medium': 'firewood', 'low': 'water'}",1,"{""high"": ""food"", ""medium"": ""firewood"", ""low"": ""water""}"
82-4_agent_2_desire,82-4,agent_2,"{'Medium': 'Food', 'High': 'Water', 'Low': 'Firewood'}","{'high': 'water', 'medium': 'food', 'low': 'firewood'}",1,"{""high"": ""water"", ""medium"": ""food"", ""low"": ""firewood""}"
82-5_agent_1_desire,82-5,agent_1,"{'High': 'Food', 'Low': 'Water', 'Medium': 'Firewood'}","{'high': 'firewood', 'medium': 'food', 'low': 'water'}",0,"{""high"": ""firewood"", ""medium"": ""food"", ""low"": ""water""}"
82-5_agent_2_desire,82-5,agent_2,"{'Medium': 'Food', 'High': 'Water', 'Low': 'Firewood'}","{'high': 'water', 'medium': 'food', 'low': 'firewood'}",1,"{""high"": ""water"", ""medium"": ""food"", ""low"": ""firewood""}"
83-0_agent_1_desire,83-0,agent_1,"{'Medium': 'Food', 'High': 'Water', 'Low': 'Firewood'}","{'high': 'Food', 'medium': 'Water', 'low': 'Firewood'}",0,"{""high"": ""Food"", ""medium"": ""Water"", ""low"": ""Firewood""}"
83-0_agent_2_desire,83-0,agent_2,"{'High': 'Food', 'Low': 'Water', 'Medium': 'Firewood'}","{'high': 'Water', 'medium': 'Food', 'low': 'Firewood'}",0,"{""high"": ""Water"", ""medium"": ""Food"", ""low"": ""Firewood""}"
83-1_agent_1_desire,83-1,agent_1,"{'Medium': 'Food', 'High': 'Water', 'Low': 'Firewood'}","{'high': 'Firewood', 'medium': 'Food', 'low': 'Water'}",0,"{""high"": ""Firewood"", ""medium"": ""Food"", ""low"": ""Water""}"
83-1_agent_2_desire,83-1,agent_2,"{'High': 'Food', 'Low': 'Water', 'Medium': 'Firewood'}","{'high': 'Water', 'medium': 'Food', 'low': 'Firewood'}",0,"{""high"": ""Water"", ""medium"": ""Food"", ""low"": ""Firewood""}"
83-2_agent_1_desire,83-2,agent_1,"{'Medium': 'Food', 'High': 'Water', 'Low': 'Firewood'}","{'high': 'Water', 'medium': 'Food', 'low': 'Firewood'}",1,"{""high"": ""Water"", ""medium"": ""Food"", ""low"": ""Firewood""}"
83-2_agent_2_desire,83-2,agent_2,"{'High': 'Food', 'Low': 'Water', 'Medium': 'Firewood'}","{'high': 'Water', 'medium': 'Food', 'low': 'Firewood'}",0,"{""high"": ""Water"", ""medium"": ""Food"", ""low"": ""Firewood""}"
83-3_agent_1_desire,83-3,agent_1,"{'Medium': 'Food', 'High': 'Water', 'Low': 'Firewood'}","{'high': 'Food', 'medium': 'Water', 'low': 'Firewood'}",0,"{""high"": ""Food"", ""medium"": ""Water"", ""low"": ""Firewood""}"
83-3_agent_2_desire,83-3,agent_2,"{'High': 'Food', 'Low': 'Water', 'Medium': 'Firewood'}","{'high': 'Water', 'medium': 'Food', 'low': 'Firewood'}",0,"{""high"": ""Water"", ""medium"": ""Food"", ""low"": ""Firewood""}"
83-4_agent_1_desire,83-4,agent_1,"{'Medium': 'Food', 'High': 'Water', 'Low': 'Firewood'}","{'high': 'Water', 'medium': 'Food', 'low': 'Firewood'}",1,"{""high"": ""Water"", ""medium"": ""Food"", ""low"": ""Firewood""}"
83-4_agent_2_desire,83-4,agent_2,"{'High': 'Food', 'Low': 'Water', 'Medium': 'Firewood'}","{'high': 'food', 'medium': 'water', 'low': 'firewood'}",0,"{""high"": ""food"", ""medium"": ""water"", ""low"": ""firewood""}"
83-5_agent_1_desire,83-5,agent_1,"{'Medium': 'Food', 'High': 'Water', 'Low': 'Firewood'}","{'high': 'water', 'medium': 'food', 'low': 'firewood'}",1,"{""high"": ""water"", ""medium"": ""food"", ""low"": ""firewood""}"
83-5_agent_2_desire,83-5,agent_2,"{'High': 'Food', 'Low': 'Water', 'Medium': 'Firewood'}","{'high': 'food', 'medium': 'water', 'low': 'firewood'}",0,"{""high"": ""food"", ""medium"": ""water"", ""low"": ""firewood""}"
83-6_agent_1_desire,83-6,agent_1,"{'Medium': 'Food', 'High': 'Water', 'Low': 'Firewood'}","{'high': 'water', 'medium': 'food', 'low': 'firewood'}",1,"{""high"": ""water"", ""medium"": ""food"", ""low"": ""firewood""}"
83-6_agent_2_desire,83-6,agent_2,"{'High': 'Food', 'Low': 'Water', 'Medium': 'Firewood'}","{'high': 'food', 'medium': 'firewood', 'low': 'water'}",1,"{""high"": ""food"", ""medium"": ""firewood"", ""low"": ""water""}"
83-7_agent_1_desire,83-7,agent_1,"{'Medium': 'Food', 'High': 'Water', 'Low': 'Firewood'}","{'high': 'water', 'medium': 'food', 'low': 'firewood'}",1,"{""high"": ""water"", ""medium"": ""food"", ""low"": ""firewood""}"
83-7_agent_2_desire,83-7,agent_2,"{'High': 'Food', 'Low': 'Water', 'Medium': 'Firewood'}","{'high': 'food', 'medium': 'firewood', 'low': 'water'}",1,"{""high"": ""food"", ""medium"": ""firewood"", ""low"": ""water""}"
83-8_agent_1_desire,83-8,agent_1,"{'Medium': 'Food', 'High': 'Water', 'Low': 'Firewood'}","{'high': 'water', 'medium': 'food', 'low': 'firewood'}",1,"{""high"": ""water"", ""medium"": ""food"", ""low"": ""firewood""}"
83-8_agent_2_desire,83-8,agent_2,"{'High': 'Food', 'Low': 'Water', 'Medium': 'Firewood'}","{'high': 'food', 'medium': 'firewood', 'low': 'water'}",1,"{""high"": ""food"", ""medium"": ""firewood"", ""low"": ""water""}"
83-9_agent_1_desire,83-9,agent_1,"{'Medium': 'Food', 'High': 'Water', 'Low': 'Firewood'}","{'high': 'water', 'medium': 'food', 'low': 'firewood'}",1,"{""high"": ""water"", ""medium"": ""food"", ""low"": ""firewood""}"
83-9_agent_2_desire,83-9,agent_2,"{'High': 'Food', 'Low': 'Water', 'Medium': 'Firewood'}","{'high': 'food', 'medium': 'firewood', 'low': 'water'}",1,"{""high"": ""food"", ""medium"": ""firewood"", ""low"": ""water""}"
83-10_agent_1_desire,83-10,agent_1,"{'Medium': 'Food', 'High': 'Water', 'Low': 'Firewood'}","{'high': 'water', 'medium': 'food', 'low': 'firewood'}",1,"{""high"": ""water"", ""medium"": ""food"", ""low"": ""firewood""}"
83-10_agent_2_desire,83-10,agent_2,"{'High': 'Food', 'Low': 'Water', 'Medium': 'Firewood'}","{'high': 'food', 'medium': 'firewood', 'low': 'water'}",1,"{""high"": ""food"", ""medium"": ""firewood"", ""low"": ""water""}"
84-0_agent_1_desire,84-0,agent_1,"{'Medium': 'Food', 'High': 'Water', 'Low': 'Firewood'}","{'high': 'Water', 'medium': 'Food', 'low': 'Firewood'}",1,"{""high"": ""Water"", ""medium"": ""Food"", ""low"": ""Firewood""}"
84-0_agent_2_desire,84-0,agent_2,"{'Low': 'Food', 'High': 'Water', 'Medium': 'Firewood'}","{'high': 'Water', 'medium': 'Food', 'low': 'Firewood'}",0,"{""high"": ""Water"", ""medium"": ""Food"", ""low"": ""Firewood""}"
84-1_agent_1_desire,84-1,agent_1,"{'Medium': 'Food', 'High': 'Water', 'Low': 'Firewood'}","{'high': 'Water', 'medium': 'Firewood', 'low': 'Food'}",0,"{""high"": ""Water"", ""medium"": ""Firewood"", ""low"": ""Food""}"
84-1_agent_2_desire,84-1,agent_2,"{'Low': 'Food', 'High': 'Water', 'Medium': 'Firewood'}","{'high': 'water', 'medium': 'firewood', 'low': 'food'}",1,"{""high"": ""water"", ""medium"": ""firewood"", ""low"": ""food""}"
84-2_agent_1_desire,84-2,agent_1,"{'Medium': 'Food', 'High': 'Water', 'Low': 'Firewood'}","{'high': 'water', 'medium': 'firewood', 'low': 'food'}",0,"{""high"": ""water"", ""medium"": ""firewood"", ""low"": ""food""}"
84-2_agent_2_desire,84-2,agent_2,"{'Low': 'Food', 'High': 'Water', 'Medium': 'Firewood'}","{'high': 'Water', 'medium': 'Firewood', 'low': 'Food'}",1,"{""high"": ""Water"", ""medium"": ""Firewood"", ""low"": ""Food""}"
84-3_agent_1_desire,84-3,agent_1,"{'Medium': 'Food', 'High': 'Water', 'Low': 'Firewood'}","{'high': 'water', 'medium': 'food', 'low': 'firewood'}",1,"{""high"": ""water"", ""medium"": ""food"", ""low"": ""firewood""}"
84-3_agent_2_desire,84-3,agent_2,"{'Low': 'Food', 'High': 'Water', 'Medium': 'Firewood'}","{'high': 'water', 'medium': 'firewood', 'low': 'food'}",1,"{""high"": ""water"", ""medium"": ""firewood"", ""low"": ""food""}"
84-4_agent_1_desire,84-4,agent_1,"{'Medium': 'Food', 'High': 'Water', 'Low': 'Firewood'}","{'high': 'water', 'medium': 'food', 'low': 'firewood'}",1,"{""high"": ""water"", ""medium"": ""food"", ""low"": ""firewood""}"
84-4_agent_2_desire,84-4,agent_2,"{'Low': 'Food', 'High': 'Water', 'Medium': 'Firewood'}","{'high': 'Water', 'medium': 'Firewood', 'low': 'Food'}",1,"{""high"": ""Water"", ""medium"": ""Firewood"", ""low"": ""Food""}"
85-0_agent_1_desire,85-0,agent_1,"{'Medium': 'Food', 'High': 'Water', 'Low': 'Firewood'}","{'high': 'Water', 'medium': 'Food', 'low': 'Firewood'}",1,"{""high"": ""Water"", ""medium"": ""Food"", ""low"": ""Firewood""}"
85-0_agent_2_desire,85-0,agent_2,"{'Low': 'Food', 'Medium': 'Water', 'High': 'Firewood'}","{'high': 'firewood', 'medium': 'food', 'low': 'water'}",0,"{""high"": ""firewood"", ""medium"": ""food"", ""low"": ""water""}"
85-1_agent_1_desire,85-1,agent_1,"{'Medium': 'Food', 'High': 'Water', 'Low': 'Firewood'}","{'high': 'Water', 'medium': 'Food', 'low': 'Firewood'}",1,"{""high"": ""Water"", ""medium"": ""Food"", ""low"": ""Firewood""}"
85-1_agent_2_desire,85-1,agent_2,"{'Low': 'Food', 'Medium': 'Water', 'High': 'Firewood'}","{'high': 'firewood', 'medium': 'food', 'low': 'water'}",0,"{""high"": ""firewood"", ""medium"": ""food"", ""low"": ""water""}"
85-2_agent_1_desire,85-2,agent_1,"{'Medium': 'Food', 'High': 'Water', 'Low': 'Firewood'}","{'high': 'water', 'medium': 'food', 'low': 'firewood'}",1,"{""high"": ""water"", ""medium"": ""food"", ""low"": ""firewood""}"
85-2_agent_2_desire,85-2,agent_2,"{'Low': 'Food', 'Medium': 'Water', 'High': 'Firewood'}","{'high': 'firewood', 'medium': 'food', 'low': 'water'}",0,"{""high"": ""firewood"", ""medium"": ""food"", ""low"": ""water""}"
85-3_agent_1_desire,85-3,agent_1,"{'Medium': 'Food', 'High': 'Water', 'Low': 'Firewood'}","{'high': 'water', 'medium': 'food', 'low': 'firewood'}",1,"{""high"": ""water"", ""medium"": ""food"", ""low"": ""firewood""}"
85-3_agent_2_desire,85-3,agent_2,"{'Low': 'Food', 'Medium': 'Water', 'High': 'Firewood'}","{'high': 'firewood', 'medium': 'water', 'low': 'food'}",1,"{""high"": ""firewood"", ""medium"": ""water"", ""low"": ""food""}"
85-4_agent_1_desire,85-4,agent_1,"{'Medium': 'Food', 'High': 'Water', 'Low': 'Firewood'}","{'high': 'food', 'medium': 'water', 'low': 'firewood'}",0,"{""high"": ""food"", ""medium"": ""water"", ""low"": ""firewood""}"
85-4_agent_2_desire,85-4,agent_2,"{'Low': 'Food', 'Medium': 'Water', 'High': 'Firewood'}","{'high': 'firewood', 'medium': 'water', 'low': 'food'}",1,"{""high"": ""firewood"", ""medium"": ""water"", ""low"": ""food""}"
86-0_agent_1_desire,86-0,agent_1,"{'High': 'Food', 'Low': 'Water', 'Medium': 'Firewood'}","{'high': 'Food', 'medium': 'Firewood', 'low': 'Water'}",1,"{""high"": ""Food"", ""medium"": ""Firewood"", ""low"": ""Water""}"
86-0_agent_2_desire,86-0,agent_2,"{'Medium': 'Food', 'Low': 'Water', 'High': 'Firewood'}","{'high': 'Firewood', 'medium': 'Food', 'low': 'Water'}",1,"{""high"": ""Firewood"", ""medium"": ""Food"", ""low"": ""Water""}"
86-1_agent_1_desire,86-1,agent_1,"{'High': 'Food', 'Low': 'Water', 'Medium': 'Firewood'}","{'high': 'Food', 'medium': 'Firewood', 'low': 'Water'}",1,"{""high"": ""Food"", ""medium"": ""Firewood"", ""low"": ""Water""}"
86-1_agent_2_desire,86-1,agent_2,"{'Medium': 'Food', 'Low': 'Water', 'High': 'Firewood'}","{'high': 'firewood', 'medium': 'food', 'low': 'water'}",1,"{""high"": ""firewood"", ""medium"": ""food"", ""low"": ""water""}"
86-2_agent_1_desire,86-2,agent_1,"{'High': 'Food', 'Low': 'Water', 'Medium': 'Firewood'}","{'high': 'Food', 'medium': 'Firewood', 'low': 'Water'}",1,"{""high"": ""Food"", ""medium"": ""Firewood"", ""low"": ""Water""}"
86-2_agent_2_desire,86-2,agent_2,"{'Medium': 'Food', 'Low': 'Water', 'High': 'Firewood'}","{'high': 'food', 'medium': 'firewood', 'low': 'water'}",0,"{""high"": ""food"", ""medium"": ""firewood"", ""low"": ""water""}"
86-3_agent_1_desire,86-3,agent_1,"{'High': 'Food', 'Low': 'Water', 'Medium': 'Firewood'}","{'high': 'Food', 'medium': 'Firewood', 'low': 'Water'}",1,"{""high"": ""Food"", ""medium"": ""Firewood"", ""low"": ""Water""}"
86-3_agent_2_desire,86-3,agent_2,"{'Medium': 'Food', 'Low': 'Water', 'High': 'Firewood'}","{'high': 'food', 'medium': 'firewood', 'low': 'water'}",0,"{""high"": ""food"", ""medium"": ""firewood"", ""low"": ""water""}"
86-4_agent_1_desire,86-4,agent_1,"{'High': 'Food', 'Low': 'Water', 'Medium': 'Firewood'}","{'high': 'food', 'medium': 'water', 'low': 'firewood'}",0,"{""high"": ""food"", ""medium"": ""water"", ""low"": ""firewood""}"
86-4_agent_2_desire,86-4,agent_2,"{'Medium': 'Food', 'Low': 'Water', 'High': 'Firewood'}","{'high': 'firewood', 'medium': 'food', 'low': 'water'}",1,"{""high"": ""firewood"", ""medium"": ""food"", ""low"": ""water""}"
87-0_agent_1_desire,87-0,agent_1,"{'High': 'Food', 'Medium': 'Water', 'Low': 'Firewood'}","{'high': 'Food', 'medium': 'Water', 'low': 'Firewood'}",1,"{""high"": ""Food"", ""medium"": ""Water"", ""low"": ""Firewood""}"
87-0_agent_2_desire,87-0,agent_2,"{'High': 'Food', 'Low': 'Water', 'Medium': 'Firewood'}","{'high': 'Water', 'medium': 'Food', 'low': 'Firewood'}",0,"{""high"": ""Water"", ""medium"": ""Food"", ""low"": ""Firewood""}"
87-1_agent_1_desire,87-1,agent_1,"{'High': 'Food', 'Medium': 'Water', 'Low': 'Firewood'}","{'high': 'Food', 'medium': 'Water', 'low': 'Firewood'}",1,"{""high"": ""Food"", ""medium"": ""Water"", ""low"": ""Firewood""}"
87-1_agent_2_desire,87-1,agent_2,"{'High': 'Food', 'Low': 'Water', 'Medium': 'Firewood'}","{'high': 'Food', 'medium': 'Water', 'low': 'Firewood'}",0,"{""high"": ""Food"", ""medium"": ""Water"", ""low"": ""Firewood""}"
87-2_agent_1_desire,87-2,agent_1,"{'High': 'Food', 'Medium': 'Water', 'Low': 'Firewood'}","{'high': 'Food', 'medium': 'Water', 'low': 'Firewood'}",1,"{""high"": ""Food"", ""medium"": ""Water"", ""low"": ""Firewood""}"
87-2_agent_2_desire,87-2,agent_2,"{'High': 'Food', 'Low': 'Water', 'Medium': 'Firewood'}","{'high': 'Food', 'medium': 'Water', 'low': 'Firewood'}",0,"{""high"": ""Food"", ""medium"": ""Water"", ""low"": ""Firewood""}"
87-3_agent_1_desire,87-3,agent_1,"{'High': 'Food', 'Medium': 'Water', 'Low': 'Firewood'}","{'high': 'Food', 'medium': 'Water', 'low': 'Firewood'}",1,"{""high"": ""Food"", ""medium"": ""Water"", ""low"": ""Firewood""}"
87-3_agent_2_desire,87-3,agent_2,"{'High': 'Food', 'Low': 'Water', 'Medium': 'Firewood'}","{'high': 'Food', 'medium': 'Water', 'low': 'Firewood'}",0,"{""high"": ""Food"", ""medium"": ""Water"", ""low"": ""Firewood""}"
87-4_agent_1_desire,87-4,agent_1,"{'High': 'Food', 'Medium': 'Water', 'Low': 'Firewood'}","{'high': 'Food', 'medium': 'Water', 'low': 'Firewood'}",1,"{""high"": ""Food"", ""medium"": ""Water"", ""low"": ""Firewood""}"
87-4_agent_2_desire,87-4,agent_2,"{'High': 'Food', 'Low': 'Water', 'Medium': 'Firewood'}","{'high': 'Food', 'medium': 'Water', 'low': 'Firewood'}",0,"{""high"": ""Food"", ""medium"": ""Water"", ""low"": ""Firewood""}"
87-5_agent_1_desire,87-5,agent_1,"{'High': 'Food', 'Medium': 'Water', 'Low': 'Firewood'}","{'high': 'Water', 'medium': 'Firewood', 'low': 'Food'}",0,"{""high"": ""Water"", ""medium"": ""Firewood"", ""low"": ""Food""}"
87-5_agent_2_desire,87-5,agent_2,"{'High': 'Food', 'Low': 'Water', 'Medium': 'Firewood'}","{'high': 'Food', 'medium': 'Water', 'low': 'Firewood'}",0,"{""high"": ""Food"", ""medium"": ""Water"", ""low"": ""Firewood""}"
87-6_agent_1_desire,87-6,agent_1,"{'High': 'Food', 'Medium': 'Water', 'Low': 'Firewood'}","{'high': 'water', 'medium': 'firewood', 'low': 'food'}",0,"{""high"": ""water"", ""medium"": ""firewood"", ""low"": ""food""}"
87-6_agent_2_desire,87-6,agent_2,"{'High': 'Food', 'Low': 'Water', 'Medium': 'Firewood'}","{'high': 'food', 'medium': 'water', 'low': 'firewood'}",0,"{""high"": ""food"", ""medium"": ""water"", ""low"": ""firewood""}"
88-0_agent_1_desire,88-0,agent_1,"{'Low': 'Food', 'High': 'Water', 'Medium': 'Firewood'}","{'high': 'Water', 'medium': 'Food', 'low': 'Firewood'}",0,"{""high"": ""Water"", ""medium"": ""Food"", ""low"": ""Firewood""}"
88-0_agent_2_desire,88-0,agent_2,"{'High': 'Food', 'Medium': 'Water', 'Low': 'Firewood'}","{'high': 'Water', 'medium': 'Food', 'low': 'Firewood'}",0,"{""high"": ""Water"", ""medium"": ""Food"", ""low"": ""Firewood""}"
88-1_agent_1_desire,88-1,agent_1,"{'Low': 'Food', 'High': 'Water', 'Medium': 'Firewood'}","{'high': 'Firewood', 'medium': 'Food', 'low': 'Water'}",0,"{""high"": ""Firewood"", ""medium"": ""Food"", ""low"": ""Water""}"
88-1_agent_2_desire,88-1,agent_2,"{'High': 'Food', 'Medium': 'Water', 'Low': 'Firewood'}","{'high': 'Water', 'medium': 'Food', 'low': 'Firewood'}",0,"{""high"": ""Water"", ""medium"": ""Food"", ""low"": ""Firewood""}"
88-2_agent_1_desire,88-2,agent_1,"{'Low': 'Food', 'High': 'Water', 'Medium': 'Firewood'}","{'high': 'Water', 'medium': 'Food', 'low': 'Firewood'}",0,"{""high"": ""Water"", ""medium"": ""Food"", ""low"": ""Firewood""}"
88-2_agent_2_desire,88-2,agent_2,"{'High': 'Food', 'Medium': 'Water', 'Low': 'Firewood'}","{'high': 'Water', 'medium': 'Food', 'low': 'Firewood'}",0,"{""high"": ""Water"", ""medium"": ""Food"", ""low"": ""Firewood""}"
88-3_agent_1_desire,88-3,agent_1,"{'Low': 'Food', 'High': 'Water', 'Medium': 'Firewood'}","{'high': 'Firewood', 'medium': 'Food', 'low': 'Water'}",0,"{""high"": ""Firewood"", ""medium"": ""Food"", ""low"": ""Water""}"
88-3_agent_2_desire,88-3,agent_2,"{'High': 'Food', 'Medium': 'Water', 'Low': 'Firewood'}","{'high': 'Firewood', 'medium': 'Food', 'low': 'Water'}",0,"{""high"": ""Firewood"", ""medium"": ""Food"", ""low"": ""Water""}"
88-4_agent_1_desire,88-4,agent_1,"{'Low': 'Food', 'High': 'Water', 'Medium': 'Firewood'}","{'high': 'Firewood', 'medium': 'Water', 'low': 'Food'}",0,"{""high"": ""Firewood"", ""medium"": ""Water"", ""low"": ""Food""}"
88-4_agent_2_desire,88-4,agent_2,"{'High': 'Food', 'Medium': 'Water', 'Low': 'Firewood'}","{'high': 'Water', 'medium': 'Food', 'low': 'Firewood'}",0,"{""high"": ""Water"", ""medium"": ""Food"", ""low"": ""Firewood""}"
88-5_agent_1_desire,88-5,agent_1,"{'Low': 'Food', 'High': 'Water', 'Medium': 'Firewood'}","{'high': 'firewood', 'medium': 'food', 'low': 'water'}",0,"{""high"": ""firewood"", ""medium"": ""food"", ""low"": ""water""}"
88-5_agent_2_desire,88-5,agent_2,"{'High': 'Food', 'Medium': 'Water', 'Low': 'Firewood'}","{'high': 'water', 'medium': 'food', 'low': 'firewood'}",0,"{""high"": ""water"", ""medium"": ""food"", ""low"": ""firewood""}"
89-0_agent_1_desire,89-0,agent_1,"{'High': 'Food', 'Medium': 'Water', 'Low': 'Firewood'}","{'high': 'Water', 'medium': 'Food', 'low': 'Firewood'}",0,"{""high"": ""Water"", ""medium"": ""Food"", ""low"": ""Firewood""}"
89-0_agent_2_desire,89-0,agent_2,"{'Low': 'Food', 'Medium': 'Water', 'High': 'Firewood'}","{'high': 'Water', 'medium': 'Food', 'low': 'Firewood'}",0,"{""high"": ""Water"", ""medium"": ""Food"", ""low"": ""Firewood""}"
89-1_agent_1_desire,89-1,agent_1,"{'High': 'Food', 'Medium': 'Water', 'Low': 'Firewood'}","{'high': 'Food', 'medium': 'Firewood', 'low': 'Water'}",0,"{""high"": ""Food"", ""medium"": ""Firewood"", ""low"": ""Water""}"
89-1_agent_2_desire,89-1,agent_2,"{'Low': 'Food', 'Medium': 'Water', 'High': 'Firewood'}","{'high': 'Water', 'medium': 'Food', 'low': 'Firewood'}",0,"{""high"": ""Water"", ""medium"": ""Food"", ""low"": ""Firewood""}"
89-2_agent_1_desire,89-2,agent_1,"{'High': 'Food', 'Medium': 'Water', 'Low': 'Firewood'}","{'high': 'Food', 'medium': 'Water', 'low': 'Firewood'}",1,"{""high"": ""Food"", ""medium"": ""Water"", ""low"": ""Firewood""}"
89-2_agent_2_desire,89-2,agent_2,"{'Low': 'Food', 'Medium': 'Water', 'High': 'Firewood'}","{'high': 'Food', 'medium': 'Water', 'low': 'Firewood'}",0,"{""high"": ""Food"", ""medium"": ""Water"", ""low"": ""Firewood""}"
89-3_agent_1_desire,89-3,agent_1,"{'High': 'Food', 'Medium': 'Water', 'Low': 'Firewood'}","{'high': 'Food', 'medium': 'Water', 'low': 'Firewood'}",1,"{""high"": ""Food"", ""medium"": ""Water"", ""low"": ""Firewood""}"
89-3_agent_2_desire,89-3,agent_2,"{'Low': 'Food', 'Medium': 'Water', 'High': 'Firewood'}","{'high': 'Water', 'medium': 'Food', 'low': 'Firewood'}",0,"{""high"": ""Water"", ""medium"": ""Food"", ""low"": ""Firewood""}"
89-4_agent_1_desire,89-4,agent_1,"{'High': 'Food', 'Medium': 'Water', 'Low': 'Firewood'}","{'high': 'Food', 'medium': 'Water', 'low': 'Firewood'}",1,"{""high"": ""Food"", ""medium"": ""Water"", ""low"": ""Firewood""}"
89-4_agent_2_desire,89-4,agent_2,"{'Low': 'Food', 'Medium': 'Water', 'High': 'Firewood'}","{'high': 'firewood', 'medium': 'water', 'low': 'food'}",1,"{""high"": ""firewood"", ""medium"": ""water"", ""low"": ""food""}"
89-5_agent_1_desire,89-5,agent_1,"{'High': 'Food', 'Medium': 'Water', 'Low': 'Firewood'}","{'high': 'Water', 'medium': 'Food', 'low': 'Firewood'}",0,"{""high"": ""Water"", ""medium"": ""Food"", ""low"": ""Firewood""}"
89-5_agent_2_desire,89-5,agent_2,"{'Low': 'Food', 'Medium': 'Water', 'High': 'Firewood'}","{'high': 'firewood', 'medium': 'water', 'low': 'food'}",1,"{""high"": ""firewood"", ""medium"": ""water"", ""low"": ""food""}"
89-6_agent_1_desire,89-6,agent_1,"{'High': 'Food', 'Medium': 'Water', 'Low': 'Firewood'}","{'high': 'Water', 'medium': 'Food', 'low': 'Firewood'}",0,"{""high"": ""Water"", ""medium"": ""Food"", ""low"": ""Firewood""}"
89-6_agent_2_desire,89-6,agent_2,"{'Low': 'Food', 'Medium': 'Water', 'High': 'Firewood'}","{'high': 'firewood', 'medium': 'water', 'low': 'food'}",1,"{""high"": ""firewood"", ""medium"": ""water"", ""low"": ""food""}"
90-0_agent_1_desire,90-0,agent_1,"{'High': 'Food', 'Low': 'Water', 'Medium': 'Firewood'}","{'high': 'Food', 'medium': 'Water', 'low': 'Firewood'}",0,"{""high"": ""Food"", ""medium"": ""Water"", ""low"": ""Firewood""}"
90-0_agent_2_desire,90-0,agent_2,"{'High': 'Food', 'Medium': 'Water', 'Low': 'Firewood'}","{'high': 'Water', 'medium': 'Food', 'low': 'Firewood'}",0,"{""high"": ""Water"", ""medium"": ""Food"", ""low"": ""Firewood""}"
90-1_agent_1_desire,90-1,agent_1,"{'High': 'Food', 'Low': 'Water', 'Medium': 'Firewood'}","{'high': 'Food', 'medium': 'Water', 'low': 'Firewood'}",0,"{""high"": ""Food"", ""medium"": ""Water"", ""low"": ""Firewood""}"
90-1_agent_2_desire,90-1,agent_2,"{'High': 'Food', 'Medium': 'Water', 'Low': 'Firewood'}","{'high': 'Water', 'medium': 'Food', 'low': 'Firewood'}",0,"{""high"": ""Water"", ""medium"": ""Food"", ""low"": ""Firewood""}"
90-2_agent_1_desire,90-2,agent_1,"{'High': 'Food', 'Low': 'Water', 'Medium': 'Firewood'}","{'high': 'Water', 'medium': 'Food', 'low': 'Firewood'}",0,"{""high"": ""Water"", ""medium"": ""Food"", ""low"": ""Firewood""}"
90-2_agent_2_desire,90-2,agent_2,"{'High': 'Food', 'Medium': 'Water', 'Low': 'Firewood'}","{'high': 'Water', 'medium': 'Food', 'low': 'Firewood'}",0,"{""high"": ""Water"", ""medium"": ""Food"", ""low"": ""Firewood""}"
90-3_agent_1_desire,90-3,agent_1,"{'High': 'Food', 'Low': 'Water', 'Medium': 'Firewood'}","{'high': 'Food', 'medium': 'Water', 'low': 'Firewood'}",0,"{""high"": ""Food"", ""medium"": ""Water"", ""low"": ""Firewood""}"
90-3_agent_2_desire,90-3,agent_2,"{'High': 'Food', 'Medium': 'Water', 'Low': 'Firewood'}","{'high': 'Water', 'medium': 'Firewood', 'low': 'Food'}",0,"{""high"": ""Water"", ""medium"": ""Firewood"", ""low"": ""Food""}"
90-4_agent_1_desire,90-4,agent_1,"{'High': 'Food', 'Low': 'Water', 'Medium': 'Firewood'}","{'high': 'Food', 'medium': 'Firewood', 'low': 'Water'}",1,"{""high"": ""Food"", ""medium"": ""Firewood"", ""low"": ""Water""}"
90-4_agent_2_desire,90-4,agent_2,"{'High': 'Food', 'Medium': 'Water', 'Low': 'Firewood'}","{'high': 'food', 'medium': 'water', 'low': 'firewood'}",1,"{""high"": ""food"", ""medium"": ""water"", ""low"": ""firewood""}"
90-5_agent_1_desire,90-5,agent_1,"{'High': 'Food', 'Low': 'Water', 'Medium': 'Firewood'}","{'high': 'firewood', 'medium': 'food', 'low': 'water'}",0,"{""high"": ""firewood"", ""medium"": ""food"", ""low"": ""water""}"
90-5_agent_2_desire,90-5,agent_2,"{'High': 'Food', 'Medium': 'Water', 'Low': 'Firewood'}","{'high': 'Food', 'medium': 'Water', 'low': 'Firewood'}",1,"{""high"": ""Food"", ""medium"": ""Water"", ""low"": ""Firewood""}"
91-0_agent_1_desire,91-0,agent_1,"{'High': 'Food', 'Medium': 'Water', 'Low': 'Firewood'}","{'high': 'Food', 'medium': 'Water', 'low': 'Firewood'}",1,"{""high"": ""Food"", ""medium"": ""Water"", ""low"": ""Firewood""}"
91-0_agent_2_desire,91-0,agent_2,"{'Medium': 'Food', 'Low': 'Water', 'High': 'Firewood'}","{'high': 'Food', 'medium': 'Water', 'low': 'Firewood'}",0,"{""high"": ""Food"", ""medium"": ""Water"", ""low"": ""Firewood""}"
91-1_agent_1_desire,91-1,agent_1,"{'High': 'Food', 'Medium': 'Water', 'Low': 'Firewood'}","{'high': 'Food', 'medium': 'Water', 'low': 'Firewood'}",1,"{""high"": ""Food"", ""medium"": ""Water"", ""low"": ""Firewood""}"
91-1_agent_2_desire,91-1,agent_2,"{'Medium': 'Food', 'Low': 'Water', 'High': 'Firewood'}","{'high': 'Food', 'medium': 'Water', 'low': 'Firewood'}",0,"{""high"": ""Food"", ""medium"": ""Water"", ""low"": ""Firewood""}"
91-2_agent_1_desire,91-2,agent_1,"{'High': 'Food', 'Medium': 'Water', 'Low': 'Firewood'}","{'high': 'Food', 'medium': 'Water', 'low': 'Firewood'}",1,"{""high"": ""Food"", ""medium"": ""Water"", ""low"": ""Firewood""}"
91-2_agent_2_desire,91-2,agent_2,"{'Medium': 'Food', 'Low': 'Water', 'High': 'Firewood'}","{'high': 'Food', 'medium': 'Water', 'low': 'Firewood'}",0,"{""high"": ""Food"", ""medium"": ""Water"", ""low"": ""Firewood""}"
91-3_agent_1_desire,91-3,agent_1,"{'High': 'Food', 'Medium': 'Water', 'Low': 'Firewood'}","{'high': 'Food', 'medium': 'Water', 'low': 'Firewood'}",1,"{""high"": ""Food"", ""medium"": ""Water"", ""low"": ""Firewood""}"
91-3_agent_2_desire,91-3,agent_2,"{'Medium': 'Food', 'Low': 'Water', 'High': 'Firewood'}","{'high': 'Food', 'medium': 'Water', 'low': 'Firewood'}",0,"{""high"": ""Food"", ""medium"": ""Water"", ""low"": ""Firewood""}"
91-4_agent_1_desire,91-4,agent_1,"{'High': 'Food', 'Medium': 'Water', 'Low': 'Firewood'}","{'high': 'food', 'medium': 'water', 'low': 'firewood'}",1,"{""high"": ""food"", ""medium"": ""water"", ""low"": ""firewood""}"
91-4_agent_2_desire,91-4,agent_2,"{'Medium': 'Food', 'Low': 'Water', 'High': 'Firewood'}","{'high': 'Food', 'medium': 'Water', 'low': 'Firewood'}",0,"{""high"": ""Food"", ""medium"": ""Water"", ""low"": ""Firewood""}"
92-0_agent_1_desire,92-0,agent_1,"{'Medium': 'Food', 'High': 'Water', 'Low': 'Firewood'}","{'high': 'Food', 'medium': 'Water', 'low': 'Firewood'}",0,"{""high"": ""Food"", ""medium"": ""Water"", ""low"": ""Firewood""}"
92-0_agent_2_desire,92-0,agent_2,"{'Low': 'Food', 'Medium': 'Water', 'High': 'Firewood'}","{'high': 'Water', 'medium': 'Food', 'low': 'Firewood'}",0,"{""high"": ""Water"", ""medium"": ""Food"", ""low"": ""Firewood""}"
92-1_agent_1_desire,92-1,agent_1,"{'Medium': 'Food', 'High': 'Water', 'Low': 'Firewood'}","{'high': 'Food', 'medium': 'Water', 'low': 'Firewood'}",0,"{""high"": ""Food"", ""medium"": ""Water"", ""low"": ""Firewood""}"
92-1_agent_2_desire,92-1,agent_2,"{'Low': 'Food', 'Medium': 'Water', 'High': 'Firewood'}","{'high': 'firewood', 'medium': 'food', 'low': 'water'}",0,"{""high"": ""firewood"", ""medium"": ""food"", ""low"": ""water""}"
92-2_agent_1_desire,92-2,agent_1,"{'Medium': 'Food', 'High': 'Water', 'Low': 'Firewood'}","{'high': 'water', 'medium': 'food', 'low': 'firewood'}",1,"{""high"": ""water"", ""medium"": ""food"", ""low"": ""firewood""}"
92-2_agent_2_desire,92-2,agent_2,"{'Low': 'Food', 'Medium': 'Water', 'High': 'Firewood'}","{'high': 'water', 'medium': 'firewood', 'low': 'food'}",0,"{""high"": ""water"", ""medium"": ""firewood"", ""low"": ""food""}"
92-3_agent_1_desire,92-3,agent_1,"{'Medium': 'Food', 'High': 'Water', 'Low': 'Firewood'}","{'high': 'water', 'medium': 'food', 'low': 'firewood'}",1,"{""high"": ""water"", ""medium"": ""food"", ""low"": ""firewood""}"
92-3_agent_2_desire,92-3,agent_2,"{'Low': 'Food', 'Medium': 'Water', 'High': 'Firewood'}","{'high': 'water', 'medium': 'firewood', 'low': 'food'}",0,"{""high"": ""water"", ""medium"": ""firewood"", ""low"": ""food""}"
92-4_agent_1_desire,92-4,agent_1,"{'Medium': 'Food', 'High': 'Water', 'Low': 'Firewood'}","{'high': 'water', 'medium': 'food', 'low': 'firewood'}",1,"{""high"": ""water"", ""medium"": ""food"", ""low"": ""firewood""}"
92-4_agent_2_desire,92-4,agent_2,"{'Low': 'Food', 'Medium': 'Water', 'High': 'Firewood'}","{'high': 'water', 'medium': 'firewood', 'low': 'food'}",0,"{""high"": ""water"", ""medium"": ""firewood"", ""low"": ""food""}"
92-5_agent_1_desire,92-5,agent_1,"{'Medium': 'Food', 'High': 'Water', 'Low': 'Firewood'}","{'high': 'water', 'medium': 'food', 'low': 'firewood'}",1,"{""high"": ""water"", ""medium"": ""food"", ""low"": ""firewood""}"
92-5_agent_2_desire,92-5,agent_2,"{'Low': 'Food', 'Medium': 'Water', 'High': 'Firewood'}","{'high': 'water', 'medium': 'food', 'low': 'firewood'}",0,"{""high"": ""water"", ""medium"": ""food"", ""low"": ""firewood""}"
92-6_agent_1_desire,92-6,agent_1,"{'Medium': 'Food', 'High': 'Water', 'Low': 'Firewood'}","{'high': 'water', 'medium': 'food', 'low': 'firewood'}",1,"{""high"": ""water"", ""medium"": ""food"", ""low"": ""firewood""}"
92-6_agent_2_desire,92-6,agent_2,"{'Low': 'Food', 'Medium': 'Water', 'High': 'Firewood'}","{'high': 'water', 'medium': 'firewood', 'low': 'food'}",0,"{""high"": ""water"", ""medium"": ""firewood"", ""low"": ""food""}"
92-7_agent_1_desire,92-7,agent_1,"{'Medium': 'Food', 'High': 'Water', 'Low': 'Firewood'}","{'high': 'water', 'medium': 'food', 'low': 'firewood'}",1,"{""high"": ""water"", ""medium"": ""food"", ""low"": ""firewood""}"
92-7_agent_2_desire,92-7,agent_2,"{'Low': 'Food', 'Medium': 'Water', 'High': 'Firewood'}","{'high': 'water', 'medium': 'firewood', 'low': 'food'}",0,"{""high"": ""water"", ""medium"": ""firewood"", ""low"": ""food""}"
93-0_agent_1_desire,93-0,agent_1,"{'Low': 'Food', 'Medium': 'Water', 'High': 'Firewood'}","{'high': 'Firewood', 'medium': 'Water', 'low': 'Food'}",1,"{""high"": ""Firewood"", ""medium"": ""Water"", ""low"": ""Food""}"
93-0_agent_2_desire,93-0,agent_2,"{'Medium': 'Food', 'High': 'Water', 'Low': 'Firewood'}","{'high': 'Water', 'medium': 'Food', 'low': 'Firewood'}",1,"{""high"": ""Water"", ""medium"": ""Food"", ""low"": ""Firewood""}"
93-1_agent_1_desire,93-1,agent_1,"{'Low': 'Food', 'Medium': 'Water', 'High': 'Firewood'}","{'high': 'firewood', 'medium': 'water', 'low': 'food'}",1,"{
  ""high"": ""firewood"",
  ""medium"": ""water"",
  ""low"": ""food""
}"
93-1_agent_2_desire,93-1,agent_2,"{'Medium': 'Food', 'High': 'Water', 'Low': 'Firewood'}","{'high': 'water', 'medium': 'food', 'low': 'firewood'}",1,"{""high"": ""water"", ""medium"": ""food"", ""low"": ""firewood""}"
93-2_agent_1_desire,93-2,agent_1,"{'Low': 'Food', 'Medium': 'Water', 'High': 'Firewood'}","{'high': 'firewood', 'medium': 'water', 'low': 'food'}",1,"{""high"": ""firewood"", ""medium"": ""water"", ""low"": ""food""}"
93-2_agent_2_desire,93-2,agent_2,"{'Medium': 'Food', 'High': 'Water', 'Low': 'Firewood'}","{'high': 'water', 'medium': 'food', 'low': 'firewood'}",1,"{""high"": ""water"", ""medium"": ""food"", ""low"": ""firewood""}"
93-3_agent_1_desire,93-3,agent_1,"{'Low': 'Food', 'Medium': 'Water', 'High': 'Firewood'}","{'high': 'firewood', 'medium': 'water', 'low': 'food'}",1,"{""high"": ""firewood"", ""medium"": ""water"", ""low"": ""food""}"
93-3_agent_2_desire,93-3,agent_2,"{'Medium': 'Food', 'High': 'Water', 'Low': 'Firewood'}","{'high': 'water', 'medium': 'food', 'low': 'firewood'}",1,"{""high"": ""water"", ""medium"": ""food"", ""low"": ""firewood""}"
93-4_agent_1_desire,93-4,agent_1,"{'Low': 'Food', 'Medium': 'Water', 'High': 'Firewood'}","{'high': 'firewood', 'medium': 'water', 'low': 'food'}",1,"{""high"": ""firewood"", ""medium"": ""water"", ""low"": ""food""}"
93-4_agent_2_desire,93-4,agent_2,"{'Medium': 'Food', 'High': 'Water', 'Low': 'Firewood'}","{'high': 'water', 'medium': 'food', 'low': 'firewood'}",1,"{""high"": ""water"", ""medium"": ""food"", ""low"": ""firewood""}"
94-0_agent_1_desire,94-0,agent_1,"{'Low': 'Food', 'Medium': 'Water', 'High': 'Firewood'}","{'high': 'Firewood', 'medium': 'Water', 'low': 'Food'}",1,"{""high"": ""Firewood"", ""medium"": ""Water"", ""low"": ""Food""}"
94-0_agent_2_desire,94-0,agent_2,"{'High': 'Food', 'Medium': 'Water', 'Low': 'Firewood'}","{'high': 'Firewood', 'medium': 'Food', 'low': 'Water'}",0,"{""high"": ""Firewood"", ""medium"": ""Food"", ""low"": ""Water""}"
94-1_agent_1_desire,94-1,agent_1,"{'Low': 'Food', 'Medium': 'Water', 'High': 'Firewood'}","{'high': 'Firewood', 'medium': 'Food', 'low': 'Water'}",0,"{""high"": ""Firewood"", ""medium"": ""Food"", ""low"": ""Water""}"
94-1_agent_2_desire,94-1,agent_2,"{'High': 'Food', 'Medium': 'Water', 'Low': 'Firewood'}","{'high': 'Firewood', 'medium': 'Food', 'low': 'Water'}",0,"{""high"": ""Firewood"", ""medium"": ""Food"", ""low"": ""Water""}"
94-2_agent_1_desire,94-2,agent_1,"{'Low': 'Food', 'Medium': 'Water', 'High': 'Firewood'}","{'high': 'water', 'medium': 'firewood', 'low': 'food'}",0,"{""high"": ""water"", ""medium"": ""firewood"", ""low"": ""food""}"
94-2_agent_2_desire,94-2,agent_2,"{'High': 'Food', 'Medium': 'Water', 'Low': 'Firewood'}","{'high': 'water', 'medium': 'firewood', 'low': 'food'}",0,"{""high"": ""water"", ""medium"": ""firewood"", ""low"": ""food""}"
94-3_agent_1_desire,94-3,agent_1,"{'Low': 'Food', 'Medium': 'Water', 'High': 'Firewood'}","{'high': 'water', 'medium': 'firewood', 'low': 'food'}",0,"{""high"": ""water"", ""medium"": ""firewood"", ""low"": ""food""}"
94-3_agent_2_desire,94-3,agent_2,"{'High': 'Food', 'Medium': 'Water', 'Low': 'Firewood'}","{'high': 'water', 'medium': 'firewood', 'low': 'food'}",0,"{""high"": ""water"", ""medium"": ""firewood"", ""low"": ""food""}"
94-4_agent_1_desire,94-4,agent_1,"{'Low': 'Food', 'Medium': 'Water', 'High': 'Firewood'}","{'high': 'firewood', 'medium': 'water', 'low': 'food'}",1,"{""high"": ""firewood"", ""medium"": ""water"", ""low"": ""food""}"
94-4_agent_2_desire,94-4,agent_2,"{'High': 'Food', 'Medium': 'Water', 'Low': 'Firewood'}","{'high': 'food', 'medium': 'water', 'low': 'firewood'}",1,"{""high"": ""food"", ""medium"": ""water"", ""low"": ""firewood""}"
94-5_agent_1_desire,94-5,agent_1,"{'Low': 'Food', 'Medium': 'Water', 'High': 'Firewood'}","{'high': 'firewood', 'medium': 'water', 'low': 'food'}",1,"{""high"": ""firewood"", ""medium"": ""water"", ""low"": ""food""}"
94-5_agent_2_desire,94-5,agent_2,"{'High': 'Food', 'Medium': 'Water', 'Low': 'Firewood'}","{'high': 'food', 'medium': 'water', 'low': 'firewood'}",1,"{""high"": ""food"", ""medium"": ""water"", ""low"": ""firewood""}"
95-0_agent_1_desire,95-0,agent_1,"{'Low': 'Food', 'High': 'Water', 'Medium': 'Firewood'}","{'high': 'Water', 'medium': 'Food', 'low': 'Firewood'}",0,"{""high"": ""Water"", ""medium"": ""Food"", ""low"": ""Firewood""}"
95-0_agent_2_desire,95-0,agent_2,"{'Low': 'Food', 'High': 'Water', 'Medium': 'Firewood'}","{'high': 'Water', 'medium': 'Food', 'low': 'Firewood'}",0,"{""high"": ""Water"", ""medium"": ""Food"", ""low"": ""Firewood""}"
95-1_agent_1_desire,95-1,agent_1,"{'Low': 'Food', 'High': 'Water', 'Medium': 'Firewood'}","{'high': 'Water', 'medium': 'Firewood', 'low': 'Food'}",1,"{""high"": ""Water"", ""medium"": ""Firewood"", ""low"": ""Food""}"
95-1_agent_2_desire,95-1,agent_2,"{'Low': 'Food', 'High': 'Water', 'Medium': 'Firewood'}","{'high': 'Water', 'medium': 'Firewood', 'low': 'Food'}",1,"{""high"": ""Water"", ""medium"": ""Firewood"", ""low"": ""Food""}"
95-2_agent_1_desire,95-2,agent_1,"{'Low': 'Food', 'High': 'Water', 'Medium': 'Firewood'}","{'high': 'water', 'medium': 'food', 'low': 'firewood'}",0,"{""high"": ""water"", ""medium"": ""food"", ""low"": ""firewood""}"
95-2_agent_2_desire,95-2,agent_2,"{'Low': 'Food', 'High': 'Water', 'Medium': 'Firewood'}","{'high': 'water', 'medium': 'firewood', 'low': 'food'}",1,"{""high"": ""water"", ""medium"": ""firewood"", ""low"": ""food""}"
95-3_agent_1_desire,95-3,agent_1,"{'Low': 'Food', 'High': 'Water', 'Medium': 'Firewood'}","{'high': 'water', 'medium': 'food', 'low': 'firewood'}",0,"{""high"": ""water"", ""medium"": ""food"", ""low"": ""firewood""}"
95-3_agent_2_desire,95-3,agent_2,"{'Low': 'Food', 'High': 'Water', 'Medium': 'Firewood'}","{'high': 'water', 'medium': 'food', 'low': 'firewood'}",0,"{""high"": ""water"", ""medium"": ""food"", ""low"": ""firewood""}"
95-4_agent_1_desire,95-4,agent_1,"{'Low': 'Food', 'High': 'Water', 'Medium': 'Firewood'}","{'high': 'water', 'medium': 'food', 'low': 'firewood'}",0,"{""high"": ""water"", ""medium"": ""food"", ""low"": ""firewood""}"
95-4_agent_2_desire,95-4,agent_2,"{'Low': 'Food', 'High': 'Water', 'Medium': 'Firewood'}","{'high': 'water', 'medium': 'firewood', 'low': 'food'}",1,"{""high"": ""water"", ""medium"": ""firewood"", ""low"": ""food""}"
95-5_agent_1_desire,95-5,agent_1,"{'Low': 'Food', 'High': 'Water', 'Medium': 'Firewood'}","{'high': 'Water', 'medium': 'Food', 'low': 'Firewood'}",0,"{""high"": ""Water"", ""medium"": ""Food"", ""low"": ""Firewood""}"
95-5_agent_2_desire,95-5,agent_2,"{'Low': 'Food', 'High': 'Water', 'Medium': 'Firewood'}","{'high': 'water', 'medium': 'firewood', 'low': 'food'}",1,"{""high"": ""water"", ""medium"": ""firewood"", ""low"": ""food""}"
95-6_agent_1_desire,95-6,agent_1,"{'Low': 'Food', 'High': 'Water', 'Medium': 'Firewood'}","{'high': 'Water', 'medium': 'Firewood', 'low': 'Food'}",1,"{""high"": ""Water"", ""medium"": ""Firewood"", ""low"": ""Food""}"
95-6_agent_2_desire,95-6,agent_2,"{'Low': 'Food', 'High': 'Water', 'Medium': 'Firewood'}","{'high': 'water', 'medium': 'firewood', 'low': 'food'}",1,"{""high"": ""water"", ""medium"": ""firewood"", ""low"": ""food""}"
95-7_agent_1_desire,95-7,agent_1,"{'Low': 'Food', 'High': 'Water', 'Medium': 'Firewood'}","{'high': 'Water', 'medium': 'Firewood', 'low': 'Food'}",1,"{""high"": ""Water"", ""medium"": ""Firewood"", ""low"": ""Food""}"
95-7_agent_2_desire,95-7,agent_2,"{'Low': 'Food', 'High': 'Water', 'Medium': 'Firewood'}","{'high': 'water', 'medium': 'firewood', 'low': 'food'}",1,"{""high"": ""water"", ""medium"": ""firewood"", ""low"": ""food""}"
96-0_agent_1_desire,96-0,agent_1,"{'Medium': 'Food', 'High': 'Water', 'Low': 'Firewood'}","{'high': 'Food', 'medium': 'Water', 'low': 'Firewood'}",0,"{""high"": ""Food"", ""medium"": ""Water"", ""low"": ""Firewood""}"
96-0_agent_2_desire,96-0,agent_2,"{'Medium': 'Food', 'High': 'Water', 'Low': 'Firewood'}","{'high': 'Water', 'medium': 'Food', 'low': 'Firewood'}",1,"{""high"": ""Water"", ""medium"": ""Food"", ""low"": ""Firewood""}"
96-1_agent_1_desire,96-1,agent_1,"{'Medium': 'Food', 'High': 'Water', 'Low': 'Firewood'}","{'high': 'Water', 'medium': 'Food', 'low': 'Firewood'}",1,"{""high"": ""Water"", ""medium"": ""Food"", ""low"": ""Firewood""}"
96-1_agent_2_desire,96-1,agent_2,"{'Medium': 'Food', 'High': 'Water', 'Low': 'Firewood'}","{'high': 'Water', 'medium': 'Food', 'low': 'Firewood'}",1,"{""high"": ""Water"", ""medium"": ""Food"", ""low"": ""Firewood""}"
96-2_agent_1_desire,96-2,agent_1,"{'Medium': 'Food', 'High': 'Water', 'Low': 'Firewood'}","{'high': 'Water', 'medium': 'Food', 'low': 'Firewood'}",1,"{""high"": ""Water"", ""medium"": ""Food"", ""low"": ""Firewood""}"
96-2_agent_2_desire,96-2,agent_2,"{'Medium': 'Food', 'High': 'Water', 'Low': 'Firewood'}","{'high': 'water', 'medium': 'food', 'low': 'firewood'}",1,"{""high"": ""water"", ""medium"": ""food"", ""low"": ""firewood""}"
96-3_agent_1_desire,96-3,agent_1,"{'Medium': 'Food', 'High': 'Water', 'Low': 'Firewood'}","{'high': 'Water', 'medium': 'Food', 'low': 'Firewood'}",1,"{""high"": ""Water"", ""medium"": ""Food"", ""low"": ""Firewood""}"
96-3_agent_2_desire,96-3,agent_2,"{'Medium': 'Food', 'High': 'Water', 'Low': 'Firewood'}","{'high': 'water', 'medium': 'food', 'low': 'firewood'}",1,"{""high"": ""water"", ""medium"": ""food"", ""low"": ""firewood""}"
96-4_agent_1_desire,96-4,agent_1,"{'Medium': 'Food', 'High': 'Water', 'Low': 'Firewood'}","{'high': 'water', 'medium': 'firewood', 'low': 'food'}",0,"{""high"": ""water"", ""medium"": ""firewood"", ""low"": ""food""}"
96-4_agent_2_desire,96-4,agent_2,"{'Medium': 'Food', 'High': 'Water', 'Low': 'Firewood'}","{'high': 'water', 'medium': 'food', 'low': 'firewood'}",1,"{""high"": ""water"", ""medium"": ""food"", ""low"": ""firewood""}"
97-0_agent_1_desire,97-0,agent_1,"{'High': 'Food', 'Low': 'Water', 'Medium': 'Firewood'}","{'high': 'Food', 'medium': 'Water', 'low': 'Firewood'}",0,"{""high"": ""Food"", ""medium"": ""Water"", ""low"": ""Firewood""}"
97-0_agent_2_desire,97-0,agent_2,"{'High': 'Food', 'Low': 'Water', 'Medium': 'Firewood'}","{'high': 'Water', 'medium': 'Food', 'low': 'Firewood'}",0,"{""high"": ""Water"", ""medium"": ""Food"", ""low"": ""Firewood""}"
97-1_agent_1_desire,97-1,agent_1,"{'High': 'Food', 'Low': 'Water', 'Medium': 'Firewood'}","{'high': 'Food', 'medium': 'Water', 'low': 'Firewood'}",0,"{""high"": ""Food"", ""medium"": ""Water"", ""low"": ""Firewood""}"
97-1_agent_2_desire,97-1,agent_2,"{'High': 'Food', 'Low': 'Water', 'Medium': 'Firewood'}","{'high': 'Food', 'medium': 'Water', 'low': 'Firewood'}",0,"{""high"": ""Food"", ""medium"": ""Water"", ""low"": ""Firewood""}"
97-2_agent_1_desire,97-2,agent_1,"{'High': 'Food', 'Low': 'Water', 'Medium': 'Firewood'}","{'high': 'Water', 'medium': 'Firewood', 'low': 'Food'}",0,"{""high"": ""Water"", ""medium"": ""Firewood"", ""low"": ""Food""}"
97-2_agent_2_desire,97-2,agent_2,"{'High': 'Food', 'Low': 'Water', 'Medium': 'Firewood'}","{'high': 'Food', 'medium': 'Water', 'low': 'Firewood'}",0,"{""high"": ""Food"", ""medium"": ""Water"", ""low"": ""Firewood""}"
97-3_agent_1_desire,97-3,agent_1,"{'High': 'Food', 'Low': 'Water', 'Medium': 'Firewood'}","{'high': 'Food', 'medium': 'Water', 'low': 'Firewood'}",0,"{""high"": ""Food"", ""medium"": ""Water"", ""low"": ""Firewood""}"
97-3_agent_2_desire,97-3,agent_2,"{'High': 'Food', 'Low': 'Water', 'Medium': 'Firewood'}","{'high': 'Food', 'medium': 'Water', 'low': 'Firewood'}",0,"{""high"": ""Food"", ""medium"": ""Water"", ""low"": ""Firewood""}"
97-4_agent_1_desire,97-4,agent_1,"{'High': 'Food', 'Low': 'Water', 'Medium': 'Firewood'}","{'high': 'firewood', 'medium': 'food', 'low': 'water'}",0,"{""high"": ""firewood"", ""medium"": ""food"", ""low"": ""water""}"
97-4_agent_2_desire,97-4,agent_2,"{'High': 'Food', 'Low': 'Water', 'Medium': 'Firewood'}","{'high': 'Food', 'medium': 'Firewood', 'low': 'Water'}",1,"{""high"": ""Food"", ""medium"": ""Firewood"", ""low"": ""Water""}"
97-5_agent_1_desire,97-5,agent_1,"{'High': 'Food', 'Low': 'Water', 'Medium': 'Firewood'}","{'high': 'Food', 'medium': 'Water', 'low': 'Firewood'}",0,"{""high"": ""Food"", ""medium"": ""Water"", ""low"": ""Firewood""}"
97-5_agent_2_desire,97-5,agent_2,"{'High': 'Food', 'Low': 'Water', 'Medium': 'Firewood'}","{'high': 'Food', 'medium': 'Water', 'low': 'Firewood'}",0,"{""high"": ""Food"", ""medium"": ""Water"", ""low"": ""Firewood""}"
97-6_agent_1_desire,97-6,agent_1,"{'High': 'Food', 'Low': 'Water', 'Medium': 'Firewood'}","{'high': 'Food', 'medium': 'Water', 'low': 'Firewood'}",0,"{""high"": ""Food"", ""medium"": ""Water"", ""low"": ""Firewood""}"
97-6_agent_2_desire,97-6,agent_2,"{'High': 'Food', 'Low': 'Water', 'Medium': 'Firewood'}","{'high': 'Food', 'medium': 'Water', 'low': 'Firewood'}",0,"{""high"": ""Food"", ""medium"": ""Water"", ""low"": ""Firewood""}"
97-7_agent_1_desire,97-7,agent_1,"{'High': 'Food', 'Low': 'Water', 'Medium': 'Firewood'}","{'high': 'firewood', 'medium': 'food', 'low': 'water'}",0,"{""high"": ""firewood"", ""medium"": ""food"", ""low"": ""water""}"
97-7_agent_2_desire,97-7,agent_2,"{'High': 'Food', 'Low': 'Water', 'Medium': 'Firewood'}","{'high': 'Food', 'medium': 'Water', 'low': 'Firewood'}",0,"{""high"": ""Food"", ""medium"": ""Water"", ""low"": ""Firewood""}"
97-8_agent_1_desire,97-8,agent_1,"{'High': 'Food', 'Low': 'Water', 'Medium': 'Firewood'}","{'high': 'firewood', 'medium': 'food', 'low': 'water'}",0,"{""high"": ""firewood"", ""medium"": ""food"", ""low"": ""water""}"
97-8_agent_2_desire,97-8,agent_2,"{'High': 'Food', 'Low': 'Water', 'Medium': 'Firewood'}","{'high': 'Food', 'medium': 'Water', 'low': 'Firewood'}",0,"{""high"": ""Food"", ""medium"": ""Water"", ""low"": ""Firewood""}"
97-9_agent_1_desire,97-9,agent_1,"{'High': 'Food', 'Low': 'Water', 'Medium': 'Firewood'}","{'high': 'Firewood', 'medium': 'Food', 'low': 'Water'}",0,"{""high"": ""Firewood"", ""medium"": ""Food"", ""low"": ""Water""}"
97-9_agent_2_desire,97-9,agent_2,"{'High': 'Food', 'Low': 'Water', 'Medium': 'Firewood'}","{'high': 'Food', 'medium': 'Water', 'low': 'Firewood'}",0,"{""high"": ""Food"", ""medium"": ""Water"", ""low"": ""Firewood""}"
98-0_agent_1_desire,98-0,agent_1,"{'Low': 'Food', 'High': 'Water', 'Medium': 'Firewood'}","{'high': 'Food', 'medium': 'Water', 'low': 'Firewood'}",0,"{""high"": ""Food"", ""medium"": ""Water"", ""low"": ""Firewood""}"
98-0_agent_2_desire,98-0,agent_2,"{'Low': 'Food', 'Medium': 'Water', 'High': 'Firewood'}","{'high': 'Water', 'medium': 'Food', 'low': 'Firewood'}",0,"{""high"": ""Water"", ""medium"": ""Food"", ""low"": ""Firewood""}"
98-1_agent_1_desire,98-1,agent_1,"{'Low': 'Food', 'High': 'Water', 'Medium': 'Firewood'}","{'high': 'Water', 'medium': 'Food', 'low': 'Firewood'}",0,"{""high"": ""Water"", ""medium"": ""Food"", ""low"": ""Firewood""}"
98-1_agent_2_desire,98-1,agent_2,"{'Low': 'Food', 'Medium': 'Water', 'High': 'Firewood'}","{'high': 'Water', 'medium': 'Food', 'low': 'Firewood'}",0,"{""high"": ""Water"", ""medium"": ""Food"", ""low"": ""Firewood""}"
98-2_agent_1_desire,98-2,agent_1,"{'Low': 'Food', 'High': 'Water', 'Medium': 'Firewood'}","{'high': 'firewood', 'medium': 'water', 'low': 'food'}",0,"{""high"": ""firewood"", ""medium"": ""water"", ""low"": ""food""}"
98-2_agent_2_desire,98-2,agent_2,"{'Low': 'Food', 'Medium': 'Water', 'High': 'Firewood'}","{'high': 'Firewood', 'medium': 'Water', 'low': 'Food'}",1,"{""high"": ""Firewood"", ""medium"": ""Water"", ""low"": ""Food""}"
98-3_agent_1_desire,98-3,agent_1,"{'Low': 'Food', 'High': 'Water', 'Medium': 'Firewood'}","{'high': 'Water', 'medium': 'Firewood', 'low': 'Food'}",1,"{""high"": ""Water"", ""medium"": ""Firewood"", ""low"": ""Food""}"
98-3_agent_2_desire,98-3,agent_2,"{'Low': 'Food', 'Medium': 'Water', 'High': 'Firewood'}","{'high': 'Firewood', 'medium': 'Water', 'low': 'Food'}",1,"{""high"": ""Firewood"", ""medium"": ""Water"", ""low"": ""Food""}"
98-4_agent_1_desire,98-4,agent_1,"{'Low': 'Food', 'High': 'Water', 'Medium': 'Firewood'}","{'high': 'Water', 'medium': 'Firewood', 'low': 'Food'}",1,"{""high"": ""Water"", ""medium"": ""Firewood"", ""low"": ""Food""}"
98-4_agent_2_desire,98-4,agent_2,"{'Low': 'Food', 'Medium': 'Water', 'High': 'Firewood'}","{'high': 'Water', 'medium': 'Firewood', 'low': 'Food'}",0,"{""high"": ""Water"", ""medium"": ""Firewood"", ""low"": ""Food""}"
98-5_agent_1_desire,98-5,agent_1,"{'Low': 'Food', 'High': 'Water', 'Medium': 'Firewood'}","{'high': 'water', 'medium': 'food', 'low': 'firewood'}",0,"{""high"": ""water"", ""medium"": ""food"", ""low"": ""firewood""}"
98-5_agent_2_desire,98-5,agent_2,"{'Low': 'Food', 'Medium': 'Water', 'High': 'Firewood'}","{'high': 'firewood', 'medium': 'water', 'low': 'food'}",1,"{""high"": ""firewood"", ""medium"": ""water"", ""low"": ""food""}"
99-0_agent_1_desire,99-0,agent_1,"{'High': 'Food', 'Low': 'Water', 'Medium': 'Firewood'}","{'high': 'Firewood', 'medium': 'Water', 'low': 'Food'}",0,"{""high"": ""Firewood"", ""medium"": ""Water"", ""low"": ""Food""}"
99-0_agent_2_desire,99-0,agent_2,"{'Low': 'Food', 'Medium': 'Water', 'High': 'Firewood'}","{'high': 'Firewood', 'medium': 'Water', 'low': 'Food'}",1,"{""high"": ""Firewood"", ""medium"": ""Water"", ""low"": ""Food""}"
99-1_agent_1_desire,99-1,agent_1,"{'High': 'Food', 'Low': 'Water', 'Medium': 'Firewood'}","{'high': 'Food', 'medium': 'Water', 'low': 'Firewood'}",0,"{""high"": ""Food"", ""medium"": ""Water"", ""low"": ""Firewood""}"
99-1_agent_2_desire,99-1,agent_2,"{'Low': 'Food', 'Medium': 'Water', 'High': 'Firewood'}","{'high': 'Food', 'medium': 'Water', 'low': 'Firewood'}",0,"{""high"": ""Food"", ""medium"": ""Water"", ""low"": ""Firewood""}"
99-2_agent_1_desire,99-2,agent_1,"{'High': 'Food', 'Low': 'Water', 'Medium': 'Firewood'}","{'high': 'food', 'medium': 'water', 'low': 'firewood'}",0,"{""high"": ""food"", ""medium"": ""water"", ""low"": ""firewood""}"
99-2_agent_2_desire,99-2,agent_2,"{'Low': 'Food', 'Medium': 'Water', 'High': 'Firewood'}","{'high': 'firewood', 'medium': 'water', 'low': 'food'}",1,"{""high"": ""firewood"", ""medium"": ""water"", ""low"": ""food""}"
99-3_agent_1_desire,99-3,agent_1,"{'High': 'Food', 'Low': 'Water', 'Medium': 'Firewood'}","{'high': 'food', 'medium': 'firewood', 'low': 'water'}",1,"{""high"": ""food"", ""medium"": ""firewood"", ""low"": ""water""}"
99-3_agent_2_desire,99-3,agent_2,"{'Low': 'Food', 'Medium': 'Water', 'High': 'Firewood'}","{'high': 'firewood', 'medium': 'water', 'low': 'food'}",1,"{""high"": ""firewood"", ""medium"": ""water"", ""low"": ""food""}"
99-4_agent_1_desire,99-4,agent_1,"{'High': 'Food', 'Low': 'Water', 'Medium': 'Firewood'}","{'high': 'food', 'medium': 'firewood', 'low': 'water'}",1,"{""high"": ""food"", ""medium"": ""firewood"", ""low"": ""water""}"
99-4_agent_2_desire,99-4,agent_2,"{'Low': 'Food', 'Medium': 'Water', 'High': 'Firewood'}","{'high': 'firewood', 'medium': 'water', 'low': 'food'}",1,"{""high"": ""firewood"", ""medium"": ""water"", ""low"": ""food""}"
99-5_agent_1_desire,99-5,agent_1,"{'High': 'Food', 'Low': 'Water', 'Medium': 'Firewood'}","{'high': 'food', 'medium': 'firewood', 'low': 'water'}",1,"{""high"": ""food"", ""medium"": ""firewood"", ""low"": ""water""}"
99-5_agent_2_desire,99-5,agent_2,"{'Low': 'Food', 'Medium': 'Water', 'High': 'Firewood'}","{'high': 'firewood', 'medium': 'water', 'low': 'food'}",1,"{""high"": ""firewood"", ""medium"": ""water"", ""low"": ""food""}"
100-0_agent_1_desire,100-0,agent_1,"{'Low': 'Food', 'Medium': 'Water', 'High': 'Firewood'}","{'high': 'Food', 'medium': 'Water', 'low': 'Firewood'}",0,"{""high"":""Food"",""medium"":""Water"",""low"":""Firewood""}"
100-0_agent_2_desire,100-0,agent_2,"{'Medium': 'Food', 'High': 'Water', 'Low': 'Firewood'}","{'high': 'Food', 'medium': 'Water', 'low': 'Firewood'}",0,"{""high"": ""Food"", ""medium"": ""Water"", ""low"": ""Firewood""}"
100-1_agent_1_desire,100-1,agent_1,"{'Low': 'Food', 'Medium': 'Water', 'High': 'Firewood'}","{'high': 'firewood', 'medium': 'food', 'low': 'water'}",0,"{""high"": ""firewood"", ""medium"": ""food"", ""low"": ""water""}"
100-1_agent_2_desire,100-1,agent_2,"{'Medium': 'Food', 'High': 'Water', 'Low': 'Firewood'}","{'high': 'Food', 'medium': 'Water', 'low': 'Firewood'}",0,"{""high"": ""Food"", ""medium"": ""Water"", ""low"": ""Firewood""}"
100-2_agent_1_desire,100-2,agent_1,"{'Low': 'Food', 'Medium': 'Water', 'High': 'Firewood'}","{'high': 'firewood', 'medium': 'water', 'low': 'food'}",1,"{""high"": ""firewood"", ""medium"": ""water"", ""low"": ""food""}"
100-2_agent_2_desire,100-2,agent_2,"{'Medium': 'Food', 'High': 'Water', 'Low': 'Firewood'}","{'high': 'Water', 'medium': 'Food', 'low': 'Firewood'}",1,"{""high"": ""Water"", ""medium"": ""Food"", ""low"": ""Firewood""}"
100-3_agent_1_desire,100-3,agent_1,"{'Low': 'Food', 'Medium': 'Water', 'High': 'Firewood'}","{'high': 'Water', 'medium': 'Firewood', 'low': 'Food'}",0,"{""high"": ""Water"", ""medium"": ""Firewood"", ""low"": ""Food""}"
100-3_agent_2_desire,100-3,agent_2,"{'Medium': 'Food', 'High': 'Water', 'Low': 'Firewood'}","{'high': 'Water', 'medium': 'Food', 'low': 'Firewood'}",1,"{""high"": ""Water"", ""medium"": ""Food"", ""low"": ""Firewood""}"
100-4_agent_1_desire,100-4,agent_1,"{'Low': 'Food', 'Medium': 'Water', 'High': 'Firewood'}","{'high': 'firewood', 'medium': 'water', 'low': 'food'}",1,"{""high"": ""firewood"", ""medium"": ""water"", ""low"": ""food""}"
100-4_agent_2_desire,100-4,agent_2,"{'Medium': 'Food', 'High': 'Water', 'Low': 'Firewood'}","{'high': 'water', 'medium': 'food', 'low': 'firewood'}",1,"{""high"": ""water"", ""medium"": ""food"", ""low"": ""firewood""}"
100-5_agent_1_desire,100-5,agent_1,"{'Low': 'Food', 'Medium': 'Water', 'High': 'Firewood'}","{'high': 'water', 'medium': 'food', 'low': 'firewood'}",0,"{""high"": ""water"", ""medium"": ""food"", ""low"": ""firewood""}"
100-5_agent_2_desire,100-5,agent_2,"{'Medium': 'Food', 'High': 'Water', 'Low': 'Firewood'}","{'high': 'water', 'medium': 'food', 'low': 'firewood'}",1,"{""high"": ""water"", ""medium"": ""food"", ""low"": ""firewood""}"
101-0_agent_1_desire,101-0,agent_1,"{'Medium': 'Food', 'Low': 'Water', 'High': 'Firewood'}","{'high': 'firewood', 'medium': 'food', 'low': 'water'}",1,"{""high"": ""firewood"", ""medium"": ""food"", ""low"": ""water""}"
101-0_agent_2_desire,101-0,agent_2,"{'Medium': 'Food', 'Low': 'Water', 'High': 'Firewood'}","{'high': 'firewood', 'medium': 'food', 'low': 'water'}",1,"{""high"": ""firewood"", ""medium"": ""food"", ""low"": ""water""}"
101-1_agent_1_desire,101-1,agent_1,"{'Medium': 'Food', 'Low': 'Water', 'High': 'Firewood'}","{'high': 'firewood', 'medium': 'food', 'low': 'water'}",1,"{""high"": ""firewood"", ""medium"": ""food"", ""low"": ""water""}"
101-1_agent_2_desire,101-1,agent_2,"{'Medium': 'Food', 'Low': 'Water', 'High': 'Firewood'}","{'high': 'firewood', 'medium': 'food', 'low': 'water'}",1,"{""high"": ""firewood"", ""medium"": ""food"", ""low"": ""water""}"
101-2_agent_1_desire,101-2,agent_1,"{'Medium': 'Food', 'Low': 'Water', 'High': 'Firewood'}","{'high': 'firewood', 'medium': 'food', 'low': 'water'}",1,"{""high"": ""firewood"", ""medium"": ""food"", ""low"": ""water""}"
101-2_agent_2_desire,101-2,agent_2,"{'Medium': 'Food', 'Low': 'Water', 'High': 'Firewood'}","{'high': 'firewood', 'medium': 'food', 'low': 'water'}",1,"{""high"": ""firewood"", ""medium"": ""food"", ""low"": ""water""}"
101-3_agent_1_desire,101-3,agent_1,"{'Medium': 'Food', 'Low': 'Water', 'High': 'Firewood'}","{'high': 'food', 'medium': 'firewood', 'low': 'water'}",0,"{""high"": ""food"", ""medium"": ""firewood"", ""low"": ""water""}"
101-3_agent_2_desire,101-3,agent_2,"{'Medium': 'Food', 'Low': 'Water', 'High': 'Firewood'}","{'high': 'firewood', 'medium': 'food', 'low': 'water'}",1,"{""high"": ""firewood"", ""medium"": ""food"", ""low"": ""water""}"
101-4_agent_1_desire,101-4,agent_1,"{'Medium': 'Food', 'Low': 'Water', 'High': 'Firewood'}","{'high': 'food', 'medium': 'firewood', 'low': 'water'}",0,"{""high"": ""food"", ""medium"": ""firewood"", ""low"": ""water""}"
101-4_agent_2_desire,101-4,agent_2,"{'Medium': 'Food', 'Low': 'Water', 'High': 'Firewood'}","{'high': 'firewood', 'medium': 'food', 'low': 'water'}",1,"{""high"": ""firewood"", ""medium"": ""food"", ""low"": ""water""}"
101-5_agent_1_desire,101-5,agent_1,"{'Medium': 'Food', 'Low': 'Water', 'High': 'Firewood'}","{'high': 'food', 'medium': 'firewood', 'low': 'water'}",0,"{""high"": ""food"", ""medium"": ""firewood"", ""low"": ""water""}"
101-5_agent_2_desire,101-5,agent_2,"{'Medium': 'Food', 'Low': 'Water', 'High': 'Firewood'}","{'high': 'firewood', 'medium': 'food', 'low': 'water'}",1,"{""high"": ""firewood"", ""medium"": ""food"", ""low"": ""water""}"
102-0_agent_1_desire,102-0,agent_1,"{'High': 'Food', 'Low': 'Water', 'Medium': 'Firewood'}","{'high': 'Water', 'medium': 'Food', 'low': 'Firewood'}",0,"{""high"": ""Water"", ""medium"": ""Food"", ""low"": ""Firewood""}"
102-0_agent_2_desire,102-0,agent_2,"{'High': 'Food', 'Low': 'Water', 'Medium': 'Firewood'}","{'high': 'Water', 'medium': 'Food', 'low': 'Firewood'}",0,"{""high"": ""Water"", ""medium"": ""Food"", ""low"": ""Firewood""}"
102-1_agent_1_desire,102-1,agent_1,"{'High': 'Food', 'Low': 'Water', 'Medium': 'Firewood'}","{'high': 'Water', 'medium': 'Food', 'low': 'Firewood'}",0,"{""high"": ""Water"", ""medium"": ""Food"", ""low"": ""Firewood""}"
102-1_agent_2_desire,102-1,agent_2,"{'High': 'Food', 'Low': 'Water', 'Medium': 'Firewood'}","{'high': 'Water', 'medium': 'Food', 'low': 'Firewood'}",0,"{""high"": ""Water"", ""medium"": ""Food"", ""low"": ""Firewood""}"
102-2_agent_1_desire,102-2,agent_1,"{'High': 'Food', 'Low': 'Water', 'Medium': 'Firewood'}","{'high': 'Food', 'medium': 'Firewood', 'low': 'Water'}",1,"{""high"": ""Food"", ""medium"": ""Firewood"", ""low"": ""Water""}"
102-2_agent_2_desire,102-2,agent_2,"{'High': 'Food', 'Low': 'Water', 'Medium': 'Firewood'}","{'high': 'Food', 'medium': 'Firewood', 'low': 'Water'}",1,"{""high"": ""Food"", ""medium"": ""Firewood"", ""low"": ""Water""}"
102-3_agent_1_desire,102-3,agent_1,"{'High': 'Food', 'Low': 'Water', 'Medium': 'Firewood'}","{'high': 'Food', 'medium': 'Firewood', 'low': 'Water'}",1,"{""high"": ""Food"", ""medium"": ""Firewood"", ""low"": ""Water""}"
102-3_agent_2_desire,102-3,agent_2,"{'High': 'Food', 'Low': 'Water', 'Medium': 'Firewood'}","{'high': 'Food', 'medium': 'Water', 'low': 'Firewood'}",0,"{""high"": ""Food"", ""medium"": ""Water"", ""low"": ""Firewood""}"
102-4_agent_1_desire,102-4,agent_1,"{'High': 'Food', 'Low': 'Water', 'Medium': 'Firewood'}","{'high': 'Food', 'medium': 'Firewood', 'low': 'Water'}",1,"{""high"": ""Food"", ""medium"": ""Firewood"", ""low"": ""Water""}"
102-4_agent_2_desire,102-4,agent_2,"{'High': 'Food', 'Low': 'Water', 'Medium': 'Firewood'}","{'high': 'Food', 'medium': 'Water', 'low': 'Firewood'}",0,"{""high"": ""Food"", ""medium"": ""Water"", ""low"": ""Firewood""}"
102-5_agent_1_desire,102-5,agent_1,"{'High': 'Food', 'Low': 'Water', 'Medium': 'Firewood'}","{'high': 'Food', 'medium': 'Firewood', 'low': 'Water'}",1,"{""high"": ""Food"", ""medium"": ""Firewood"", ""low"": ""Water""}"
102-5_agent_2_desire,102-5,agent_2,"{'High': 'Food', 'Low': 'Water', 'Medium': 'Firewood'}","{'high': 'food', 'medium': 'water', 'low': 'firewood'}",0,"{""high"": ""food"", ""medium"": ""water"", ""low"": ""firewood""}"
103-0_agent_1_desire,103-0,agent_1,"{'High': 'Food', 'Medium': 'Water', 'Low': 'Firewood'}","{'high': 'Water', 'medium': 'Food', 'low': 'Firewood'}",0,"{""high"": ""Water"", ""medium"": ""Food"", ""low"": ""Firewood""}"
103-0_agent_2_desire,103-0,agent_2,"{'Medium': 'Food', 'Low': 'Water', 'High': 'Firewood'}","{'high': 'Water', 'medium': 'Food', 'low': 'Firewood'}",0,"{""high"": ""Water"", ""medium"": ""Food"", ""low"": ""Firewood""}"
103-1_agent_1_desire,103-1,agent_1,"{'High': 'Food', 'Medium': 'Water', 'Low': 'Firewood'}","{'high': 'Water', 'medium': 'Food', 'low': 'Firewood'}",0,"{""high"": ""Water"", ""medium"": ""Food"", ""low"": ""Firewood""}"
103-1_agent_2_desire,103-1,agent_2,"{'Medium': 'Food', 'Low': 'Water', 'High': 'Firewood'}","{'high': 'Water', 'medium': 'Food', 'low': 'Firewood'}",0,"{""high"": ""Water"", ""medium"": ""Food"", ""low"": ""Firewood""}"
103-2_agent_1_desire,103-2,agent_1,"{'High': 'Food', 'Medium': 'Water', 'Low': 'Firewood'}","{'high': 'Food', 'medium': 'Water', 'low': 'Firewood'}",1,"{""high"": ""Food"", ""medium"": ""Water"", ""low"": ""Firewood""}"
103-2_agent_2_desire,103-2,agent_2,"{'Medium': 'Food', 'Low': 'Water', 'High': 'Firewood'}","{'high': 'water', 'medium': 'food', 'low': 'firewood'}",0,"{""high"": ""water"", ""medium"": ""food"", ""low"": ""firewood""}"
103-3_agent_1_desire,103-3,agent_1,"{'High': 'Food', 'Medium': 'Water', 'Low': 'Firewood'}","{'high': 'food', 'medium': 'water', 'low': 'firewood'}",1,"{""high"": ""food"", ""medium"": ""water"", ""low"": ""firewood""}"
103-3_agent_2_desire,103-3,agent_2,"{'Medium': 'Food', 'Low': 'Water', 'High': 'Firewood'}","{'high': 'food', 'medium': 'water', 'low': 'firewood'}",0,"{""high"": ""food"", ""medium"": ""water"", ""low"": ""firewood""}"
103-4_agent_1_desire,103-4,agent_1,"{'High': 'Food', 'Medium': 'Water', 'Low': 'Firewood'}","{'high': 'food', 'medium': 'water', 'low': 'firewood'}",1,"{""high"": ""food"", ""medium"": ""water"", ""low"": ""firewood""}"
103-4_agent_2_desire,103-4,agent_2,"{'Medium': 'Food', 'Low': 'Water', 'High': 'Firewood'}","{'high': 'Firewood', 'medium': 'Food', 'low': 'Water'}",1,"{""high"": ""Firewood"", ""medium"": ""Food"", ""low"": ""Water""}"
103-5_agent_1_desire,103-5,agent_1,"{'High': 'Food', 'Medium': 'Water', 'Low': 'Firewood'}","{'high': 'food', 'medium': 'water', 'low': 'firewood'}",1,"{""high"": ""food"", ""medium"": ""water"", ""low"": ""firewood""}"
103-5_agent_2_desire,103-5,agent_2,"{'Medium': 'Food', 'Low': 'Water', 'High': 'Firewood'}","{'high': 'Firewood', 'medium': 'Food', 'low': 'Water'}",1,"{""high"": ""Firewood"", ""medium"": ""Food"", ""low"": ""Water""}"
104-0_agent_1_desire,104-0,agent_1,"{'Medium': 'Food', 'Low': 'Water', 'High': 'Firewood'}","{'high': 'Water', 'medium': 'Food', 'low': 'Firewood'}",0,"{""high"": ""Water"", ""medium"": ""Food"", ""low"": ""Firewood""}"
104-0_agent_2_desire,104-0,agent_2,"{'Low': 'Food', 'Medium': 'Water', 'High': 'Firewood'}","{'high': 'Food', 'medium': 'Water', 'low': 'Firewood'}",0,"{""high"": ""Food"", ""medium"": ""Water"", ""low"": ""Firewood""}"
104-1_agent_1_desire,104-1,agent_1,"{'Medium': 'Food', 'Low': 'Water', 'High': 'Firewood'}","{'high': 'Water', 'medium': 'Food', 'low': 'Firewood'}",0,"{""high"": ""Water"", ""medium"": ""Food"", ""low"": ""Firewood""}"
104-1_agent_2_desire,104-1,agent_2,"{'Low': 'Food', 'Medium': 'Water', 'High': 'Firewood'}","{'high': 'Firewood', 'medium': 'Food', 'low': 'Water'}",0,"{""high"": ""Firewood"", ""medium"": ""Food"", ""low"": ""Water""}"
104-2_agent_1_desire,104-2,agent_1,"{'Medium': 'Food', 'Low': 'Water', 'High': 'Firewood'}","{'high': 'Firewood', 'medium': 'Water', 'low': 'Food'}",0,"{""high"": ""Firewood"", ""medium"": ""Water"", ""low"": ""Food""}"
104-2_agent_2_desire,104-2,agent_2,"{'Low': 'Food', 'Medium': 'Water', 'High': 'Firewood'}","{'high': 'Firewood', 'medium': 'Food', 'low': 'Water'}",0,"{""high"": ""Firewood"", ""medium"": ""Food"", ""low"": ""Water""}"
104-3_agent_1_desire,104-3,agent_1,"{'Medium': 'Food', 'Low': 'Water', 'High': 'Firewood'}","{'high': 'Firewood', 'medium': 'Food', 'low': 'Water'}",1,"{""high"": ""Firewood"", ""medium"": ""Food"", ""low"": ""Water""}"
104-3_agent_2_desire,104-3,agent_2,"{'Low': 'Food', 'Medium': 'Water', 'High': 'Firewood'}","{'high': 'Firewood', 'medium': 'Food', 'low': 'Water'}",0,"{""high"": ""Firewood"", ""medium"": ""Food"", ""low"": ""Water""}"
104-4_agent_1_desire,104-4,agent_1,"{'Medium': 'Food', 'Low': 'Water', 'High': 'Firewood'}","{'high': 'Firewood', 'medium': 'Food', 'low': 'Water'}",1,"{""high"": ""Firewood"", ""medium"": ""Food"", ""low"": ""Water""}"
104-4_agent_2_desire,104-4,agent_2,"{'Low': 'Food', 'Medium': 'Water', 'High': 'Firewood'}","{'high': 'Food', 'medium': 'Water', 'low': 'Firewood'}",0,"{""high"": ""Food"", ""medium"": ""Water"", ""low"": ""Firewood""}"
104-5_agent_1_desire,104-5,agent_1,"{'Medium': 'Food', 'Low': 'Water', 'High': 'Firewood'}","{'high': 'Firewood', 'medium': 'Food', 'low': 'Water'}",1,"{""high"": ""Firewood"", ""medium"": ""Food"", ""low"": ""Water""}"
104-5_agent_2_desire,104-5,agent_2,"{'Low': 'Food', 'Medium': 'Water', 'High': 'Firewood'}","{'high': 'firewood', 'medium': 'water', 'low': 'food'}",1,"{""high"": ""firewood"", ""medium"": ""water"", ""low"": ""food""}"
104-6_agent_1_desire,104-6,agent_1,"{'Medium': 'Food', 'Low': 'Water', 'High': 'Firewood'}","{'high': 'Firewood', 'medium': 'Food', 'low': 'Water'}",1,"{""high"": ""Firewood"", ""medium"": ""Food"", ""low"": ""Water""}"
104-6_agent_2_desire,104-6,agent_2,"{'Low': 'Food', 'Medium': 'Water', 'High': 'Firewood'}","{'high': 'Firewood', 'medium': 'Water', 'low': 'Food'}",1,"{""high"": ""Firewood"", ""medium"": ""Water"", ""low"": ""Food""}"
104-7_agent_1_desire,104-7,agent_1,"{'Medium': 'Food', 'Low': 'Water', 'High': 'Firewood'}","{'high': 'Firewood', 'medium': 'Food', 'low': 'Water'}",1,"{""high"": ""Firewood"", ""medium"": ""Food"", ""low"": ""Water""}"
104-7_agent_2_desire,104-7,agent_2,"{'Low': 'Food', 'Medium': 'Water', 'High': 'Firewood'}","{'high': 'Food', 'medium': 'Water', 'low': 'Firewood'}",0,"{""high"": ""Food"", ""medium"": ""Water"", ""low"": ""Firewood""}"
104-8_agent_1_desire,104-8,agent_1,"{'Medium': 'Food', 'Low': 'Water', 'High': 'Firewood'}","{'high': 'Firewood', 'medium': 'Water', 'low': 'Food'}",0,"{""high"": ""Firewood"", ""medium"": ""Water"", ""low"": ""Food""}"
104-8_agent_2_desire,104-8,agent_2,"{'Low': 'Food', 'Medium': 'Water', 'High': 'Firewood'}","{'high': 'Water', 'medium': 'Food', 'low': 'Firewood'}",0,"{""high"": ""Water"", ""medium"": ""Food"", ""low"": ""Firewood""}"
105-0_agent_1_desire,105-0,agent_1,"{'Medium': 'Food', 'Low': 'Water', 'High': 'Firewood'}","{'high': 'Firewood', 'medium': 'Water', 'low': 'Food'}",0,"{""high"": ""Firewood"", ""medium"": ""Water"", ""low"": ""Food""}"
105-0_agent_2_desire,105-0,agent_2,"{'Medium': 'Food', 'High': 'Water', 'Low': 'Firewood'}","{'high': 'water', 'medium': 'food', 'low': 'firewood'}",1,"{""high"": ""water"", ""medium"": ""food"", ""low"": ""firewood""}"
105-1_agent_1_desire,105-1,agent_1,"{'Medium': 'Food', 'Low': 'Water', 'High': 'Firewood'}","{'high': 'firewood', 'medium': 'water', 'low': 'food'}",0,"{""high"": ""firewood"", ""medium"": ""water"", ""low"": ""food""}"
105-1_agent_2_desire,105-1,agent_2,"{'Medium': 'Food', 'High': 'Water', 'Low': 'Firewood'}","{'high': 'firewood', 'medium': 'water', 'low': 'food'}",0,"{""high"": ""firewood"", ""medium"": ""water"", ""low"": ""food""}"
105-2_agent_1_desire,105-2,agent_1,"{'Medium': 'Food', 'Low': 'Water', 'High': 'Firewood'}","{'high': 'Food', 'medium': 'Firewood', 'low': 'Water'}",0,"{""high"": ""Food"", ""medium"": ""Firewood"", ""low"": ""Water""}"
105-2_agent_2_desire,105-2,agent_2,"{'Medium': 'Food', 'High': 'Water', 'Low': 'Firewood'}","{'high': 'water', 'medium': 'firewood', 'low': 'food'}",0,"{""high"": ""water"", ""medium"": ""firewood"", ""low"": ""food""}"
105-3_agent_1_desire,105-3,agent_1,"{'Medium': 'Food', 'Low': 'Water', 'High': 'Firewood'}","{'high': 'Firewood', 'medium': 'Food', 'low': 'Water'}",1,"{""high"": ""Firewood"", ""medium"": ""Food"", ""low"": ""Water""}"
105-3_agent_2_desire,105-3,agent_2,"{'Medium': 'Food', 'High': 'Water', 'Low': 'Firewood'}","{'high': 'water', 'medium': 'firewood', 'low': 'food'}",0,"{""high"": ""water"", ""medium"": ""firewood"", ""low"": ""food""}"
105-4_agent_1_desire,105-4,agent_1,"{'Medium': 'Food', 'Low': 'Water', 'High': 'Firewood'}","{'high': 'Food', 'medium': 'Firewood', 'low': 'Water'}",0,"{""high"": ""Food"", ""medium"": ""Firewood"", ""low"": ""Water""}"
105-4_agent_2_desire,105-4,agent_2,"{'Medium': 'Food', 'High': 'Water', 'Low': 'Firewood'}","{'high': 'water', 'medium': 'firewood', 'low': 'food'}",0,"{""high"": ""water"", ""medium"": ""firewood"", ""low"": ""food""}"
105-5_agent_1_desire,105-5,agent_1,"{'Medium': 'Food', 'Low': 'Water', 'High': 'Firewood'}","{'high': 'firewood', 'medium': 'food', 'low': 'water'}",1,"{""high"": ""firewood"", ""medium"": ""food"", ""low"": ""water""}"
105-5_agent_2_desire,105-5,agent_2,"{'Medium': 'Food', 'High': 'Water', 'Low': 'Firewood'}","{'high': 'water', 'medium': 'firewood', 'low': 'food'}",0,"{""high"": ""water"", ""medium"": ""firewood"", ""low"": ""food""}"
106-0_agent_1_desire,106-0,agent_1,"{'High': 'Food', 'Low': 'Water', 'Medium': 'Firewood'}","{'high': 'Water', 'medium': 'Food', 'low': 'Firewood'}",0,"{""high"": ""Water"", ""medium"": ""Food"", ""low"": ""Firewood""}"
106-0_agent_2_desire,106-0,agent_2,"{'Medium': 'Food', 'Low': 'Water', 'High': 'Firewood'}","{'high': 'Firewood', 'medium': 'Food', 'low': 'Water'}",1,"{""high"": ""Firewood"", ""medium"": ""Food"", ""low"": ""Water""}"
106-1_agent_1_desire,106-1,agent_1,"{'High': 'Food', 'Low': 'Water', 'Medium': 'Firewood'}","{'high': 'Water', 'medium': 'Food', 'low': 'Firewood'}",0,"{""high"": ""Water"", ""medium"": ""Food"", ""low"": ""Firewood""}"
106-1_agent_2_desire,106-1,agent_2,"{'Medium': 'Food', 'Low': 'Water', 'High': 'Firewood'}","{'high': 'Water', 'medium': 'Food', 'low': 'Firewood'}",0,"{""high"": ""Water"", ""medium"": ""Food"", ""low"": ""Firewood""}"
106-2_agent_1_desire,106-2,agent_1,"{'High': 'Food', 'Low': 'Water', 'Medium': 'Firewood'}","{'high': 'Food', 'medium': 'Firewood', 'low': 'Water'}",1,"{""high"": ""Food"", ""medium"": ""Firewood"", ""low"": ""Water""}"
106-2_agent_2_desire,106-2,agent_2,"{'Medium': 'Food', 'Low': 'Water', 'High': 'Firewood'}","{'high': 'Food', 'medium': 'Firewood', 'low': 'Water'}",0,"{""high"": ""Food"", ""medium"": ""Firewood"", ""low"": ""Water""}"
106-3_agent_1_desire,106-3,agent_1,"{'High': 'Food', 'Low': 'Water', 'Medium': 'Firewood'}","{'high': 'Food', 'medium': 'Firewood', 'low': 'Water'}",1,"{""high"": ""Food"", ""medium"": ""Firewood"", ""low"": ""Water""}"
106-3_agent_2_desire,106-3,agent_2,"{'Medium': 'Food', 'Low': 'Water', 'High': 'Firewood'}","{'high': 'food', 'medium': 'firewood', 'low': 'water'}",0,"{""high"": ""food"", ""medium"": ""firewood"", ""low"": ""water""}"
106-4_agent_1_desire,106-4,agent_1,"{'High': 'Food', 'Low': 'Water', 'Medium': 'Firewood'}","{'high': 'Food', 'medium': 'Firewood', 'low': 'Water'}",1,"{""high"": ""Food"", ""medium"": ""Firewood"", ""low"": ""Water""}"
106-4_agent_2_desire,106-4,agent_2,"{'Medium': 'Food', 'Low': 'Water', 'High': 'Firewood'}","{'high': 'food', 'medium': 'firewood', 'low': 'water'}",0,"{""high"": ""food"", ""medium"": ""firewood"", ""low"": ""water""}"
107-0_agent_1_desire,107-0,agent_1,"{'High': 'Food', 'Medium': 'Water', 'Low': 'Firewood'}","{'high': 'Food', 'medium': 'Water', 'low': 'Firewood'}",1,"{""high"": ""Food"", ""medium"": ""Water"", ""low"": ""Firewood""}"
107-0_agent_2_desire,107-0,agent_2,"{'High': 'Food', 'Low': 'Water', 'Medium': 'Firewood'}","{'high': 'Water', 'medium': 'Food', 'low': 'Firewood'}",0,"{""high"": ""Water"", ""medium"": ""Food"", ""low"": ""Firewood""}"
107-1_agent_1_desire,107-1,agent_1,"{'High': 'Food', 'Medium': 'Water', 'Low': 'Firewood'}","{'high': 'water', 'medium': 'food', 'low': 'firewood'}",0,"{""high"": ""water"", ""medium"": ""food"", ""low"": ""firewood""}"
107-1_agent_2_desire,107-1,agent_2,"{'High': 'Food', 'Low': 'Water', 'Medium': 'Firewood'}","{'high': 'Water', 'medium': 'Food', 'low': 'Firewood'}",0,"{""high"": ""Water"", ""medium"": ""Food"", ""low"": ""Firewood""}"
107-2_agent_1_desire,107-2,agent_1,"{'High': 'Food', 'Medium': 'Water', 'Low': 'Firewood'}","{'high': 'water', 'medium': 'firewood', 'low': 'food'}",0,"{""high"": ""water"", ""medium"": ""firewood"", ""low"": ""food""}"
107-2_agent_2_desire,107-2,agent_2,"{'High': 'Food', 'Low': 'Water', 'Medium': 'Firewood'}","{'high': 'Firewood', 'medium': 'Water', 'low': 'Food'}",0,"{""high"": ""Firewood"", ""medium"": ""Water"", ""low"": ""Food""}"
107-3_agent_1_desire,107-3,agent_1,"{'High': 'Food', 'Medium': 'Water', 'Low': 'Firewood'}","{'high': 'food', 'medium': 'water', 'low': 'firewood'}",1,"{""high"": ""food"", ""medium"": ""water"", ""low"": ""firewood""}"
107-3_agent_2_desire,107-3,agent_2,"{'High': 'Food', 'Low': 'Water', 'Medium': 'Firewood'}","{'high': 'Firewood', 'medium': 'Water', 'low': 'Food'}",0,"{""high"": ""Firewood"", ""medium"": ""Water"", ""low"": ""Food""}"
107-4_agent_1_desire,107-4,agent_1,"{'High': 'Food', 'Medium': 'Water', 'Low': 'Firewood'}","{'high': 'Water', 'medium': 'Firewood', 'low': 'Food'}",0,"{""high"": ""Water"", ""medium"": ""Firewood"", ""low"": ""Food""}"
107-4_agent_2_desire,107-4,agent_2,"{'High': 'Food', 'Low': 'Water', 'Medium': 'Firewood'}","{'high': 'Firewood', 'medium': 'Food', 'low': 'Water'}",0,"{""high"": ""Firewood"", ""medium"": ""Food"", ""low"": ""Water""}"
107-5_agent_1_desire,107-5,agent_1,"{'High': 'Food', 'Medium': 'Water', 'Low': 'Firewood'}","{'high': 'water', 'medium': 'firewood', 'low': 'food'}",0,"{""high"": ""water"", ""medium"": ""firewood"", ""low"": ""food""}"
107-5_agent_2_desire,107-5,agent_2,"{'High': 'Food', 'Low': 'Water', 'Medium': 'Firewood'}","{'high': 'Firewood', 'medium': 'Water', 'low': 'Food'}",0,"{""high"": ""Firewood"", ""medium"": ""Water"", ""low"": ""Food""}"
108-0_agent_1_desire,108-0,agent_1,"{'High': 'Food', 'Medium': 'Water', 'Low': 'Firewood'}","{'high': 'Water', 'medium': 'Food', 'low': 'Firewood'}",0,"{""high"": ""Water"", ""medium"": ""Food"", ""low"": ""Firewood""}"
108-0_agent_2_desire,108-0,agent_2,"{'Low': 'Food', 'Medium': 'Water', 'High': 'Firewood'}","{'high': 'Water', 'medium': 'Food', 'low': 'Firewood'}",0,"{""high"": ""Water"", ""medium"": ""Food"", ""low"": ""Firewood""}"
108-1_agent_1_desire,108-1,agent_1,"{'High': 'Food', 'Medium': 'Water', 'Low': 'Firewood'}","{'high': 'Food', 'medium': 'Water', 'low': 'Firewood'}",1,"{""high"": ""Food"", ""medium"": ""Water"", ""low"": ""Firewood""}"
108-1_agent_2_desire,108-1,agent_2,"{'Low': 'Food', 'Medium': 'Water', 'High': 'Firewood'}","{'high': 'firewood', 'medium': 'water', 'low': 'food'}",1,"{""high"": ""firewood"", ""medium"": ""water"", ""low"": ""food""}"
108-2_agent_1_desire,108-2,agent_1,"{'High': 'Food', 'Medium': 'Water', 'Low': 'Firewood'}","{'high': 'food', 'medium': 'water', 'low': 'firewood'}",1,"{""high"": ""food"", ""medium"": ""water"", ""low"": ""firewood""}"
108-2_agent_2_desire,108-2,agent_2,"{'Low': 'Food', 'Medium': 'Water', 'High': 'Firewood'}","{'high': 'firewood', 'medium': 'water', 'low': 'food'}",1,"{""high"": ""firewood"", ""medium"": ""water"", ""low"": ""food""}"
108-3_agent_1_desire,108-3,agent_1,"{'High': 'Food', 'Medium': 'Water', 'Low': 'Firewood'}","{'high': 'Food', 'medium': 'Water', 'low': 'Firewood'}",1,"{""high"": ""Food"", ""medium"": ""Water"", ""low"": ""Firewood""}"
108-3_agent_2_desire,108-3,agent_2,"{'Low': 'Food', 'Medium': 'Water', 'High': 'Firewood'}","{'high': 'firewood', 'medium': 'water', 'low': 'food'}",1,"{""high"": ""firewood"", ""medium"": ""water"", ""low"": ""food""}"
108-4_agent_1_desire,108-4,agent_1,"{'High': 'Food', 'Medium': 'Water', 'Low': 'Firewood'}","{'high': 'Food', 'medium': 'Water', 'low': 'Firewood'}",1,"{""high"": ""Food"", ""medium"": ""Water"", ""low"": ""Firewood""}"
108-4_agent_2_desire,108-4,agent_2,"{'Low': 'Food', 'Medium': 'Water', 'High': 'Firewood'}","{'high': 'firewood', 'medium': 'water', 'low': 'food'}",1,"{""high"": ""firewood"", ""medium"": ""water"", ""low"": ""food""}"
108-5_agent_1_desire,108-5,agent_1,"{'High': 'Food', 'Medium': 'Water', 'Low': 'Firewood'}","{'high': 'Food', 'medium': 'Water', 'low': 'Firewood'}",1,"{""high"": ""Food"", ""medium"": ""Water"", ""low"": ""Firewood""}"
108-5_agent_2_desire,108-5,agent_2,"{'Low': 'Food', 'Medium': 'Water', 'High': 'Firewood'}","{'high': 'firewood', 'medium': 'water', 'low': 'food'}",1,"{""high"": ""firewood"", ""medium"": ""water"", ""low"": ""food""}"
109-0_agent_1_desire,109-0,agent_1,"{'High': 'Food', 'Low': 'Water', 'Medium': 'Firewood'}","{'high': 'water', 'medium': 'food', 'low': 'firewood'}",0,"{""high"": ""water"", ""medium"": ""food"", ""low"": ""firewood""}"
109-0_agent_2_desire,109-0,agent_2,"{'Medium': 'Food', 'Low': 'Water', 'High': 'Firewood'}","{'high': 'firewood', 'medium': 'food', 'low': 'water'}",1,"{""high"": ""firewood"", ""medium"": ""food"", ""low"": ""water""}"
109-1_agent_1_desire,109-1,agent_1,"{'High': 'Food', 'Low': 'Water', 'Medium': 'Firewood'}","{'high': 'Food', 'medium': 'Water', 'low': 'Firewood'}",0,"{""high"": ""Food"", ""medium"": ""Water"", ""low"": ""Firewood""}"
109-1_agent_2_desire,109-1,agent_2,"{'Medium': 'Food', 'Low': 'Water', 'High': 'Firewood'}","{'high': 'firewood', 'medium': 'food', 'low': 'water'}",1,"{""high"": ""firewood"", ""medium"": ""food"", ""low"": ""water""}"
109-2_agent_1_desire,109-2,agent_1,"{'High': 'Food', 'Low': 'Water', 'Medium': 'Firewood'}","{'high': 'water', 'medium': 'food', 'low': 'firewood'}",0,"{""high"": ""water"", ""medium"": ""food"", ""low"": ""firewood""}"
109-2_agent_2_desire,109-2,agent_2,"{'Medium': 'Food', 'Low': 'Water', 'High': 'Firewood'}","{'high': 'water', 'medium': 'food', 'low': 'firewood'}",0,"{""high"": ""water"", ""medium"": ""food"", ""low"": ""firewood""}"
109-3_agent_1_desire,109-3,agent_1,"{'High': 'Food', 'Low': 'Water', 'Medium': 'Firewood'}","{'high': 'Food', 'medium': 'Water', 'low': 'Firewood'}",0,"{""high"": ""Food"", ""medium"": ""Water"", ""low"": ""Firewood""}"
109-3_agent_2_desire,109-3,agent_2,"{'Medium': 'Food', 'Low': 'Water', 'High': 'Firewood'}","{'high': 'firewood', 'medium': 'food', 'low': 'water'}",1,"{""high"": ""firewood"", ""medium"": ""food"", ""low"": ""water""}"
109-4_agent_1_desire,109-4,agent_1,"{'High': 'Food', 'Low': 'Water', 'Medium': 'Firewood'}","{'high': 'Food', 'medium': 'Firewood', 'low': 'Water'}",1,"{""high"": ""Food"", ""medium"": ""Firewood"", ""low"": ""Water""}"
109-4_agent_2_desire,109-4,agent_2,"{'Medium': 'Food', 'Low': 'Water', 'High': 'Firewood'}","{'high': 'firewood', 'medium': 'food', 'low': 'water'}",1,"{""high"": ""firewood"", ""medium"": ""food"", ""low"": ""water""}"
109-5_agent_1_desire,109-5,agent_1,"{'High': 'Food', 'Low': 'Water', 'Medium': 'Firewood'}","{'high': 'Food', 'medium': 'Firewood', 'low': 'Water'}",1,"{""high"": ""Food"", ""medium"": ""Firewood"", ""low"": ""Water""}"
109-5_agent_2_desire,109-5,agent_2,"{'Medium': 'Food', 'Low': 'Water', 'High': 'Firewood'}","{'high': 'firewood', 'medium': 'food', 'low': 'water'}",1,"{""high"": ""firewood"", ""medium"": ""food"", ""low"": ""water""}"
109-6_agent_1_desire,109-6,agent_1,"{'High': 'Food', 'Low': 'Water', 'Medium': 'Firewood'}","{'high': 'Food', 'medium': 'Firewood', 'low': 'Water'}",1,"{""high"": ""Food"", ""medium"": ""Firewood"", ""low"": ""Water""}"
109-6_agent_2_desire,109-6,agent_2,"{'Medium': 'Food', 'Low': 'Water', 'High': 'Firewood'}","{'high': 'firewood', 'medium': 'food', 'low': 'water'}",1,"{""high"": ""firewood"", ""medium"": ""food"", ""low"": ""water""}"
110-0_agent_1_desire,110-0,agent_1,"{'High': 'Food', 'Low': 'Water', 'Medium': 'Firewood'}","{'high': 'Water', 'medium': 'Food', 'low': 'Firewood'}",0,"{""high"": ""Water"", ""medium"": ""Food"", ""low"": ""Firewood""}"
110-0_agent_2_desire,110-0,agent_2,"{'Medium': 'Food', 'Low': 'Water', 'High': 'Firewood'}","{'high': 'Water', 'medium': 'Food', 'low': 'Firewood'}",0,"{""high"": ""Water"", ""medium"": ""Food"", ""low"": ""Firewood""}"
110-1_agent_1_desire,110-1,agent_1,"{'High': 'Food', 'Low': 'Water', 'Medium': 'Firewood'}","{'high': 'Water', 'medium': 'Food', 'low': 'Firewood'}",0,"{""high"": ""Water"", ""medium"": ""Food"", ""low"": ""Firewood""}"
110-1_agent_2_desire,110-1,agent_2,"{'Medium': 'Food', 'Low': 'Water', 'High': 'Firewood'}","{'high': 'Water', 'medium': 'Food', 'low': 'Firewood'}",0,"{""high"": ""Water"", ""medium"": ""Food"", ""low"": ""Firewood""}"
110-2_agent_1_desire,110-2,agent_1,"{'High': 'Food', 'Low': 'Water', 'Medium': 'Firewood'}","{'high': 'food', 'medium': 'firewood', 'low': 'water'}",1,"{""high"": ""food"", ""medium"": ""firewood"", ""low"": ""water""}"
110-2_agent_2_desire,110-2,agent_2,"{'Medium': 'Food', 'Low': 'Water', 'High': 'Firewood'}","{'high': 'firewood', 'medium': 'food', 'low': 'water'}",1,"{""high"": ""firewood"", ""medium"": ""food"", ""low"": ""water""}"
110-3_agent_1_desire,110-3,agent_1,"{'High': 'Food', 'Low': 'Water', 'Medium': 'Firewood'}","{'high': 'food', 'medium': 'water', 'low': 'firewood'}",0,"{""high"": ""food"", ""medium"": ""water"", ""low"": ""firewood""}"
110-3_agent_2_desire,110-3,agent_2,"{'Medium': 'Food', 'Low': 'Water', 'High': 'Firewood'}","{'high': 'firewood', 'medium': 'food', 'low': 'water'}",1,"{""high"": ""firewood"", ""medium"": ""food"", ""low"": ""water""}"
110-4_agent_1_desire,110-4,agent_1,"{'High': 'Food', 'Low': 'Water', 'Medium': 'Firewood'}","{'high': 'Food', 'medium': 'Firewood', 'low': 'Water'}",1,"{""high"": ""Food"", ""medium"": ""Firewood"", ""low"": ""Water""}"
110-4_agent_2_desire,110-4,agent_2,"{'Medium': 'Food', 'Low': 'Water', 'High': 'Firewood'}","{'high': 'firewood', 'medium': 'food', 'low': 'water'}",1,"{""high"": ""firewood"", ""medium"": ""food"", ""low"": ""water""}"
110-5_agent_1_desire,110-5,agent_1,"{'High': 'Food', 'Low': 'Water', 'Medium': 'Firewood'}","{'high': 'Food', 'medium': 'Firewood', 'low': 'Water'}",1,"{""high"": ""Food"", ""medium"": ""Firewood"", ""low"": ""Water""}"
110-5_agent_2_desire,110-5,agent_2,"{'Medium': 'Food', 'Low': 'Water', 'High': 'Firewood'}","{'high': 'firewood', 'medium': 'food', 'low': 'water'}",1,"{""high"": ""firewood"", ""medium"": ""food"", ""low"": ""water""}"
111-0_agent_1_desire,111-0,agent_1,"{'Medium': 'Food', 'Low': 'Water', 'High': 'Firewood'}","{'high': 'firewood', 'medium': 'food', 'low': 'water'}",1,"{""high"": ""firewood"", ""medium"": ""food"", ""low"": ""water""}"
111-0_agent_2_desire,111-0,agent_2,"{'Medium': 'Food', 'Low': 'Water', 'High': 'Firewood'}","{'high': 'Firewood', 'medium': 'Food', 'low': 'Water'}",1,"{""high"": ""Firewood"", ""medium"": ""Food"", ""low"": ""Water""}"
111-1_agent_1_desire,111-1,agent_1,"{'Medium': 'Food', 'Low': 'Water', 'High': 'Firewood'}","{'high': 'water', 'medium': 'food', 'low': 'firewood'}",0,"{""high"": ""water"", ""medium"": ""food"", ""low"": ""firewood""}"
111-1_agent_2_desire,111-1,agent_2,"{'Medium': 'Food', 'Low': 'Water', 'High': 'Firewood'}","{'high': 'firewood', 'medium': 'food', 'low': 'water'}",1,"{""high"": ""firewood"", ""medium"": ""food"", ""low"": ""water""}"
111-2_agent_1_desire,111-2,agent_1,"{'Medium': 'Food', 'Low': 'Water', 'High': 'Firewood'}","{'high': 'water', 'medium': 'food', 'low': 'firewood'}",0,"{""high"": ""water"", ""medium"": ""food"", ""low"": ""firewood""}"
111-2_agent_2_desire,111-2,agent_2,"{'Medium': 'Food', 'Low': 'Water', 'High': 'Firewood'}","{'high': 'firewood', 'medium': 'food', 'low': 'water'}",1,"{""high"": ""firewood"", ""medium"": ""food"", ""low"": ""water""}"
111-3_agent_1_desire,111-3,agent_1,"{'Medium': 'Food', 'Low': 'Water', 'High': 'Firewood'}","{'high': 'Water', 'medium': 'Food', 'low': 'Firewood'}",0,"{""high"": ""Water"", ""medium"": ""Food"", ""low"": ""Firewood""}"
111-3_agent_2_desire,111-3,agent_2,"{'Medium': 'Food', 'Low': 'Water', 'High': 'Firewood'}","{'high': 'firewood', 'medium': 'food', 'low': 'water'}",1,"{""high"": ""firewood"", ""medium"": ""food"", ""low"": ""water""}"
111-4_agent_1_desire,111-4,agent_1,"{'Medium': 'Food', 'Low': 'Water', 'High': 'Firewood'}","{'high': 'water', 'medium': 'food', 'low': 'firewood'}",0,"{""high"": ""water"", ""medium"": ""food"", ""low"": ""firewood""}"
111-4_agent_2_desire,111-4,agent_2,"{'Medium': 'Food', 'Low': 'Water', 'High': 'Firewood'}","{'high': 'firewood', 'medium': 'food', 'low': 'water'}",1,"{""high"": ""firewood"", ""medium"": ""food"", ""low"": ""water""}"
111-5_agent_1_desire,111-5,agent_1,"{'Medium': 'Food', 'Low': 'Water', 'High': 'Firewood'}","{'high': 'water', 'medium': 'food', 'low': 'firewood'}",0,"{""high"": ""water"", ""medium"": ""food"", ""low"": ""firewood""}"
111-5_agent_2_desire,111-5,agent_2,"{'Medium': 'Food', 'Low': 'Water', 'High': 'Firewood'}","{'high': 'firewood', 'medium': 'food', 'low': 'water'}",1,"{""high"": ""firewood"", ""medium"": ""food"", ""low"": ""water""}"
112-0_agent_1_desire,112-0,agent_1,"{'Low': 'Food', 'Medium': 'Water', 'High': 'Firewood'}","{'high': 'Water', 'medium': 'Food', 'low': 'Firewood'}",0,"{""high"": ""Water"", ""medium"": ""Food"", ""low"": ""Firewood""}"
112-0_agent_2_desire,112-0,agent_2,"{'Medium': 'Food', 'Low': 'Water', 'High': 'Firewood'}","{'high': 'Water', 'medium': 'Food', 'low': 'Firewood'}",0,"{""high"": ""Water"", ""medium"": ""Food"", ""low"": ""Firewood""}"
112-1_agent_1_desire,112-1,agent_1,"{'Low': 'Food', 'Medium': 'Water', 'High': 'Firewood'}","{'high': 'firewood', 'medium': 'water', 'low': 'food'}",1,"{""high"": ""firewood"", ""medium"": ""water"", ""low"": ""food""}"
112-1_agent_2_desire,112-1,agent_2,"{'Medium': 'Food', 'Low': 'Water', 'High': 'Firewood'}","{'high': 'firewood', 'medium': 'food', 'low': 'water'}",1,"{""high"": ""firewood"", ""medium"": ""food"", ""low"": ""water""}"
112-2_agent_1_desire,112-2,agent_1,"{'Low': 'Food', 'Medium': 'Water', 'High': 'Firewood'}","{'high': 'firewood', 'medium': 'water', 'low': 'food'}",1,"{""high"": ""firewood"", ""medium"": ""water"", ""low"": ""food""}"
112-2_agent_2_desire,112-2,agent_2,"{'Medium': 'Food', 'Low': 'Water', 'High': 'Firewood'}","{'high': 'firewood', 'medium': 'water', 'low': 'food'}",0,"{""high"": ""firewood"", ""medium"": ""water"", ""low"": ""food""}"
112-3_agent_1_desire,112-3,agent_1,"{'Low': 'Food', 'Medium': 'Water', 'High': 'Firewood'}","{'high': 'firewood', 'medium': 'water', 'low': 'food'}",1,"{""high"": ""firewood"", ""medium"": ""water"", ""low"": ""food""}"
112-3_agent_2_desire,112-3,agent_2,"{'Medium': 'Food', 'Low': 'Water', 'High': 'Firewood'}","{'high': 'firewood', 'medium': 'water', 'low': 'food'}",0,"{""high"": ""firewood"", ""medium"": ""water"", ""low"": ""food""}"
112-4_agent_1_desire,112-4,agent_1,"{'Low': 'Food', 'Medium': 'Water', 'High': 'Firewood'}","{'high': 'water', 'medium': 'food', 'low': 'firewood'}",0,"{""high"": ""water"", ""medium"": ""food"", ""low"": ""firewood""}"
112-4_agent_2_desire,112-4,agent_2,"{'Medium': 'Food', 'Low': 'Water', 'High': 'Firewood'}","{'high': 'firewood', 'medium': 'water', 'low': 'food'}",0,"{""high"": ""firewood"", ""medium"": ""water"", ""low"": ""food""}"
113-0_agent_1_desire,113-0,agent_1,"{'High': 'Food', 'Low': 'Water', 'Medium': 'Firewood'}","{'high': 'Food', 'medium': 'Firewood', 'low': 'Water'}",1,"{""high"": ""Food"", ""medium"": ""Firewood"", ""low"": ""Water""}"
113-0_agent_2_desire,113-0,agent_2,"{'High': 'Food', 'Low': 'Water', 'Medium': 'Firewood'}","{'high': 'Food', 'medium': 'Firewood', 'low': 'Water'}",1,"{""high"": ""Food"", ""medium"": ""Firewood"", ""low"": ""Water""}"
113-1_agent_1_desire,113-1,agent_1,"{'High': 'Food', 'Low': 'Water', 'Medium': 'Firewood'}","{'high': 'Food', 'medium': 'Firewood', 'low': 'Water'}",1,"{""high"": ""Food"", ""medium"": ""Firewood"", ""low"": ""Water""}"
113-1_agent_2_desire,113-1,agent_2,"{'High': 'Food', 'Low': 'Water', 'Medium': 'Firewood'}","{'high': 'Food', 'medium': 'Firewood', 'low': 'Water'}",1,"{""high"": ""Food"", ""medium"": ""Firewood"", ""low"": ""Water""}"
113-2_agent_1_desire,113-2,agent_1,"{'High': 'Food', 'Low': 'Water', 'Medium': 'Firewood'}","{'high': 'Food', 'medium': 'Firewood', 'low': 'Water'}",1,"{""high"": ""Food"", ""medium"": ""Firewood"", ""low"": ""Water""}"
113-2_agent_2_desire,113-2,agent_2,"{'High': 'Food', 'Low': 'Water', 'Medium': 'Firewood'}","{'high': 'Food', 'medium': 'Firewood', 'low': 'Water'}",1,"{""high"": ""Food"", ""medium"": ""Firewood"", ""low"": ""Water""}"
113-3_agent_1_desire,113-3,agent_1,"{'High': 'Food', 'Low': 'Water', 'Medium': 'Firewood'}","{'high': 'Food', 'medium': 'Firewood', 'low': 'Water'}",1,"{""high"": ""Food"", ""medium"": ""Firewood"", ""low"": ""Water""}"
113-3_agent_2_desire,113-3,agent_2,"{'High': 'Food', 'Low': 'Water', 'Medium': 'Firewood'}","{'high': 'food', 'medium': 'firewood', 'low': 'water'}",1,"{""high"": ""food"", ""medium"": ""firewood"", ""low"": ""water""}"
113-4_agent_1_desire,113-4,agent_1,"{'High': 'Food', 'Low': 'Water', 'Medium': 'Firewood'}","{'high': 'Food', 'medium': 'Firewood', 'low': 'Water'}",1,"{""high"": ""Food"", ""medium"": ""Firewood"", ""low"": ""Water""}"
113-4_agent_2_desire,113-4,agent_2,"{'High': 'Food', 'Low': 'Water', 'Medium': 'Firewood'}","{'high': 'food', 'medium': 'firewood', 'low': 'water'}",1,"{""high"": ""food"", ""medium"": ""firewood"", ""low"": ""water""}"
114-0_agent_1_desire,114-0,agent_1,"{'Low': 'Food', 'High': 'Water', 'Medium': 'Firewood'}","{'high': 'food', 'medium': 'water', 'low': 'firewood'}",0,"{""high"": ""food"", ""medium"": ""water"", ""low"": ""firewood""}"
114-0_agent_2_desire,114-0,agent_2,"{'High': 'Food', 'Medium': 'Water', 'Low': 'Firewood'}","{'high': 'food', 'medium': 'water', 'low': 'firewood'}",1,"{""high"": ""food"", ""medium"": ""water"", ""low"": ""firewood""}"
114-1_agent_1_desire,114-1,agent_1,"{'Low': 'Food', 'High': 'Water', 'Medium': 'Firewood'}","{'high': 'food', 'medium': 'water', 'low': 'firewood'}",0,"{""high"": ""food"", ""medium"": ""water"", ""low"": ""firewood""}"
114-1_agent_2_desire,114-1,agent_2,"{'High': 'Food', 'Medium': 'Water', 'Low': 'Firewood'}","{'high': 'water', 'medium': 'food', 'low': 'firewood'}",0,"{""high"": ""water"", ""medium"": ""food"", ""low"": ""firewood""}"
114-2_agent_1_desire,114-2,agent_1,"{'Low': 'Food', 'High': 'Water', 'Medium': 'Firewood'}","{'high': 'food', 'medium': 'water', 'low': 'firewood'}",0,"{""high"": ""food"", ""medium"": ""water"", ""low"": ""firewood""}"
114-2_agent_2_desire,114-2,agent_2,"{'High': 'Food', 'Medium': 'Water', 'Low': 'Firewood'}","{'high': 'water', 'medium': 'food', 'low': 'firewood'}",0,"{""high"": ""water"", ""medium"": ""food"", ""low"": ""firewood""}"
114-3_agent_1_desire,114-3,agent_1,"{'Low': 'Food', 'High': 'Water', 'Medium': 'Firewood'}","{'high': 'food', 'medium': 'water', 'low': 'firewood'}",0,"{""high"": ""food"", ""medium"": ""water"", ""low"": ""firewood""}"
114-3_agent_2_desire,114-3,agent_2,"{'High': 'Food', 'Medium': 'Water', 'Low': 'Firewood'}","{'high': 'water', 'medium': 'food', 'low': 'firewood'}",0,"{""high"": ""water"", ""medium"": ""food"", ""low"": ""firewood""}"
114-4_agent_1_desire,114-4,agent_1,"{'Low': 'Food', 'High': 'Water', 'Medium': 'Firewood'}","{'high': 'food', 'medium': 'water', 'low': 'firewood'}",0,"{""high"": ""food"", ""medium"": ""water"", ""low"": ""firewood""}"
114-4_agent_2_desire,114-4,agent_2,"{'High': 'Food', 'Medium': 'Water', 'Low': 'Firewood'}","{'high': 'water', 'medium': 'food', 'low': 'firewood'}",0,"{""high"": ""water"", ""medium"": ""food"", ""low"": ""firewood""}"
114-5_agent_1_desire,114-5,agent_1,"{'Low': 'Food', 'High': 'Water', 'Medium': 'Firewood'}","{'high': 'food', 'medium': 'firewood', 'low': 'water'}",0,"{""high"": ""food"", ""medium"": ""firewood"", ""low"": ""water""}"
114-5_agent_2_desire,114-5,agent_2,"{'High': 'Food', 'Medium': 'Water', 'Low': 'Firewood'}","{'high': 'Water', 'medium': 'Food', 'low': 'Firewood'}",0,"{""high"": ""Water"", ""medium"": ""Food"", ""low"": ""Firewood""}"
114-6_agent_1_desire,114-6,agent_1,"{'Low': 'Food', 'High': 'Water', 'Medium': 'Firewood'}","{'high': 'food', 'medium': 'water', 'low': 'firewood'}",0,"{""high"": ""food"", ""medium"": ""water"", ""low"": ""firewood""}"
114-6_agent_2_desire,114-6,agent_2,"{'High': 'Food', 'Medium': 'Water', 'Low': 'Firewood'}","{'high': 'water', 'medium': 'food', 'low': 'firewood'}",0,"{""high"": ""water"", ""medium"": ""food"", ""low"": ""firewood""}"
114-7_agent_1_desire,114-7,agent_1,"{'Low': 'Food', 'High': 'Water', 'Medium': 'Firewood'}","{'high': 'food', 'medium': 'water', 'low': 'firewood'}",0,"{""high"": ""food"", ""medium"": ""water"", ""low"": ""firewood""}"
114-7_agent_2_desire,114-7,agent_2,"{'High': 'Food', 'Medium': 'Water', 'Low': 'Firewood'}","{'high': 'water', 'medium': 'food', 'low': 'firewood'}",0,"{""high"": ""water"", ""medium"": ""food"", ""low"": ""firewood""}"
115-0_agent_1_desire,115-0,agent_1,"{'Medium': 'Food', 'Low': 'Water', 'High': 'Firewood'}","{'high': 'firewood', 'medium': 'food', 'low': 'water'}",1,"{""high"": ""firewood"", ""medium"": ""food"", ""low"": ""water""}"
115-0_agent_2_desire,115-0,agent_2,"{'Low': 'Food', 'Medium': 'Water', 'High': 'Firewood'}","{'high': 'firewood', 'medium': 'food', 'low': 'water'}",0,"{""high"": ""firewood"", ""medium"": ""food"", ""low"": ""water""}"
115-1_agent_1_desire,115-1,agent_1,"{'Medium': 'Food', 'Low': 'Water', 'High': 'Firewood'}","{'high': 'firewood', 'medium': 'food', 'low': 'water'}",1,"{""high"": ""firewood"", ""medium"": ""food"", ""low"": ""water""}"
115-1_agent_2_desire,115-1,agent_2,"{'Low': 'Food', 'Medium': 'Water', 'High': 'Firewood'}","{'high': 'firewood', 'medium': 'food', 'low': 'water'}",0,"{""high"": ""firewood"", ""medium"": ""food"", ""low"": ""water""}"
115-2_agent_1_desire,115-2,agent_1,"{'Medium': 'Food', 'Low': 'Water', 'High': 'Firewood'}","{'high': 'firewood', 'medium': 'food', 'low': 'water'}",1,"{""high"": ""firewood"", ""medium"": ""food"", ""low"": ""water""}"
115-2_agent_2_desire,115-2,agent_2,"{'Low': 'Food', 'Medium': 'Water', 'High': 'Firewood'}","{'high': 'firewood', 'medium': 'food', 'low': 'water'}",0,"{""high"": ""firewood"", ""medium"": ""food"", ""low"": ""water""}"
115-3_agent_1_desire,115-3,agent_1,"{'Medium': 'Food', 'Low': 'Water', 'High': 'Firewood'}","{'high': 'firewood', 'medium': 'food', 'low': 'water'}",1,"{""high"": ""firewood"", ""medium"": ""food"", ""low"": ""water""}"
115-3_agent_2_desire,115-3,agent_2,"{'Low': 'Food', 'Medium': 'Water', 'High': 'Firewood'}","{'high': 'firewood', 'medium': 'food', 'low': 'water'}",0,"{""high"": ""firewood"", ""medium"": ""food"", ""low"": ""water""}"
115-4_agent_1_desire,115-4,agent_1,"{'Medium': 'Food', 'Low': 'Water', 'High': 'Firewood'}","{'high': 'firewood', 'medium': 'food', 'low': 'water'}",1,"{""high"": ""firewood"", ""medium"": ""food"", ""low"": ""water""}"
115-4_agent_2_desire,115-4,agent_2,"{'Low': 'Food', 'Medium': 'Water', 'High': 'Firewood'}","{'high': 'Water', 'medium': 'Firewood', 'low': 'Food'}",0,"{""high"": ""Water"", ""medium"": ""Firewood"", ""low"": ""Food""}"
116-0_agent_1_desire,116-0,agent_1,"{'Medium': 'Food', 'Low': 'Water', 'High': 'Firewood'}","{'high': 'Food', 'medium': 'Water', 'low': 'Firewood'}",0,"{""high"": ""Food"", ""medium"": ""Water"", ""low"": ""Firewood""}"
116-0_agent_2_desire,116-0,agent_2,"{'High': 'Food', 'Medium': 'Water', 'Low': 'Firewood'}","{'high': 'Water', 'medium': 'Food', 'low': 'Firewood'}",0,"{""high"": ""Water"", ""medium"": ""Food"", ""low"": ""Firewood""}"
116-1_agent_1_desire,116-1,agent_1,"{'Medium': 'Food', 'Low': 'Water', 'High': 'Firewood'}","{'high': 'Firewood', 'medium': 'Food', 'low': 'Water'}",1,"{""high"": ""Firewood"", ""medium"": ""Food"", ""low"": ""Water""}"
116-1_agent_2_desire,116-1,agent_2,"{'High': 'Food', 'Medium': 'Water', 'Low': 'Firewood'}","{'high': 'Firewood', 'medium': 'Food', 'low': 'Water'}",0,"{""high"": ""Firewood"", ""medium"": ""Food"", ""low"": ""Water""}"
116-2_agent_1_desire,116-2,agent_1,"{'Medium': 'Food', 'Low': 'Water', 'High': 'Firewood'}","{'high': 'Firewood', 'medium': 'Food', 'low': 'Water'}",1,"{""high"": ""Firewood"", ""medium"": ""Food"", ""low"": ""Water""}"
116-2_agent_2_desire,116-2,agent_2,"{'High': 'Food', 'Medium': 'Water', 'Low': 'Firewood'}","{'high': 'firewood', 'medium': 'water', 'low': 'food'}",0,"{""high"": ""firewood"", ""medium"": ""water"", ""low"": ""food""}"
116-3_agent_1_desire,116-3,agent_1,"{'Medium': 'Food', 'Low': 'Water', 'High': 'Firewood'}","{'high': 'Firewood', 'medium': 'Food', 'low': 'Water'}",1,"{""high"": ""Firewood"", ""medium"": ""Food"", ""low"": ""Water""}"
116-3_agent_2_desire,116-3,agent_2,"{'High': 'Food', 'Medium': 'Water', 'Low': 'Firewood'}","{'high': 'Firewood', 'medium': 'Water', 'low': 'Food'}",0,"{""high"": ""Firewood"", ""medium"": ""Water"", ""low"": ""Food""}"
116-4_agent_1_desire,116-4,agent_1,"{'Medium': 'Food', 'Low': 'Water', 'High': 'Firewood'}","{'high': 'Firewood', 'medium': 'Food', 'low': 'Water'}",1,"{""high"": ""Firewood"", ""medium"": ""Food"", ""low"": ""Water""}"
116-4_agent_2_desire,116-4,agent_2,"{'High': 'Food', 'Medium': 'Water', 'Low': 'Firewood'}","{'high': 'Firewood', 'medium': 'Water', 'low': 'Food'}",0,"{""high"": ""Firewood"", ""medium"": ""Water"", ""low"": ""Food""}"
117-0_agent_1_desire,117-0,agent_1,"{'Low': 'Food', 'High': 'Water', 'Medium': 'Firewood'}","{'high': 'Water', 'medium': 'Food', 'low': 'Firewood'}",0,"{""high"": ""Water"", ""medium"": ""Food"", ""low"": ""Firewood""}"
117-0_agent_2_desire,117-0,agent_2,"{'Medium': 'Food', 'Low': 'Water', 'High': 'Firewood'}","{'high': 'water', 'medium': 'food', 'low': 'firewood'}",0,"{""high"": ""water"", ""medium"": ""food"", ""low"": ""firewood""}"
117-1_agent_1_desire,117-1,agent_1,"{'Low': 'Food', 'High': 'Water', 'Medium': 'Firewood'}","{'high': 'Water', 'medium': 'Food', 'low': 'Firewood'}",0,"{""high"": ""Water"", ""medium"": ""Food"", ""low"": ""Firewood""}"
117-1_agent_2_desire,117-1,agent_2,"{'Medium': 'Food', 'Low': 'Water', 'High': 'Firewood'}","{'high': 'Water', 'medium': 'Firewood', 'low': 'Food'}",0,"{""high"": ""Water"", ""medium"": ""Firewood"", ""low"": ""Food""}"
117-2_agent_1_desire,117-2,agent_1,"{'Low': 'Food', 'High': 'Water', 'Medium': 'Firewood'}","{'high': 'Water', 'medium': 'Food', 'low': 'Firewood'}",0,"{""high"": ""Water"", ""medium"": ""Food"", ""low"": ""Firewood""}"
117-2_agent_2_desire,117-2,agent_2,"{'Medium': 'Food', 'Low': 'Water', 'High': 'Firewood'}","{'high': 'water', 'medium': 'food', 'low': 'firewood'}",0,"{""high"": ""water"", ""medium"": ""food"", ""low"": ""firewood""}"
117-3_agent_1_desire,117-3,agent_1,"{'Low': 'Food', 'High': 'Water', 'Medium': 'Firewood'}","{'high': 'water', 'medium': 'food', 'low': 'firewood'}",0,"{""high"": ""water"", ""medium"": ""food"", ""low"": ""firewood""}"
117-3_agent_2_desire,117-3,agent_2,"{'Medium': 'Food', 'Low': 'Water', 'High': 'Firewood'}","{'high': 'Firewood', 'medium': 'Water', 'low': 'Food'}",0,"{""high"": ""Firewood"", ""medium"": ""Water"", ""low"": ""Food""}"
117-4_agent_1_desire,117-4,agent_1,"{'Low': 'Food', 'High': 'Water', 'Medium': 'Firewood'}","{'high': 'water', 'medium': 'firewood', 'low': 'food'}",1,"{""high"": ""water"", ""medium"": ""firewood"", ""low"": ""food""}"
117-4_agent_2_desire,117-4,agent_2,"{'Medium': 'Food', 'Low': 'Water', 'High': 'Firewood'}","{'high': 'Water', 'medium': 'Firewood', 'low': 'Food'}",0,"{""high"": ""Water"", ""medium"": ""Firewood"", ""low"": ""Food""}"
117-5_agent_1_desire,117-5,agent_1,"{'Low': 'Food', 'High': 'Water', 'Medium': 'Firewood'}","{'high': 'water', 'medium': 'food', 'low': 'firewood'}",0,"{""high"": ""water"", ""medium"": ""food"", ""low"": ""firewood""}"
117-5_agent_2_desire,117-5,agent_2,"{'Medium': 'Food', 'Low': 'Water', 'High': 'Firewood'}","{'high': 'firewood', 'medium': 'water', 'low': 'food'}",0,"{""high"": ""firewood"", ""medium"": ""water"", ""low"": ""food""}"
117-6_agent_1_desire,117-6,agent_1,"{'Low': 'Food', 'High': 'Water', 'Medium': 'Firewood'}","{'high': 'water', 'medium': 'food', 'low': 'firewood'}",0,"{""high"": ""water"", ""medium"": ""food"", ""low"": ""firewood""}"
117-6_agent_2_desire,117-6,agent_2,"{'Medium': 'Food', 'Low': 'Water', 'High': 'Firewood'}","{'high': 'firewood', 'medium': 'water', 'low': 'food'}",0,"{""high"": ""firewood"", ""medium"": ""water"", ""low"": ""food""}"
118-0_agent_1_desire,118-0,agent_1,"{'High': 'Food', 'Low': 'Water', 'Medium': 'Firewood'}","{'high': 'Food', 'medium': 'Firewood', 'low': 'Water'}",1,"{""high"": ""Food"", ""medium"": ""Firewood"", ""low"": ""Water""}"
118-0_agent_2_desire,118-0,agent_2,"{'Low': 'Food', 'Medium': 'Water', 'High': 'Firewood'}","{'high': 'Food', 'medium': 'Water', 'low': 'Firewood'}",0,"{""high"": ""Food"", ""medium"": ""Water"", ""low"": ""Firewood""}"
118-1_agent_1_desire,118-1,agent_1,"{'High': 'Food', 'Low': 'Water', 'Medium': 'Firewood'}","{'high': 'Firewood', 'medium': 'Food', 'low': 'Water'}",0,"{""high"": ""Firewood"", ""medium"": ""Food"", ""low"": ""Water""}"
118-1_agent_2_desire,118-1,agent_2,"{'Low': 'Food', 'Medium': 'Water', 'High': 'Firewood'}","{'high': 'firewood', 'medium': 'food', 'low': 'water'}",0,"{""high"": ""firewood"", ""medium"": ""food"", ""low"": ""water""}"
118-2_agent_1_desire,118-2,agent_1,"{'High': 'Food', 'Low': 'Water', 'Medium': 'Firewood'}","{'high': 'food', 'medium': 'firewood', 'low': 'water'}",1,"{""high"": ""food"", ""medium"": ""firewood"", ""low"": ""water""}"
118-2_agent_2_desire,118-2,agent_2,"{'Low': 'Food', 'Medium': 'Water', 'High': 'Firewood'}","{'high': 'Firewood', 'medium': 'Food', 'low': 'Water'}",0,"{""high"": ""Firewood"", ""medium"": ""Food"", ""low"": ""Water""}"
118-3_agent_1_desire,118-3,agent_1,"{'High': 'Food', 'Low': 'Water', 'Medium': 'Firewood'}","{'high': 'Food', 'medium': 'Firewood', 'low': 'Water'}",1,"{""high"": ""Food"", ""medium"": ""Firewood"", ""low"": ""Water""}"
118-3_agent_2_desire,118-3,agent_2,"{'Low': 'Food', 'Medium': 'Water', 'High': 'Firewood'}","{'high': 'firewood', 'medium': 'food', 'low': 'water'}",0,"{""high"": ""firewood"", ""medium"": ""food"", ""low"": ""water""}"
118-4_agent_1_desire,118-4,agent_1,"{'High': 'Food', 'Low': 'Water', 'Medium': 'Firewood'}","{'high': 'food', 'medium': 'firewood', 'low': 'water'}",1,"{""high"": ""food"", ""medium"": ""firewood"", ""low"": ""water""}"
118-4_agent_2_desire,118-4,agent_2,"{'Low': 'Food', 'Medium': 'Water', 'High': 'Firewood'}","{'high': 'Food', 'medium': 'Water', 'low': 'Firewood'}",0,"{""high"": ""Food"", ""medium"": ""Water"", ""low"": ""Firewood""}"
119-0_agent_1_desire,119-0,agent_1,"{'Medium': 'Food', 'Low': 'Water', 'High': 'Firewood'}","{'high': 'Firewood', 'medium': 'Food', 'low': 'Water'}",1,"{""high"": ""Firewood"", ""medium"": ""Food"", ""low"": ""Water""}"
119-0_agent_2_desire,119-0,agent_2,"{'Medium': 'Food', 'Low': 'Water', 'High': 'Firewood'}","{'high': 'Firewood', 'medium': 'Water', 'low': 'Food'}",0,"{""high"": ""Firewood"", ""medium"": ""Water"", ""low"": ""Food""}"
119-1_agent_1_desire,119-1,agent_1,"{'Medium': 'Food', 'Low': 'Water', 'High': 'Firewood'}","{'high': 'Firewood', 'medium': 'Food', 'low': 'Water'}",1,"{""high"": ""Firewood"", ""medium"": ""Food"", ""low"": ""Water""}"
119-1_agent_2_desire,119-1,agent_2,"{'Medium': 'Food', 'Low': 'Water', 'High': 'Firewood'}","{'high': 'Firewood', 'medium': 'Food', 'low': 'Water'}",1,"{""high"": ""Firewood"", ""medium"": ""Food"", ""low"": ""Water""}"
119-2_agent_1_desire,119-2,agent_1,"{'Medium': 'Food', 'Low': 'Water', 'High': 'Firewood'}","{'high': 'Firewood', 'medium': 'Food', 'low': 'Water'}",1,"{""high"": ""Firewood"", ""medium"": ""Food"", ""low"": ""Water""}"
119-2_agent_2_desire,119-2,agent_2,"{'Medium': 'Food', 'Low': 'Water', 'High': 'Firewood'}","{'high': 'Firewood', 'medium': 'Food', 'low': 'Water'}",1,"{""high"": ""Firewood"", ""medium"": ""Food"", ""low"": ""Water""}"
119-3_agent_1_desire,119-3,agent_1,"{'Medium': 'Food', 'Low': 'Water', 'High': 'Firewood'}","{'high': 'firewood', 'medium': 'food', 'low': 'water'}",1,"{""high"": ""firewood"", ""medium"": ""food"", ""low"": ""water""}"
119-3_agent_2_desire,119-3,agent_2,"{'Medium': 'Food', 'Low': 'Water', 'High': 'Firewood'}","{'high': 'water', 'medium': 'food', 'low': 'firewood'}",0,"{""high"": ""water"", ""medium"": ""food"", ""low"": ""firewood""}"
119-4_agent_1_desire,119-4,agent_1,"{'Medium': 'Food', 'Low': 'Water', 'High': 'Firewood'}","{'high': 'Firewood', 'medium': 'Food', 'low': 'Water'}",1,"{""high"": ""Firewood"", ""medium"": ""Food"", ""low"": ""Water""}"
119-4_agent_2_desire,119-4,agent_2,"{'Medium': 'Food', 'Low': 'Water', 'High': 'Firewood'}","{'high': 'water', 'medium': 'firewood', 'low': 'food'}",0,"{""high"": ""water"", ""medium"": ""firewood"", ""low"": ""food""}"
120-0_agent_1_desire,120-0,agent_1,"{'High': 'Food', 'Low': 'Water', 'Medium': 'Firewood'}","{'high': 'Food', 'medium': 'Water', 'low': 'Firewood'}",0,"{""high"": ""Food"", ""medium"": ""Water"", ""low"": ""Firewood""}"
120-0_agent_2_desire,120-0,agent_2,"{'High': 'Food', 'Medium': 'Water', 'Low': 'Firewood'}","{'high': 'Water', 'medium': 'Food', 'low': 'Firewood'}",0,"{""high"": ""Water"", ""medium"": ""Food"", ""low"": ""Firewood""}"
120-1_agent_1_desire,120-1,agent_1,"{'High': 'Food', 'Low': 'Water', 'Medium': 'Firewood'}","{'high': 'Water', 'medium': 'Food', 'low': 'Firewood'}",0,"{""high"": ""Water"", ""medium"": ""Food"", ""low"": ""Firewood""}"
120-1_agent_2_desire,120-1,agent_2,"{'High': 'Food', 'Medium': 'Water', 'Low': 'Firewood'}","{'high': 'firewood', 'medium': 'water', 'low': 'food'}",0,"{""high"": ""firewood"", ""medium"": ""water"", ""low"": ""food""}"
120-2_agent_1_desire,120-2,agent_1,"{'High': 'Food', 'Low': 'Water', 'Medium': 'Firewood'}","{'high': 'Water', 'medium': 'Food', 'low': 'Firewood'}",0,"{""high"": ""Water"", ""medium"": ""Food"", ""low"": ""Firewood""}"
120-2_agent_2_desire,120-2,agent_2,"{'High': 'Food', 'Medium': 'Water', 'Low': 'Firewood'}","{'high': 'firewood', 'medium': 'food', 'low': 'water'}",0,"{""high"": ""firewood"", ""medium"": ""food"", ""low"": ""water""}"
120-3_agent_1_desire,120-3,agent_1,"{'High': 'Food', 'Low': 'Water', 'Medium': 'Firewood'}","{'high': 'Firewood', 'medium': 'Water', 'low': 'Food'}",0,"{""high"": ""Firewood"", ""medium"": ""Water"", ""low"": ""Food""}"
120-3_agent_2_desire,120-3,agent_2,"{'High': 'Food', 'Medium': 'Water', 'Low': 'Firewood'}","{'high': 'water', 'medium': 'firewood', 'low': 'food'}",0,"{""high"": ""water"", ""medium"": ""firewood"", ""low"": ""food""}"
120-4_agent_1_desire,120-4,agent_1,"{'High': 'Food', 'Low': 'Water', 'Medium': 'Firewood'}","{'high': 'Food', 'medium': 'Water', 'low': 'Firewood'}",0,"{""high"": ""Food"", ""medium"": ""Water"", ""low"": ""Firewood""}"
120-4_agent_2_desire,120-4,agent_2,"{'High': 'Food', 'Medium': 'Water', 'Low': 'Firewood'}","{'high': 'firewood', 'medium': 'water', 'low': 'food'}",0,"{""high"": ""firewood"", ""medium"": ""water"", ""low"": ""food""}"
121-0_agent_1_desire,121-0,agent_1,"{'Low': 'Food', 'High': 'Water', 'Medium': 'Firewood'}","{'high': 'Water', 'medium': 'Food', 'low': 'Firewood'}",0,"{""high"": ""Water"", ""medium"": ""Food"", ""low"": ""Firewood""}"
121-0_agent_2_desire,121-0,agent_2,"{'High': 'Food', 'Medium': 'Water', 'Low': 'Firewood'}","{'high': 'Water', 'medium': 'Food', 'low': 'Firewood'}",0,"{""high"": ""Water"", ""medium"": ""Food"", ""low"": ""Firewood""}"
121-1_agent_1_desire,121-1,agent_1,"{'Low': 'Food', 'High': 'Water', 'Medium': 'Firewood'}","{'high': 'Water', 'medium': 'Food', 'low': 'Firewood'}",0,"{""high"": ""Water"", ""medium"": ""Food"", ""low"": ""Firewood""}"
121-1_agent_2_desire,121-1,agent_2,"{'High': 'Food', 'Medium': 'Water', 'Low': 'Firewood'}","{'high': 'food', 'medium': 'water', 'low': 'firewood'}",1,"{""high"": ""food"", ""medium"": ""water"", ""low"": ""firewood""}"
121-2_agent_1_desire,121-2,agent_1,"{'Low': 'Food', 'High': 'Water', 'Medium': 'Firewood'}","{'high': 'water', 'medium': 'firewood', 'low': 'food'}",1,"{""high"": ""water"", ""medium"": ""firewood"", ""low"": ""food""}"
121-2_agent_2_desire,121-2,agent_2,"{'High': 'Food', 'Medium': 'Water', 'Low': 'Firewood'}","{'high': 'food', 'medium': 'firewood', 'low': 'water'}",0,"{""high"": ""food"", ""medium"": ""firewood"", ""low"": ""water""}"
121-3_agent_1_desire,121-3,agent_1,"{'Low': 'Food', 'High': 'Water', 'Medium': 'Firewood'}","{'high': 'water', 'medium': 'firewood', 'low': 'food'}",1,"{""high"": ""water"", ""medium"": ""firewood"", ""low"": ""food""}"
121-3_agent_2_desire,121-3,agent_2,"{'High': 'Food', 'Medium': 'Water', 'Low': 'Firewood'}","{'high': 'food', 'medium': 'firewood', 'low': 'water'}",0,"{""high"": ""food"", ""medium"": ""firewood"", ""low"": ""water""}"
121-4_agent_1_desire,121-4,agent_1,"{'Low': 'Food', 'High': 'Water', 'Medium': 'Firewood'}","{'high': 'water', 'medium': 'firewood', 'low': 'food'}",1,"{""high"": ""water"", ""medium"": ""firewood"", ""low"": ""food""}"
121-4_agent_2_desire,121-4,agent_2,"{'High': 'Food', 'Medium': 'Water', 'Low': 'Firewood'}","{'high': 'food', 'medium': 'firewood', 'low': 'water'}",0,"{""high"": ""food"", ""medium"": ""firewood"", ""low"": ""water""}"
122-0_agent_1_desire,122-0,agent_1,"{'Medium': 'Food', 'High': 'Water', 'Low': 'Firewood'}","{'high': 'Water', 'medium': 'Food', 'low': 'Firewood'}",1,"{""high"": ""Water"", ""medium"": ""Food"", ""low"": ""Firewood""}"
122-0_agent_2_desire,122-0,agent_2,"{'Low': 'Food', 'High': 'Water', 'Medium': 'Firewood'}","{'high': 'Water', 'medium': 'Food', 'low': 'Firewood'}",0,"{""high"": ""Water"", ""medium"": ""Food"", ""low"": ""Firewood""}"
122-1_agent_1_desire,122-1,agent_1,"{'Medium': 'Food', 'High': 'Water', 'Low': 'Firewood'}","{'high': 'Water', 'medium': 'Food', 'low': 'Firewood'}",1,"{""high"": ""Water"", ""medium"": ""Food"", ""low"": ""Firewood""}"
122-1_agent_2_desire,122-1,agent_2,"{'Low': 'Food', 'High': 'Water', 'Medium': 'Firewood'}","{'high': 'Water', 'medium': 'Food', 'low': 'Firewood'}",0,"{""high"": ""Water"", ""medium"": ""Food"", ""low"": ""Firewood""}"
122-2_agent_1_desire,122-2,agent_1,"{'Medium': 'Food', 'High': 'Water', 'Low': 'Firewood'}","{'high': 'Water', 'medium': 'Firewood', 'low': 'Food'}",0,"{""high"": ""Water"", ""medium"": ""Firewood"", ""low"": ""Food""}"
122-2_agent_2_desire,122-2,agent_2,"{'Low': 'Food', 'High': 'Water', 'Medium': 'Firewood'}","{'high': 'water', 'medium': 'firewood', 'low': 'food'}",1,"{""high"": ""water"", ""medium"": ""firewood"", ""low"": ""food""}"
122-3_agent_1_desire,122-3,agent_1,"{'Medium': 'Food', 'High': 'Water', 'Low': 'Firewood'}","{'high': 'water', 'medium': 'firewood', 'low': 'food'}",0,"{""high"": ""water"", ""medium"": ""firewood"", ""low"": ""food""}"
122-3_agent_2_desire,122-3,agent_2,"{'Low': 'Food', 'High': 'Water', 'Medium': 'Firewood'}","{'high': 'water', 'medium': 'firewood', 'low': 'food'}",1,"{""high"": ""water"", ""medium"": ""firewood"", ""low"": ""food""}"
122-4_agent_1_desire,122-4,agent_1,"{'Medium': 'Food', 'High': 'Water', 'Low': 'Firewood'}","{'high': 'water', 'medium': 'food', 'low': 'firewood'}",1,"{""high"": ""water"", ""medium"": ""food"", ""low"": ""firewood""}"
122-4_agent_2_desire,122-4,agent_2,"{'Low': 'Food', 'High': 'Water', 'Medium': 'Firewood'}","{'high': 'water', 'medium': 'firewood', 'low': 'food'}",1,"{""high"": ""water"", ""medium"": ""firewood"", ""low"": ""food""}"
122-5_agent_1_desire,122-5,agent_1,"{'Medium': 'Food', 'High': 'Water', 'Low': 'Firewood'}","{'high': 'water', 'medium': 'food', 'low': 'firewood'}",1,"{""high"": ""water"", ""medium"": ""food"", ""low"": ""firewood""}"
122-5_agent_2_desire,122-5,agent_2,"{'Low': 'Food', 'High': 'Water', 'Medium': 'Firewood'}","{'high': 'water', 'medium': 'firewood', 'low': 'food'}",1,"{""high"": ""water"", ""medium"": ""firewood"", ""low"": ""food""}"
122-6_agent_1_desire,122-6,agent_1,"{'Medium': 'Food', 'High': 'Water', 'Low': 'Firewood'}","{'high': 'water', 'medium': 'firewood', 'low': 'food'}",0,"{""high"": ""water"", ""medium"": ""firewood"", ""low"": ""food""}"
122-6_agent_2_desire,122-6,agent_2,"{'Low': 'Food', 'High': 'Water', 'Medium': 'Firewood'}","{'high': 'water', 'medium': 'firewood', 'low': 'food'}",1,"{""high"": ""water"", ""medium"": ""firewood"", ""low"": ""food""}"
123-0_agent_1_desire,123-0,agent_1,"{'Low': 'Food', 'High': 'Water', 'Medium': 'Firewood'}","{'high': 'water', 'medium': 'firewood', 'low': 'food'}",1,"{""high"": ""water"", ""medium"": ""firewood"", ""low"": ""food""}"
123-0_agent_2_desire,123-0,agent_2,"{'Medium': 'Food', 'High': 'Water', 'Low': 'Firewood'}","{'high': 'water', 'medium': 'food', 'low': 'firewood'}",1,"{""high"": ""water"", ""medium"": ""food"", ""low"": ""firewood""}"
123-1_agent_1_desire,123-1,agent_1,"{'Low': 'Food', 'High': 'Water', 'Medium': 'Firewood'}","{'high': 'water', 'medium': 'firewood', 'low': 'food'}",1,"{""high"": ""water"", ""medium"": ""firewood"", ""low"": ""food""}"
123-1_agent_2_desire,123-1,agent_2,"{'Medium': 'Food', 'High': 'Water', 'Low': 'Firewood'}","{'high': 'water', 'medium': 'food', 'low': 'firewood'}",1,"{""high"": ""water"", ""medium"": ""food"", ""low"": ""firewood""}"
123-2_agent_1_desire,123-2,agent_1,"{'Low': 'Food', 'High': 'Water', 'Medium': 'Firewood'}","{'high': 'firewood', 'medium': 'water', 'low': 'food'}",0,"{""high"": ""firewood"", ""medium"": ""water"", ""low"": ""food""}"
123-2_agent_2_desire,123-2,agent_2,"{'Medium': 'Food', 'High': 'Water', 'Low': 'Firewood'}","{'high': 'water', 'medium': 'food', 'low': 'firewood'}",1,"{""high"": ""water"", ""medium"": ""food"", ""low"": ""firewood""}"
123-3_agent_1_desire,123-3,agent_1,"{'Low': 'Food', 'High': 'Water', 'Medium': 'Firewood'}","{'high': 'firewood', 'medium': 'water', 'low': 'food'}",0,"{""high"": ""firewood"", ""medium"": ""water"", ""low"": ""food""}"
123-3_agent_2_desire,123-3,agent_2,"{'Medium': 'Food', 'High': 'Water', 'Low': 'Firewood'}","{'high': 'Water', 'medium': 'Food', 'low': 'Firewood'}",1,"{""high"": ""Water"", ""medium"": ""Food"", ""low"": ""Firewood""}"
123-4_agent_1_desire,123-4,agent_1,"{'Low': 'Food', 'High': 'Water', 'Medium': 'Firewood'}","{'high': 'firewood', 'medium': 'water', 'low': 'food'}",0,"{""high"": ""firewood"", ""medium"": ""water"", ""low"": ""food""}"
123-4_agent_2_desire,123-4,agent_2,"{'Medium': 'Food', 'High': 'Water', 'Low': 'Firewood'}","{'high': 'Water', 'medium': 'Food', 'low': 'Firewood'}",1,"{""high"": ""Water"", ""medium"": ""Food"", ""low"": ""Firewood""}"
123-5_agent_1_desire,123-5,agent_1,"{'Low': 'Food', 'High': 'Water', 'Medium': 'Firewood'}","{'high': 'firewood', 'medium': 'water', 'low': 'food'}",0,"{""high"": ""firewood"", ""medium"": ""water"", ""low"": ""food""}"
123-5_agent_2_desire,123-5,agent_2,"{'Medium': 'Food', 'High': 'Water', 'Low': 'Firewood'}","{'high': 'water', 'medium': 'food', 'low': 'firewood'}",1,"{""high"": ""water"", ""medium"": ""food"", ""low"": ""firewood""}"
124-0_agent_1_desire,124-0,agent_1,"{'Low': 'Food', 'High': 'Water', 'Medium': 'Firewood'}","{'high': 'Water', 'medium': 'Food', 'low': 'Firewood'}",0,"{""high"": ""Water"", ""medium"": ""Food"", ""low"": ""Firewood""}"
124-0_agent_2_desire,124-0,agent_2,"{'High': 'Food', 'Low': 'Water', 'Medium': 'Firewood'}","{'high': 'Water', 'medium': 'Food', 'low': 'Firewood'}",0,"{""high"": ""Water"", ""medium"": ""Food"", ""low"": ""Firewood""}"
124-1_agent_1_desire,124-1,agent_1,"{'Low': 'Food', 'High': 'Water', 'Medium': 'Firewood'}","{'high': 'Firewood', 'medium': 'Food', 'low': 'Water'}",0,"{""high"": ""Firewood"", ""medium"": ""Food"", ""low"": ""Water""}"
124-1_agent_2_desire,124-1,agent_2,"{'High': 'Food', 'Low': 'Water', 'Medium': 'Firewood'}","{'high': 'firewood', 'medium': 'food', 'low': 'water'}",0,"{""high"": ""firewood"", ""medium"": ""food"", ""low"": ""water""}"
124-2_agent_1_desire,124-2,agent_1,"{'Low': 'Food', 'High': 'Water', 'Medium': 'Firewood'}","{'high': 'firewood', 'medium': 'water', 'low': 'food'}",0,"{""high"": ""firewood"", ""medium"": ""water"", ""low"": ""food""}"
124-2_agent_2_desire,124-2,agent_2,"{'High': 'Food', 'Low': 'Water', 'Medium': 'Firewood'}","{'high': 'food', 'medium': 'water', 'low': 'firewood'}",0,"{""high"": ""food"", ""medium"": ""water"", ""low"": ""firewood""}"
124-3_agent_1_desire,124-3,agent_1,"{'Low': 'Food', 'High': 'Water', 'Medium': 'Firewood'}","{'high': 'firewood', 'medium': 'water', 'low': 'food'}",0,"{""high"": ""firewood"", ""medium"": ""water"", ""low"": ""food""}"
124-3_agent_2_desire,124-3,agent_2,"{'High': 'Food', 'Low': 'Water', 'Medium': 'Firewood'}","{'high': 'food', 'medium': 'water', 'low': 'firewood'}",0,"{""high"": ""food"", ""medium"": ""water"", ""low"": ""firewood""}"
124-4_agent_1_desire,124-4,agent_1,"{'Low': 'Food', 'High': 'Water', 'Medium': 'Firewood'}","{'high': 'firewood', 'medium': 'water', 'low': 'food'}",0,"{""high"": ""firewood"", ""medium"": ""water"", ""low"": ""food""}"
124-4_agent_2_desire,124-4,agent_2,"{'High': 'Food', 'Low': 'Water', 'Medium': 'Firewood'}","{'high': 'food', 'medium': 'water', 'low': 'firewood'}",0,"{""high"": ""food"", ""medium"": ""water"", ""low"": ""firewood""}"
125-0_agent_1_desire,125-0,agent_1,"{'High': 'Food', 'Low': 'Water', 'Medium': 'Firewood'}","{'high': 'Water', 'medium': 'Food', 'low': 'Firewood'}",0,"{""high"": ""Water"", ""medium"": ""Food"", ""low"": ""Firewood""}"
125-0_agent_2_desire,125-0,agent_2,"{'Medium': 'Food', 'Low': 'Water', 'High': 'Firewood'}","{'high': 'Water', 'medium': 'Food', 'low': 'Firewood'}",0,"{""high"": ""Water"", ""medium"": ""Food"", ""low"": ""Firewood""}"
125-1_agent_1_desire,125-1,agent_1,"{'High': 'Food', 'Low': 'Water', 'Medium': 'Firewood'}","{'high': 'Food', 'medium': 'Firewood', 'low': 'Water'}",1,"{""high"": ""Food"", ""medium"": ""Firewood"", ""low"": ""Water""}"
125-1_agent_2_desire,125-1,agent_2,"{'Medium': 'Food', 'Low': 'Water', 'High': 'Firewood'}","{'high': 'Firewood', 'medium': 'Food', 'low': 'Water'}",1,"{""high"": ""Firewood"", ""medium"": ""Food"", ""low"": ""Water""}"
125-2_agent_1_desire,125-2,agent_1,"{'High': 'Food', 'Low': 'Water', 'Medium': 'Firewood'}","{'high': 'Firewood', 'medium': 'Food', 'low': 'Water'}",0,"{""high"": ""Firewood"", ""medium"": ""Food"", ""low"": ""Water""}"
125-2_agent_2_desire,125-2,agent_2,"{'Medium': 'Food', 'Low': 'Water', 'High': 'Firewood'}","{'high': 'Firewood', 'medium': 'Food', 'low': 'Water'}",1,"{""high"": ""Firewood"", ""medium"": ""Food"", ""low"": ""Water""}"
125-3_agent_1_desire,125-3,agent_1,"{'High': 'Food', 'Low': 'Water', 'Medium': 'Firewood'}","{'high': 'Firewood', 'medium': 'Food', 'low': 'Water'}",0,"{""high"": ""Firewood"", ""medium"": ""Food"", ""low"": ""Water""}"
125-3_agent_2_desire,125-3,agent_2,"{'Medium': 'Food', 'Low': 'Water', 'High': 'Firewood'}","{'high': 'Firewood', 'medium': 'Food', 'low': 'Water'}",1,"{""high"": ""Firewood"", ""medium"": ""Food"", ""low"": ""Water""}"
125-4_agent_1_desire,125-4,agent_1,"{'High': 'Food', 'Low': 'Water', 'Medium': 'Firewood'}","{'high': 'Food', 'medium': 'Firewood', 'low': 'Water'}",1,"{""high"": ""Food"", ""medium"": ""Firewood"", ""low"": ""Water""}"
125-4_agent_2_desire,125-4,agent_2,"{'Medium': 'Food', 'Low': 'Water', 'High': 'Firewood'}","{'high': 'Firewood', 'medium': 'Food', 'low': 'Water'}",1,"{""high"": ""Firewood"", ""medium"": ""Food"", ""low"": ""Water""}"
126-0_agent_1_desire,126-0,agent_1,"{'Low': 'Food', 'High': 'Water', 'Medium': 'Firewood'}","{'high': 'Water', 'medium': 'Food', 'low': 'Firewood'}",0,"{""high"": ""Water"", ""medium"": ""Food"", ""low"": ""Firewood""}"
126-0_agent_2_desire,126-0,agent_2,"{'Medium': 'Food', 'High': 'Water', 'Low': 'Firewood'}","{'high': 'Water', 'medium': 'Food', 'low': 'Firewood'}",1,"{""high"": ""Water"", ""medium"": ""Food"", ""low"": ""Firewood""}"
126-1_agent_1_desire,126-1,agent_1,"{'Low': 'Food', 'High': 'Water', 'Medium': 'Firewood'}","{'high': 'Food', 'medium': 'Water', 'low': 'Firewood'}",0,"{""high"": ""Food"", ""medium"": ""Water"", ""low"": ""Firewood""}"
126-1_agent_2_desire,126-1,agent_2,"{'Medium': 'Food', 'High': 'Water', 'Low': 'Firewood'}","{'high': 'Water', 'medium': 'Food', 'low': 'Firewood'}",1,"{""high"": ""Water"", ""medium"": ""Food"", ""low"": ""Firewood""}"
126-2_agent_1_desire,126-2,agent_1,"{'Low': 'Food', 'High': 'Water', 'Medium': 'Firewood'}","{'high': 'Food', 'medium': 'Water', 'low': 'Firewood'}",0,"{""high"": ""Food"", ""medium"": ""Water"", ""low"": ""Firewood""}"
126-2_agent_2_desire,126-2,agent_2,"{'Medium': 'Food', 'High': 'Water', 'Low': 'Firewood'}","{'high': 'Food', 'medium': 'Water', 'low': 'Firewood'}",0,"{""high"": ""Food"", ""medium"": ""Water"", ""low"": ""Firewood""}"
126-3_agent_1_desire,126-3,agent_1,"{'Low': 'Food', 'High': 'Water', 'Medium': 'Firewood'}","{'high': 'Water', 'medium': 'Food', 'low': 'Firewood'}",0,"{""high"": ""Water"", ""medium"": ""Food"", ""low"": ""Firewood""}"
126-3_agent_2_desire,126-3,agent_2,"{'Medium': 'Food', 'High': 'Water', 'Low': 'Firewood'}","{'high': 'Water', 'medium': 'Food', 'low': 'Firewood'}",1,"{""high"": ""Water"", ""medium"": ""Food"", ""low"": ""Firewood""}"
126-4_agent_1_desire,126-4,agent_1,"{'Low': 'Food', 'High': 'Water', 'Medium': 'Firewood'}","{'high': 'Food', 'medium': 'Water', 'low': 'Firewood'}",0,"{""high"": ""Food"", ""medium"": ""Water"", ""low"": ""Firewood""}"
126-4_agent_2_desire,126-4,agent_2,"{'Medium': 'Food', 'High': 'Water', 'Low': 'Firewood'}","{'high': 'Food', 'medium': 'Water', 'low': 'Firewood'}",0,"{""high"": ""Food"", ""medium"": ""Water"", ""low"": ""Firewood""}"
126-5_agent_1_desire,126-5,agent_1,"{'Low': 'Food', 'High': 'Water', 'Medium': 'Firewood'}","{'high': 'firewood', 'medium': 'water', 'low': 'food'}",0,"{""high"": ""firewood"", ""medium"": ""water"", ""low"": ""food""}"
126-5_agent_2_desire,126-5,agent_2,"{'Medium': 'Food', 'High': 'Water', 'Low': 'Firewood'}","{'high': 'firewood', 'medium': 'water', 'low': 'food'}",0,"{""high"": ""firewood"", ""medium"": ""water"", ""low"": ""food""}"
127-0_agent_1_desire,127-0,agent_1,"{'High': 'Food', 'Medium': 'Water', 'Low': 'Firewood'}","{'high': 'Food', 'medium': 'Water', 'low': 'Firewood'}",1,"{""high"": ""Food"", ""medium"": ""Water"", ""low"": ""Firewood""}"
127-0_agent_2_desire,127-0,agent_2,"{'High': 'Food', 'Medium': 'Water', 'Low': 'Firewood'}","{'high': 'Food', 'medium': 'Water', 'low': 'Firewood'}",1,"{""high"": ""Food"", ""medium"": ""Water"", ""low"": ""Firewood""}"
127-1_agent_1_desire,127-1,agent_1,"{'High': 'Food', 'Medium': 'Water', 'Low': 'Firewood'}","{'high': 'Food', 'medium': 'Water', 'low': 'Firewood'}",1,"{""high"": ""Food"", ""medium"": ""Water"", ""low"": ""Firewood""}"
127-1_agent_2_desire,127-1,agent_2,"{'High': 'Food', 'Medium': 'Water', 'Low': 'Firewood'}","{'high': 'Food', 'medium': 'Water', 'low': 'Firewood'}",1,"{""high"": ""Food"", ""medium"": ""Water"", ""low"": ""Firewood""}"
127-2_agent_1_desire,127-2,agent_1,"{'High': 'Food', 'Medium': 'Water', 'Low': 'Firewood'}","{'high': 'food', 'medium': 'water', 'low': 'firewood'}",1,"{""high"": ""food"", ""medium"": ""water"", ""low"": ""firewood""}"
127-2_agent_2_desire,127-2,agent_2,"{'High': 'Food', 'Medium': 'Water', 'Low': 'Firewood'}","{'high': 'food', 'medium': 'water', 'low': 'firewood'}",1,"{""high"": ""food"", ""medium"": ""water"", ""low"": ""firewood""}"
127-3_agent_1_desire,127-3,agent_1,"{'High': 'Food', 'Medium': 'Water', 'Low': 'Firewood'}","{'high': 'Food', 'medium': 'Water', 'low': 'Firewood'}",1,"{""high"": ""Food"", ""medium"": ""Water"", ""low"": ""Firewood""}"
127-3_agent_2_desire,127-3,agent_2,"{'High': 'Food', 'Medium': 'Water', 'Low': 'Firewood'}","{'high': 'water', 'medium': 'firewood', 'low': 'food'}",0,"{""high"": ""water"", ""medium"": ""firewood"", ""low"": ""food""}"
127-4_agent_1_desire,127-4,agent_1,"{'High': 'Food', 'Medium': 'Water', 'Low': 'Firewood'}","{'high': 'Food', 'medium': 'Water', 'low': 'Firewood'}",1,"{""high"": ""Food"", ""medium"": ""Water"", ""low"": ""Firewood""}"
127-4_agent_2_desire,127-4,agent_2,"{'High': 'Food', 'Medium': 'Water', 'Low': 'Firewood'}","{'high': 'Water', 'medium': 'Firewood', 'low': 'Food'}",0,"{""high"": ""Water"", ""medium"": ""Firewood"", ""low"": ""Food""}"
127-5_agent_1_desire,127-5,agent_1,"{'High': 'Food', 'Medium': 'Water', 'Low': 'Firewood'}","{'high': 'Food', 'medium': 'Water', 'low': 'Firewood'}",1,"{""high"": ""Food"", ""medium"": ""Water"", ""low"": ""Firewood""}"
127-5_agent_2_desire,127-5,agent_2,"{'High': 'Food', 'Medium': 'Water', 'Low': 'Firewood'}","{'high': 'Food', 'medium': 'Water', 'low': 'Firewood'}",1,"{""high"": ""Food"", ""medium"": ""Water"", ""low"": ""Firewood""}"
127-6_agent_1_desire,127-6,agent_1,"{'High': 'Food', 'Medium': 'Water', 'Low': 'Firewood'}","{'high': 'Food', 'medium': 'Water', 'low': 'Firewood'}",1,"{""high"": ""Food"", ""medium"": ""Water"", ""low"": ""Firewood""}"
127-6_agent_2_desire,127-6,agent_2,"{'High': 'Food', 'Medium': 'Water', 'Low': 'Firewood'}","{'high': 'water', 'medium': 'firewood', 'low': 'food'}",0,"{""high"": ""water"", ""medium"": ""firewood"", ""low"": ""food""}"
128-0_agent_1_desire,128-0,agent_1,"{'High': 'Food', 'Medium': 'Water', 'Low': 'Firewood'}","{'high': 'food', 'medium': 'water', 'low': 'firewood'}",1,"{""high"": ""food"", ""medium"": ""water"", ""low"": ""firewood""}"
128-0_agent_2_desire,128-0,agent_2,"{'Medium': 'Food', 'Low': 'Water', 'High': 'Firewood'}","{'high': 'water', 'medium': 'firewood', 'low': 'food'}",0,"{""high"": ""water"", ""medium"": ""firewood"", ""low"": ""food""}"
128-1_agent_1_desire,128-1,agent_1,"{'High': 'Food', 'Medium': 'Water', 'Low': 'Firewood'}","{'high': 'food', 'medium': 'water', 'low': 'firewood'}",1,"{""high"": ""food"", ""medium"": ""water"", ""low"": ""firewood""}"
128-1_agent_2_desire,128-1,agent_2,"{'Medium': 'Food', 'Low': 'Water', 'High': 'Firewood'}","{'high': 'water', 'medium': 'firewood', 'low': 'food'}",0,"{""high"": ""water"", ""medium"": ""firewood"", ""low"": ""food""}"
128-2_agent_1_desire,128-2,agent_1,"{'High': 'Food', 'Medium': 'Water', 'Low': 'Firewood'}","{'high': 'food', 'medium': 'water', 'low': 'firewood'}",1,"{""high"": ""food"", ""medium"": ""water"", ""low"": ""firewood""}"
128-2_agent_2_desire,128-2,agent_2,"{'Medium': 'Food', 'Low': 'Water', 'High': 'Firewood'}","{'high': 'firewood', 'medium': 'water', 'low': 'food'}",0,"{""high"": ""firewood"", ""medium"": ""water"", ""low"": ""food""}"
128-3_agent_1_desire,128-3,agent_1,"{'High': 'Food', 'Medium': 'Water', 'Low': 'Firewood'}","{'high': 'food', 'medium': 'water', 'low': 'firewood'}",1,"{""high"": ""food"", ""medium"": ""water"", ""low"": ""firewood""}"
128-3_agent_2_desire,128-3,agent_2,"{'Medium': 'Food', 'Low': 'Water', 'High': 'Firewood'}","{'high': 'firewood', 'medium': 'water', 'low': 'food'}",0,"{""high"": ""firewood"", ""medium"": ""water"", ""low"": ""food""}"
128-4_agent_1_desire,128-4,agent_1,"{'High': 'Food', 'Medium': 'Water', 'Low': 'Firewood'}","{'high': 'food', 'medium': 'water', 'low': 'firewood'}",1,"{""high"": ""food"", ""medium"": ""water"", ""low"": ""firewood""}"
128-4_agent_2_desire,128-4,agent_2,"{'Medium': 'Food', 'Low': 'Water', 'High': 'Firewood'}","{'high': 'firewood', 'medium': 'water', 'low': 'food'}",0,"{""high"": ""firewood"", ""medium"": ""water"", ""low"": ""food""}"
129-0_agent_1_desire,129-0,agent_1,"{'Low': 'Food', 'High': 'Water', 'Medium': 'Firewood'}","{'high': 'Firewood', 'medium': 'Food', 'low': 'Water'}",0,"{""high"": ""Firewood"", ""medium"": ""Food"", ""low"": ""Water""}"
129-0_agent_2_desire,129-0,agent_2,"{'Medium': 'Food', 'Low': 'Water', 'High': 'Firewood'}","{'high': 'Firewood', 'medium': 'Food', 'low': 'Water'}",1,"{""high"": ""Firewood"", ""medium"": ""Food"", ""low"": ""Water""}"
129-1_agent_1_desire,129-1,agent_1,"{'Low': 'Food', 'High': 'Water', 'Medium': 'Firewood'}","{'high': 'Firewood', 'medium': 'Food', 'low': 'Water'}",0,"{""high"": ""Firewood"", ""medium"": ""Food"", ""low"": ""Water""}"
129-1_agent_2_desire,129-1,agent_2,"{'Medium': 'Food', 'Low': 'Water', 'High': 'Firewood'}","{'high': 'Food', 'medium': 'Firewood', 'low': 'Water'}",0,"{""high"": ""Food"", ""medium"": ""Firewood"", ""low"": ""Water""}"
129-2_agent_1_desire,129-2,agent_1,"{'Low': 'Food', 'High': 'Water', 'Medium': 'Firewood'}","{'high': 'water', 'medium': 'firewood', 'low': 'food'}",1,"{""high"": ""water"", ""medium"": ""firewood"", ""low"": ""food""}"
129-2_agent_2_desire,129-2,agent_2,"{'Medium': 'Food', 'Low': 'Water', 'High': 'Firewood'}","{'high': 'food', 'medium': 'firewood', 'low': 'water'}",0,"{""high"": ""food"", ""medium"": ""firewood"", ""low"": ""water""}"
129-3_agent_1_desire,129-3,agent_1,"{'Low': 'Food', 'High': 'Water', 'Medium': 'Firewood'}","{'high': 'water', 'medium': 'firewood', 'low': 'food'}",1,"{""high"": ""water"", ""medium"": ""firewood"", ""low"": ""food""}"
129-3_agent_2_desire,129-3,agent_2,"{'Medium': 'Food', 'Low': 'Water', 'High': 'Firewood'}","{'high': 'food', 'medium': 'firewood', 'low': 'water'}",0,"{""high"": ""food"", ""medium"": ""firewood"", ""low"": ""water""}"
129-4_agent_1_desire,129-4,agent_1,"{'Low': 'Food', 'High': 'Water', 'Medium': 'Firewood'}","{'high': 'water', 'medium': 'firewood', 'low': 'food'}",1,"{""high"": ""water"", ""medium"": ""firewood"", ""low"": ""food""}"
129-4_agent_2_desire,129-4,agent_2,"{'Medium': 'Food', 'Low': 'Water', 'High': 'Firewood'}","{'high': 'food', 'medium': 'firewood', 'low': 'water'}",0,"{""high"": ""food"", ""medium"": ""firewood"", ""low"": ""water""}"
129-5_agent_1_desire,129-5,agent_1,"{'Low': 'Food', 'High': 'Water', 'Medium': 'Firewood'}","{'high': 'water', 'medium': 'food', 'low': 'firewood'}",0,"{""high"": ""water"", ""medium"": ""food"", ""low"": ""firewood""}"
129-5_agent_2_desire,129-5,agent_2,"{'Medium': 'Food', 'Low': 'Water', 'High': 'Firewood'}","{'high': 'firewood', 'medium': 'food', 'low': 'water'}",1,"{""high"": ""firewood"", ""medium"": ""food"", ""low"": ""water""}"
129-6_agent_1_desire,129-6,agent_1,"{'Low': 'Food', 'High': 'Water', 'Medium': 'Firewood'}","{'high': 'water', 'medium': 'firewood', 'low': 'food'}",1,"{""high"": ""water"", ""medium"": ""firewood"", ""low"": ""food""}"
129-6_agent_2_desire,129-6,agent_2,"{'Medium': 'Food', 'Low': 'Water', 'High': 'Firewood'}","{'high': 'firewood', 'medium': 'food', 'low': 'water'}",1,"{""high"": ""firewood"", ""medium"": ""food"", ""low"": ""water""}"
130-0_agent_1_desire,130-0,agent_1,"{'Medium': 'Food', 'High': 'Water', 'Low': 'Firewood'}","{'high': 'Water', 'medium': 'Food', 'low': 'Firewood'}",1,"{""high"": ""Water"", ""medium"": ""Food"", ""low"": ""Firewood""}"
130-0_agent_2_desire,130-0,agent_2,"{'Medium': 'Food', 'High': 'Water', 'Low': 'Firewood'}","{'high': 'firewood', 'medium': 'food', 'low': 'water'}",0,"{""high"": ""firewood"", ""medium"": ""food"", ""low"": ""water""}"
130-1_agent_1_desire,130-1,agent_1,"{'Medium': 'Food', 'High': 'Water', 'Low': 'Firewood'}","{'high': 'water', 'medium': 'food', 'low': 'firewood'}",1,"{""high"": ""water"", ""medium"": ""food"", ""low"": ""firewood""}"
130-1_agent_2_desire,130-1,agent_2,"{'Medium': 'Food', 'High': 'Water', 'Low': 'Firewood'}","{'high': 'water', 'medium': 'food', 'low': 'firewood'}",1,"{""high"": ""water"", ""medium"": ""food"", ""low"": ""firewood""}"
130-2_agent_1_desire,130-2,agent_1,"{'Medium': 'Food', 'High': 'Water', 'Low': 'Firewood'}","{'high': 'Water', 'medium': 'Food', 'low': 'Firewood'}",1,"{""high"": ""Water"", ""medium"": ""Food"", ""low"": ""Firewood""}"
130-2_agent_2_desire,130-2,agent_2,"{'Medium': 'Food', 'High': 'Water', 'Low': 'Firewood'}","{'high': 'food', 'medium': 'firewood', 'low': 'water'}",0,"{""high"": ""food"", ""medium"": ""firewood"", ""low"": ""water""}"
130-3_agent_1_desire,130-3,agent_1,"{'Medium': 'Food', 'High': 'Water', 'Low': 'Firewood'}","{'high': 'water', 'medium': 'food', 'low': 'firewood'}",1,"{""high"": ""water"", ""medium"": ""food"", ""low"": ""firewood""}"
130-3_agent_2_desire,130-3,agent_2,"{'Medium': 'Food', 'High': 'Water', 'Low': 'Firewood'}","{'high': 'food', 'medium': 'firewood', 'low': 'water'}",0,"{""high"": ""food"", ""medium"": ""firewood"", ""low"": ""water""}"
130-4_agent_1_desire,130-4,agent_1,"{'Medium': 'Food', 'High': 'Water', 'Low': 'Firewood'}","{'high': 'water', 'medium': 'food', 'low': 'firewood'}",1,"{""high"": ""water"", ""medium"": ""food"", ""low"": ""firewood""}"
130-4_agent_2_desire,130-4,agent_2,"{'Medium': 'Food', 'High': 'Water', 'Low': 'Firewood'}","{'high': 'firewood', 'medium': 'food', 'low': 'water'}",0,"{""high"": ""firewood"", ""medium"": ""food"", ""low"": ""water""}"
130-5_agent_1_desire,130-5,agent_1,"{'Medium': 'Food', 'High': 'Water', 'Low': 'Firewood'}","{'high': 'water', 'medium': 'food', 'low': 'firewood'}",1,"{""high"": ""water"", ""medium"": ""food"", ""low"": ""firewood""}"
130-5_agent_2_desire,130-5,agent_2,"{'Medium': 'Food', 'High': 'Water', 'Low': 'Firewood'}","{'high': 'firewood', 'medium': 'food', 'low': 'water'}",0,"{""high"": ""firewood"", ""medium"": ""food"", ""low"": ""water""}"
131-0_agent_1_desire,131-0,agent_1,"{'Medium': 'Food', 'High': 'Water', 'Low': 'Firewood'}","{'high': 'Water', 'medium': 'Food', 'low': 'Firewood'}",1,"{""high"": ""Water"", ""medium"": ""Food"", ""low"": ""Firewood""}"
131-0_agent_2_desire,131-0,agent_2,"{'Low': 'Food', 'High': 'Water', 'Medium': 'Firewood'}","{'high': 'Water', 'medium': 'Food', 'low': 'Firewood'}",0,"{""high"": ""Water"", ""medium"": ""Food"", ""low"": ""Firewood""}"
131-1_agent_1_desire,131-1,agent_1,"{'Medium': 'Food', 'High': 'Water', 'Low': 'Firewood'}","{'high': 'Food', 'medium': 'Water', 'low': 'Firewood'}",0,"{""high"": ""Food"", ""medium"": ""Water"", ""low"": ""Firewood""}"
131-1_agent_2_desire,131-1,agent_2,"{'Low': 'Food', 'High': 'Water', 'Medium': 'Firewood'}","{'high': 'Food', 'medium': 'Water', 'low': 'Firewood'}",0,"{""high"": ""Food"", ""medium"": ""Water"", ""low"": ""Firewood""}"
131-2_agent_1_desire,131-2,agent_1,"{'Medium': 'Food', 'High': 'Water', 'Low': 'Firewood'}","{'high': 'Food', 'medium': 'Firewood', 'low': 'Water'}",0,"{""high"": ""Food"", ""medium"": ""Firewood"", ""low"": ""Water""}"
131-2_agent_2_desire,131-2,agent_2,"{'Low': 'Food', 'High': 'Water', 'Medium': 'Firewood'}","{'high': 'Water', 'medium': 'Firewood', 'low': 'Food'}",1,"{""high"": ""Water"", ""medium"": ""Firewood"", ""low"": ""Food""}"
131-3_agent_1_desire,131-3,agent_1,"{'Medium': 'Food', 'High': 'Water', 'Low': 'Firewood'}","{'high': 'Food', 'medium': 'Water', 'low': 'Firewood'}",0,"{""high"": ""Food"", ""medium"": ""Water"", ""low"": ""Firewood""}"
131-3_agent_2_desire,131-3,agent_2,"{'Low': 'Food', 'High': 'Water', 'Medium': 'Firewood'}","{'high': 'water', 'medium': 'firewood', 'low': 'food'}",1,"{""high"": ""water"", ""medium"": ""firewood"", ""low"": ""food""}"
131-4_agent_1_desire,131-4,agent_1,"{'Medium': 'Food', 'High': 'Water', 'Low': 'Firewood'}","{'high': 'Food', 'medium': 'Water', 'low': 'Firewood'}",0,"{""high"": ""Food"", ""medium"": ""Water"", ""low"": ""Firewood""}"
131-4_agent_2_desire,131-4,agent_2,"{'Low': 'Food', 'High': 'Water', 'Medium': 'Firewood'}","{'high': 'water', 'medium': 'firewood', 'low': 'food'}",1,"{""high"": ""water"", ""medium"": ""firewood"", ""low"": ""food""}"
132-0_agent_1_desire,132-0,agent_1,"{'High': 'Food', 'Medium': 'Water', 'Low': 'Firewood'}","{'high': 'Water', 'medium': 'Food', 'low': 'Firewood'}",0,"{""high"": ""Water"", ""medium"": ""Food"", ""low"": ""Firewood""}"
132-0_agent_2_desire,132-0,agent_2,"{'High': 'Food', 'Low': 'Water', 'Medium': 'Firewood'}","{'high': 'Food', 'medium': 'Water', 'low': 'Firewood'}",0,"{""high"": ""Food"", ""medium"": ""Water"", ""low"": ""Firewood""}"
132-1_agent_1_desire,132-1,agent_1,"{'High': 'Food', 'Medium': 'Water', 'Low': 'Firewood'}","{'high': 'food', 'medium': 'water', 'low': 'firewood'}",1,"{""high"": ""food"", ""medium"": ""water"", ""low"": ""firewood""}"
132-1_agent_2_desire,132-1,agent_2,"{'High': 'Food', 'Low': 'Water', 'Medium': 'Firewood'}","{'high': 'Water', 'medium': 'Firewood', 'low': 'Food'}",0,"{""high"": ""Water"", ""medium"": ""Firewood"", ""low"": ""Food""}"
132-2_agent_1_desire,132-2,agent_1,"{'High': 'Food', 'Medium': 'Water', 'Low': 'Firewood'}","{'high': 'Food', 'medium': 'Water', 'low': 'Firewood'}",1,"{""high"": ""Food"", ""medium"": ""Water"", ""low"": ""Firewood""}"
132-2_agent_2_desire,132-2,agent_2,"{'High': 'Food', 'Low': 'Water', 'Medium': 'Firewood'}","{'high': 'Food', 'medium': 'Water', 'low': 'Firewood'}",0,"{""high"": ""Food"", ""medium"": ""Water"", ""low"": ""Firewood""}"
132-3_agent_1_desire,132-3,agent_1,"{'High': 'Food', 'Medium': 'Water', 'Low': 'Firewood'}","{'high': 'Food', 'medium': 'Water', 'low': 'Firewood'}",1,"{""high"": ""Food"", ""medium"": ""Water"", ""low"": ""Firewood""}"
132-3_agent_2_desire,132-3,agent_2,"{'High': 'Food', 'Low': 'Water', 'Medium': 'Firewood'}","{'high': 'Food', 'medium': 'Water', 'low': 'Firewood'}",0,"{""high"": ""Food"", ""medium"": ""Water"", ""low"": ""Firewood""}"
132-4_agent_1_desire,132-4,agent_1,"{'High': 'Food', 'Medium': 'Water', 'Low': 'Firewood'}","{'high': 'food', 'medium': 'water', 'low': 'firewood'}",1,"{""high"": ""food"", ""medium"": ""water"", ""low"": ""firewood""}"
132-4_agent_2_desire,132-4,agent_2,"{'High': 'Food', 'Low': 'Water', 'Medium': 'Firewood'}","{'high': 'firewood', 'medium': 'water', 'low': 'food'}",0,"{""high"": ""firewood"", ""medium"": ""water"", ""low"": ""food""}"
132-5_agent_1_desire,132-5,agent_1,"{'High': 'Food', 'Medium': 'Water', 'Low': 'Firewood'}","{'high': 'food', 'medium': 'water', 'low': 'firewood'}",1,"{""high"": ""food"", ""medium"": ""water"", ""low"": ""firewood""}"
132-5_agent_2_desire,132-5,agent_2,"{'High': 'Food', 'Low': 'Water', 'Medium': 'Firewood'}","{'high': 'firewood', 'medium': 'water', 'low': 'food'}",0,"{""high"": ""firewood"", ""medium"": ""water"", ""low"": ""food""}"
133-0_agent_1_desire,133-0,agent_1,"{'Low': 'Food', 'High': 'Water', 'Medium': 'Firewood'}","{'high': 'food', 'medium': 'water', 'low': 'firewood'}",0,"{""high"": ""food"", ""medium"": ""water"", ""low"": ""firewood""}"
133-0_agent_2_desire,133-0,agent_2,"{'Medium': 'Food', 'High': 'Water', 'Low': 'Firewood'}","{'high': 'Water', 'medium': 'Food', 'low': 'Firewood'}",1,"{""high"": ""Water"", ""medium"": ""Food"", ""low"": ""Firewood""}"
133-1_agent_1_desire,133-1,agent_1,"{'Low': 'Food', 'High': 'Water', 'Medium': 'Firewood'}","{'high': 'water', 'medium': 'firewood', 'low': 'food'}",1,"{""high"": ""water"", ""medium"": ""firewood"", ""low"": ""food""}"
133-1_agent_2_desire,133-1,agent_2,"{'Medium': 'Food', 'High': 'Water', 'Low': 'Firewood'}","{'high': 'water', 'medium': 'food', 'low': 'firewood'}",1,"{""high"": ""water"", ""medium"": ""food"", ""low"": ""firewood""}"
133-2_agent_1_desire,133-2,agent_1,"{'Low': 'Food', 'High': 'Water', 'Medium': 'Firewood'}","{'high': 'Water', 'medium': 'Firewood', 'low': 'Food'}",1,"{""high"": ""Water"", ""medium"": ""Firewood"", ""low"": ""Food""}"
133-2_agent_2_desire,133-2,agent_2,"{'Medium': 'Food', 'High': 'Water', 'Low': 'Firewood'}","{'high': 'water', 'medium': 'food', 'low': 'firewood'}",1,"{""high"": ""water"", ""medium"": ""food"", ""low"": ""firewood""}"
133-3_agent_1_desire,133-3,agent_1,"{'Low': 'Food', 'High': 'Water', 'Medium': 'Firewood'}","{'high': 'Water', 'medium': 'Firewood', 'low': 'Food'}",1,"{""high"": ""Water"", ""medium"": ""Firewood"", ""low"": ""Food""}"
133-3_agent_2_desire,133-3,agent_2,"{'Medium': 'Food', 'High': 'Water', 'Low': 'Firewood'}","{'high': 'water', 'medium': 'firewood', 'low': 'food'}",0,"{""high"": ""water"", ""medium"": ""firewood"", ""low"": ""food""}"
133-4_agent_1_desire,133-4,agent_1,"{'Low': 'Food', 'High': 'Water', 'Medium': 'Firewood'}","{'high': 'Water', 'medium': 'Firewood', 'low': 'Food'}",1,"{""high"": ""Water"", ""medium"": ""Firewood"", ""low"": ""Food""}"
133-4_agent_2_desire,133-4,agent_2,"{'Medium': 'Food', 'High': 'Water', 'Low': 'Firewood'}","{'high': 'water', 'medium': 'food', 'low': 'firewood'}",1,"{""high"": ""water"", ""medium"": ""food"", ""low"": ""firewood""}"
133-5_agent_1_desire,133-5,agent_1,"{'Low': 'Food', 'High': 'Water', 'Medium': 'Firewood'}","{'high': 'water', 'medium': 'firewood', 'low': 'food'}",1,"{""high"": ""water"", ""medium"": ""firewood"", ""low"": ""food""}"
133-5_agent_2_desire,133-5,agent_2,"{'Medium': 'Food', 'High': 'Water', 'Low': 'Firewood'}","{'high': 'water', 'medium': 'food', 'low': 'firewood'}",1,"{""high"": ""water"", ""medium"": ""food"", ""low"": ""firewood""}"
133-6_agent_1_desire,133-6,agent_1,"{'Low': 'Food', 'High': 'Water', 'Medium': 'Firewood'}","{'high': 'Water', 'medium': 'Firewood', 'low': 'Food'}",1,"{""high"": ""Water"", ""medium"": ""Firewood"", ""low"": ""Food""}"
133-6_agent_2_desire,133-6,agent_2,"{'Medium': 'Food', 'High': 'Water', 'Low': 'Firewood'}","{'high': 'water', 'medium': 'food', 'low': 'firewood'}",1,"{""high"": ""water"", ""medium"": ""food"", ""low"": ""firewood""}"
133-7_agent_1_desire,133-7,agent_1,"{'Low': 'Food', 'High': 'Water', 'Medium': 'Firewood'}","{'high': 'water', 'medium': 'firewood', 'low': 'food'}",1,"{""high"": ""water"", ""medium"": ""firewood"", ""low"": ""food""}"
133-7_agent_2_desire,133-7,agent_2,"{'Medium': 'Food', 'High': 'Water', 'Low': 'Firewood'}","{'high': 'water', 'medium': 'food', 'low': 'firewood'}",1,"{""high"": ""water"", ""medium"": ""food"", ""low"": ""firewood""}"
133-8_agent_1_desire,133-8,agent_1,"{'Low': 'Food', 'High': 'Water', 'Medium': 'Firewood'}","{'high': 'Water', 'medium': 'Firewood', 'low': 'Food'}",1,"{""high"": ""Water"", ""medium"": ""Firewood"", ""low"": ""Food""}"
133-8_agent_2_desire,133-8,agent_2,"{'Medium': 'Food', 'High': 'Water', 'Low': 'Firewood'}","{'high': 'water', 'medium': 'food', 'low': 'firewood'}",1,"{""high"": ""water"", ""medium"": ""food"", ""low"": ""firewood""}"
133-9_agent_1_desire,133-9,agent_1,"{'Low': 'Food', 'High': 'Water', 'Medium': 'Firewood'}","{'high': 'water', 'medium': 'firewood', 'low': 'food'}",1,"{""high"": ""water"", ""medium"": ""firewood"", ""low"": ""food""}"
133-9_agent_2_desire,133-9,agent_2,"{'Medium': 'Food', 'High': 'Water', 'Low': 'Firewood'}","{'high': 'water', 'medium': 'food', 'low': 'firewood'}",1,"{""high"": ""water"", ""medium"": ""food"", ""low"": ""firewood""}"
134-0_agent_1_desire,134-0,agent_1,"{'High': 'Food', 'Low': 'Water', 'Medium': 'Firewood'}","{'high': 'Water', 'medium': 'Food', 'low': 'Firewood'}",0,"{""high"": ""Water"", ""medium"": ""Food"", ""low"": ""Firewood""}"
134-0_agent_2_desire,134-0,agent_2,"{'Low': 'Food', 'High': 'Water', 'Medium': 'Firewood'}","{'high': 'Water', 'medium': 'Food', 'low': 'Firewood'}",0,"{""high"": ""Water"", ""medium"": ""Food"", ""low"": ""Firewood""}"
134-1_agent_1_desire,134-1,agent_1,"{'High': 'Food', 'Low': 'Water', 'Medium': 'Firewood'}","{'high': 'Water', 'medium': 'Food', 'low': 'Firewood'}",0,"{""high"": ""Water"", ""medium"": ""Food"", ""low"": ""Firewood""}"
134-1_agent_2_desire,134-1,agent_2,"{'Low': 'Food', 'High': 'Water', 'Medium': 'Firewood'}","{'high': 'Firewood', 'medium': 'Water', 'low': 'Food'}",0,"{""high"": ""Firewood"", ""medium"": ""Water"", ""low"": ""Food""}"
134-2_agent_1_desire,134-2,agent_1,"{'High': 'Food', 'Low': 'Water', 'Medium': 'Firewood'}","{'high': 'Food', 'medium': 'Firewood', 'low': 'Water'}",1,"{""high"": ""Food"", ""medium"": ""Firewood"", ""low"": ""Water""}"
134-2_agent_2_desire,134-2,agent_2,"{'Low': 'Food', 'High': 'Water', 'Medium': 'Firewood'}","{'high': 'water', 'medium': 'food', 'low': 'firewood'}",0,"{""high"": ""water"", ""medium"": ""food"", ""low"": ""firewood""}"
134-3_agent_1_desire,134-3,agent_1,"{'High': 'Food', 'Low': 'Water', 'Medium': 'Firewood'}","{'high': 'Food', 'medium': 'Firewood', 'low': 'Water'}",1,"{""high"": ""Food"", ""medium"": ""Firewood"", ""low"": ""Water""}"
134-3_agent_2_desire,134-3,agent_2,"{'Low': 'Food', 'High': 'Water', 'Medium': 'Firewood'}","{'high': 'water', 'medium': 'firewood', 'low': 'food'}",1,"{""high"": ""water"", ""medium"": ""firewood"", ""low"": ""food""}"
134-4_agent_1_desire,134-4,agent_1,"{'High': 'Food', 'Low': 'Water', 'Medium': 'Firewood'}","{'high': 'Food', 'medium': 'Firewood', 'low': 'Water'}",1,"{""high"": ""Food"", ""medium"": ""Firewood"", ""low"": ""Water""}"
134-4_agent_2_desire,134-4,agent_2,"{'Low': 'Food', 'High': 'Water', 'Medium': 'Firewood'}","{'high': 'Water', 'medium': 'Firewood', 'low': 'Food'}",1,"{""high"": ""Water"", ""medium"": ""Firewood"", ""low"": ""Food""}"
135-0_agent_1_desire,135-0,agent_1,"{'Low': 'Food', 'Medium': 'Water', 'High': 'Firewood'}","{'high': 'Firewood', 'medium': 'Water', 'low': 'Food'}",1,"{""high"": ""Firewood"", ""medium"": ""Water"", ""low"": ""Food""}"
135-0_agent_2_desire,135-0,agent_2,"{'Low': 'Food', 'Medium': 'Water', 'High': 'Firewood'}","{'high': 'firewood', 'medium': 'water', 'low': 'food'}",1,"{""high"": ""firewood"", ""medium"": ""water"", ""low"": ""food""}"
135-1_agent_1_desire,135-1,agent_1,"{'Low': 'Food', 'Medium': 'Water', 'High': 'Firewood'}","{'high': 'Firewood', 'medium': 'Food', 'low': 'Water'}",0,"{""high"": ""Firewood"", ""medium"": ""Food"", ""low"": ""Water""}"
135-1_agent_2_desire,135-1,agent_2,"{'Low': 'Food', 'Medium': 'Water', 'High': 'Firewood'}","{'high': 'Water', 'medium': 'Food', 'low': 'Firewood'}",0,"{""high"": ""Water"", ""medium"": ""Food"", ""low"": ""Firewood""}"
135-2_agent_1_desire,135-2,agent_1,"{'Low': 'Food', 'Medium': 'Water', 'High': 'Firewood'}","{'high': 'firewood', 'medium': 'water', 'low': 'food'}",1,"{""high"": ""firewood"", ""medium"": ""water"", ""low"": ""food""}"
135-2_agent_2_desire,135-2,agent_2,"{'Low': 'Food', 'Medium': 'Water', 'High': 'Firewood'}","{'high': 'food', 'medium': 'water', 'low': 'firewood'}",0,"{""high"": ""food"", ""medium"": ""water"", ""low"": ""firewood""}"
135-3_agent_1_desire,135-3,agent_1,"{'Low': 'Food', 'Medium': 'Water', 'High': 'Firewood'}","{'high': 'firewood', 'medium': 'water', 'low': 'food'}",1,"{""high"": ""firewood"", ""medium"": ""water"", ""low"": ""food""}"
135-3_agent_2_desire,135-3,agent_2,"{'Low': 'Food', 'Medium': 'Water', 'High': 'Firewood'}","{'high': 'water', 'medium': 'food', 'low': 'firewood'}",0,"{""high"": ""water"", ""medium"": ""food"", ""low"": ""firewood""}"
135-4_agent_1_desire,135-4,agent_1,"{'Low': 'Food', 'Medium': 'Water', 'High': 'Firewood'}","{'high': 'firewood', 'medium': 'water', 'low': 'food'}",1,"{""high"": ""firewood"", ""medium"": ""water"", ""low"": ""food""}"
135-4_agent_2_desire,135-4,agent_2,"{'Low': 'Food', 'Medium': 'Water', 'High': 'Firewood'}","{'high': 'Water', 'medium': 'Food', 'low': 'Firewood'}",0,"{""high"": ""Water"", ""medium"": ""Food"", ""low"": ""Firewood""}"
135-5_agent_1_desire,135-5,agent_1,"{'Low': 'Food', 'Medium': 'Water', 'High': 'Firewood'}","{'high': 'firewood', 'medium': 'water', 'low': 'food'}",1,"{""high"": ""firewood"", ""medium"": ""water"", ""low"": ""food""}"
135-5_agent_2_desire,135-5,agent_2,"{'Low': 'Food', 'Medium': 'Water', 'High': 'Firewood'}","{'high': 'water', 'medium': 'food', 'low': 'firewood'}",0,"{""high"": ""water"", ""medium"": ""food"", ""low"": ""firewood""}"
136-0_agent_1_desire,136-0,agent_1,"{'Medium': 'Food', 'High': 'Water', 'Low': 'Firewood'}","{'high': 'Food', 'medium': 'Water', 'low': 'Firewood'}",0,"{""high"": ""Food"", ""medium"": ""Water"", ""low"": ""Firewood""}"
136-0_agent_2_desire,136-0,agent_2,"{'Medium': 'Food', 'Low': 'Water', 'High': 'Firewood'}","{'high': 'Water', 'medium': 'Food', 'low': 'Firewood'}",0,"{""high"": ""Water"", ""medium"": ""Food"", ""low"": ""Firewood""}"
136-1_agent_1_desire,136-1,agent_1,"{'Medium': 'Food', 'High': 'Water', 'Low': 'Firewood'}","{'high': 'Food', 'medium': 'Water', 'low': 'Firewood'}",0,"{""high"": ""Food"", ""medium"": ""Water"", ""low"": ""Firewood""}"
136-1_agent_2_desire,136-1,agent_2,"{'Medium': 'Food', 'Low': 'Water', 'High': 'Firewood'}","{'high': 'Firewood', 'medium': 'Food', 'low': 'Water'}",1,"{""high"": ""Firewood"", ""medium"": ""Food"", ""low"": ""Water""}"
136-2_agent_1_desire,136-2,agent_1,"{'Medium': 'Food', 'High': 'Water', 'Low': 'Firewood'}","{'high': 'water', 'medium': 'food', 'low': 'firewood'}",1,"{""high"": ""water"", ""medium"": ""food"", ""low"": ""firewood""}"
136-2_agent_2_desire,136-2,agent_2,"{'Medium': 'Food', 'Low': 'Water', 'High': 'Firewood'}","{'high': 'Firewood', 'medium': 'Water', 'low': 'Food'}",0,"{""high"": ""Firewood"", ""medium"": ""Water"", ""low"": ""Food""}"
136-3_agent_1_desire,136-3,agent_1,"{'Medium': 'Food', 'High': 'Water', 'Low': 'Firewood'}","{'high': 'water', 'medium': 'food', 'low': 'firewood'}",1,"{""high"": ""water"", ""medium"": ""food"", ""low"": ""firewood""}"
136-3_agent_2_desire,136-3,agent_2,"{'Medium': 'Food', 'Low': 'Water', 'High': 'Firewood'}","{'high': 'firewood', 'medium': 'food', 'low': 'water'}",1,"{""high"": ""firewood"", ""medium"": ""food"", ""low"": ""water""}"
136-4_agent_1_desire,136-4,agent_1,"{'Medium': 'Food', 'High': 'Water', 'Low': 'Firewood'}","{'high': 'water', 'medium': 'food', 'low': 'firewood'}",1,"{""high"": ""water"", ""medium"": ""food"", ""low"": ""firewood""}"
136-4_agent_2_desire,136-4,agent_2,"{'Medium': 'Food', 'Low': 'Water', 'High': 'Firewood'}","{'high': 'firewood', 'medium': 'food', 'low': 'water'}",1,"{""high"": ""firewood"", ""medium"": ""food"", ""low"": ""water""}"
137-0_agent_1_desire,137-0,agent_1,"{'Low': 'Food', 'High': 'Water', 'Medium': 'Firewood'}","{'high': 'Food', 'medium': 'Water', 'low': 'Firewood'}",0,"{""high"": ""Food"", ""medium"": ""Water"", ""low"": ""Firewood""}"
137-0_agent_2_desire,137-0,agent_2,"{'Medium': 'Food', 'High': 'Water', 'Low': 'Firewood'}","{'high': 'Water', 'medium': 'Food', 'low': 'Firewood'}",1,"{""high"": ""Water"", ""medium"": ""Food"", ""low"": ""Firewood""}"
137-1_agent_1_desire,137-1,agent_1,"{'Low': 'Food', 'High': 'Water', 'Medium': 'Firewood'}","{'high': 'water', 'medium': 'firewood', 'low': 'food'}",1,"{""high"": ""water"", ""medium"": ""firewood"", ""low"": ""food""}"
137-1_agent_2_desire,137-1,agent_2,"{'Medium': 'Food', 'High': 'Water', 'Low': 'Firewood'}","{'high': 'water', 'medium': 'firewood', 'low': 'food'}",0,"{""high"": ""water"", ""medium"": ""firewood"", ""low"": ""food""}"
137-2_agent_1_desire,137-2,agent_1,"{'Low': 'Food', 'High': 'Water', 'Medium': 'Firewood'}","{'high': 'Water', 'medium': 'Food', 'low': 'Firewood'}",0,"{""high"": ""Water"", ""medium"": ""Food"", ""low"": ""Firewood""}"
137-2_agent_2_desire,137-2,agent_2,"{'Medium': 'Food', 'High': 'Water', 'Low': 'Firewood'}","{'high': 'Water', 'medium': 'Food', 'low': 'Firewood'}",1,"{""high"": ""Water"", ""medium"": ""Food"", ""low"": ""Firewood""}"
137-3_agent_1_desire,137-3,agent_1,"{'Low': 'Food', 'High': 'Water', 'Medium': 'Firewood'}","{'high': 'water', 'medium': 'firewood', 'low': 'food'}",1,"{""high"": ""water"", ""medium"": ""firewood"", ""low"": ""food""}"
137-3_agent_2_desire,137-3,agent_2,"{'Medium': 'Food', 'High': 'Water', 'Low': 'Firewood'}","{'high': 'water', 'medium': 'food', 'low': 'firewood'}",1,"{""high"": ""water"", ""medium"": ""food"", ""low"": ""firewood""}"
137-4_agent_1_desire,137-4,agent_1,"{'Low': 'Food', 'High': 'Water', 'Medium': 'Firewood'}","{'high': 'water', 'medium': 'firewood', 'low': 'food'}",1,"{""high"": ""water"", ""medium"": ""firewood"", ""low"": ""food""}"
137-4_agent_2_desire,137-4,agent_2,"{'Medium': 'Food', 'High': 'Water', 'Low': 'Firewood'}","{'high': 'water', 'medium': 'food', 'low': 'firewood'}",1,"{""high"": ""water"", ""medium"": ""food"", ""low"": ""firewood""}"
138-0_agent_1_desire,138-0,agent_1,"{'Medium': 'Food', 'Low': 'Water', 'High': 'Firewood'}","{'high': 'Food', 'medium': 'Water', 'low': 'Firewood'}",0,"{""high"": ""Food"", ""medium"": ""Water"", ""low"": ""Firewood""}"
138-0_agent_2_desire,138-0,agent_2,"{'Medium': 'Food', 'Low': 'Water', 'High': 'Firewood'}","{'high': 'Firewood', 'medium': 'Food', 'low': 'Water'}",1,"{""high"": ""Firewood"", ""medium"": ""Food"", ""low"": ""Water""}"
138-1_agent_1_desire,138-1,agent_1,"{'Medium': 'Food', 'Low': 'Water', 'High': 'Firewood'}","{'high': 'firewood', 'medium': 'water', 'low': 'food'}",0,"{""high"": ""firewood"", ""medium"": ""water"", ""low"": ""food""}"
138-1_agent_2_desire,138-1,agent_2,"{'Medium': 'Food', 'Low': 'Water', 'High': 'Firewood'}","{'high': 'firewood', 'medium': 'water', 'low': 'food'}",0,"{""high"": ""firewood"", ""medium"": ""water"", ""low"": ""food""}"
138-2_agent_1_desire,138-2,agent_1,"{'Medium': 'Food', 'Low': 'Water', 'High': 'Firewood'}","{'high': 'firewood', 'medium': 'food', 'low': 'water'}",1,"{""high"": ""firewood"", ""medium"": ""food"", ""low"": ""water""}"
138-2_agent_2_desire,138-2,agent_2,"{'Medium': 'Food', 'Low': 'Water', 'High': 'Firewood'}","{'high': 'firewood', 'medium': 'food', 'low': 'water'}",1,"{""high"": ""firewood"", ""medium"": ""food"", ""low"": ""water""}"
138-3_agent_1_desire,138-3,agent_1,"{'Medium': 'Food', 'Low': 'Water', 'High': 'Firewood'}","{'high': 'Firewood', 'medium': 'Food', 'low': 'Water'}",1,"{""high"": ""Firewood"", ""medium"": ""Food"", ""low"": ""Water""}"
138-3_agent_2_desire,138-3,agent_2,"{'Medium': 'Food', 'Low': 'Water', 'High': 'Firewood'}","{'high': 'firewood', 'medium': 'food', 'low': 'water'}",1,"{""high"": ""firewood"", ""medium"": ""food"", ""low"": ""water""}"
138-4_agent_1_desire,138-4,agent_1,"{'Medium': 'Food', 'Low': 'Water', 'High': 'Firewood'}","{'high': 'firewood', 'medium': 'food', 'low': 'water'}",1,"{""high"": ""firewood"", ""medium"": ""food"", ""low"": ""water""}"
138-4_agent_2_desire,138-4,agent_2,"{'Medium': 'Food', 'Low': 'Water', 'High': 'Firewood'}","{'high': 'firewood', 'medium': 'food', 'low': 'water'}",1,"{""high"": ""firewood"", ""medium"": ""food"", ""low"": ""water""}"
139-0_agent_1_desire,139-0,agent_1,"{'Medium': 'Food', 'High': 'Water', 'Low': 'Firewood'}","{'high': 'Water', 'medium': 'Firewood', 'low': 'Food'}",0,"{""high"": ""Water"", ""medium"": ""Firewood"", ""low"": ""Food""}"
139-0_agent_2_desire,139-0,agent_2,"{'High': 'Food', 'Low': 'Water', 'Medium': 'Firewood'}","{'high': 'Food', 'medium': 'Water', 'low': 'Firewood'}",0,"{""high"": ""Food"", ""medium"": ""Water"", ""low"": ""Firewood""}"
139-1_agent_1_desire,139-1,agent_1,"{'Medium': 'Food', 'High': 'Water', 'Low': 'Firewood'}","{'high': 'Food', 'medium': 'Water', 'low': 'Firewood'}",0,"{""high"": ""Food"", ""medium"": ""Water"", ""low"": ""Firewood""}"
139-1_agent_2_desire,139-1,agent_2,"{'High': 'Food', 'Low': 'Water', 'Medium': 'Firewood'}","{'high': 'Food', 'medium': 'Water', 'low': 'Firewood'}",0,"{""high"": ""Food"", ""medium"": ""Water"", ""low"": ""Firewood""}"
139-2_agent_1_desire,139-2,agent_1,"{'Medium': 'Food', 'High': 'Water', 'Low': 'Firewood'}","{'high': 'water', 'medium': 'food', 'low': 'firewood'}",1,"{""high"": ""water"", ""medium"": ""food"", ""low"": ""firewood""}"
139-2_agent_2_desire,139-2,agent_2,"{'High': 'Food', 'Low': 'Water', 'Medium': 'Firewood'}","{'high': 'Food', 'medium': 'Water', 'low': 'Firewood'}",0,"{""high"": ""Food"", ""medium"": ""Water"", ""low"": ""Firewood""}"
139-3_agent_1_desire,139-3,agent_1,"{'Medium': 'Food', 'High': 'Water', 'Low': 'Firewood'}","{'high': 'water', 'medium': 'food', 'low': 'firewood'}",1,"{""high"": ""water"", ""medium"": ""food"", ""low"": ""firewood""}"
139-3_agent_2_desire,139-3,agent_2,"{'High': 'Food', 'Low': 'Water', 'Medium': 'Firewood'}","{'high': 'Food', 'medium': 'Firewood', 'low': 'Water'}",1,"{""high"": ""Food"", ""medium"": ""Firewood"", ""low"": ""Water""}"
139-4_agent_1_desire,139-4,agent_1,"{'Medium': 'Food', 'High': 'Water', 'Low': 'Firewood'}","{'high': 'water', 'medium': 'food', 'low': 'firewood'}",1,"{""high"": ""water"", ""medium"": ""food"", ""low"": ""firewood""}"
139-4_agent_2_desire,139-4,agent_2,"{'High': 'Food', 'Low': 'Water', 'Medium': 'Firewood'}","{'high': 'Food', 'medium': 'Water', 'low': 'Firewood'}",0,"{""high"": ""Food"", ""medium"": ""Water"", ""low"": ""Firewood""}"
140-0_agent_1_desire,140-0,agent_1,"{'Medium': 'Food', 'Low': 'Water', 'High': 'Firewood'}","{'high': 'Water', 'medium': 'Food', 'low': 'Firewood'}",0,"{""high"": ""Water"", ""medium"": ""Food"", ""low"": ""Firewood""}"
140-0_agent_2_desire,140-0,agent_2,"{'Medium': 'Food', 'Low': 'Water', 'High': 'Firewood'}","{'high': 'Water', 'medium': 'Food', 'low': 'Firewood'}",0,"{""high"": ""Water"", ""medium"": ""Food"", ""low"": ""Firewood""}"
140-1_agent_1_desire,140-1,agent_1,"{'Medium': 'Food', 'Low': 'Water', 'High': 'Firewood'}","{'high': 'Water', 'medium': 'Food', 'low': 'Firewood'}",0,"{""high"": ""Water"", ""medium"": ""Food"", ""low"": ""Firewood""}"
140-1_agent_2_desire,140-1,agent_2,"{'Medium': 'Food', 'Low': 'Water', 'High': 'Firewood'}","{'high': 'Water', 'medium': 'Food', 'low': 'Firewood'}",0,"{""high"": ""Water"", ""medium"": ""Food"", ""low"": ""Firewood""}"
140-2_agent_1_desire,140-2,agent_1,"{'Medium': 'Food', 'Low': 'Water', 'High': 'Firewood'}","{'high': 'firewood', 'medium': 'water', 'low': 'food'}",0,"{""high"": ""firewood"", ""medium"": ""water"", ""low"": ""food""}"
140-2_agent_2_desire,140-2,agent_2,"{'Medium': 'Food', 'Low': 'Water', 'High': 'Firewood'}","{'high': 'water', 'medium': 'firewood', 'low': 'food'}",0,"{""high"": ""water"", ""medium"": ""firewood"", ""low"": ""food""}"
140-3_agent_1_desire,140-3,agent_1,"{'Medium': 'Food', 'Low': 'Water', 'High': 'Firewood'}","{'high': 'firewood', 'medium': 'water', 'low': 'food'}",0,"{""high"": ""firewood"", ""medium"": ""water"", ""low"": ""food""}"
140-3_agent_2_desire,140-3,agent_2,"{'Medium': 'Food', 'Low': 'Water', 'High': 'Firewood'}","{'high': 'water', 'medium': 'food', 'low': 'firewood'}",0,"{""high"": ""water"", ""medium"": ""food"", ""low"": ""firewood""}"
140-4_agent_1_desire,140-4,agent_1,"{'Medium': 'Food', 'Low': 'Water', 'High': 'Firewood'}","{'high': 'firewood', 'medium': 'water', 'low': 'food'}",0,"{""high"": ""firewood"", ""medium"": ""water"", ""low"": ""food""}"
140-4_agent_2_desire,140-4,agent_2,"{'Medium': 'Food', 'Low': 'Water', 'High': 'Firewood'}","{'high': 'food', 'medium': 'water', 'low': 'firewood'}",0,"{""high"": ""food"", ""medium"": ""water"", ""low"": ""firewood""}"
140-5_agent_1_desire,140-5,agent_1,"{'Medium': 'Food', 'Low': 'Water', 'High': 'Firewood'}","{'high': 'firewood', 'medium': 'water', 'low': 'food'}",0,"{""high"": ""firewood"", ""medium"": ""water"", ""low"": ""food""}"
140-5_agent_2_desire,140-5,agent_2,"{'Medium': 'Food', 'Low': 'Water', 'High': 'Firewood'}","{'high': 'food', 'medium': 'water', 'low': 'firewood'}",0,"{""high"": ""food"", ""medium"": ""water"", ""low"": ""firewood""}"
140-6_agent_1_desire,140-6,agent_1,"{'Medium': 'Food', 'Low': 'Water', 'High': 'Firewood'}","{'high': 'firewood', 'medium': 'water', 'low': 'food'}",0,"{""high"": ""firewood"", ""medium"": ""water"", ""low"": ""food""}"
140-6_agent_2_desire,140-6,agent_2,"{'Medium': 'Food', 'Low': 'Water', 'High': 'Firewood'}","{'high': 'food', 'medium': 'water', 'low': 'firewood'}",0,"{""high"": ""food"", ""medium"": ""water"", ""low"": ""firewood""}"
141-0_agent_1_desire,141-0,agent_1,"{'Low': 'Food', 'Medium': 'Water', 'High': 'Firewood'}","{'high': 'Firewood', 'medium': 'Water', 'low': 'Food'}",1,"{""high"": ""Firewood"", ""medium"": ""Water"", ""low"": ""Food""}"
141-0_agent_2_desire,141-0,agent_2,"{'High': 'Food', 'Medium': 'Water', 'Low': 'Firewood'}","{'high': 'Food', 'medium': 'Water', 'low': 'Firewood'}",1,"{""high"": ""Food"", ""medium"": ""Water"", ""low"": ""Firewood""}"
141-1_agent_1_desire,141-1,agent_1,"{'Low': 'Food', 'Medium': 'Water', 'High': 'Firewood'}","{'high': 'water', 'medium': 'firewood', 'low': 'food'}",0,"{""high"": ""water"", ""medium"": ""firewood"", ""low"": ""food""}"
141-1_agent_2_desire,141-1,agent_2,"{'High': 'Food', 'Medium': 'Water', 'Low': 'Firewood'}","{'high': 'food', 'medium': 'water', 'low': 'firewood'}",1,"{""high"": ""food"", ""medium"": ""water"", ""low"": ""firewood""}"
141-2_agent_1_desire,141-2,agent_1,"{'Low': 'Food', 'Medium': 'Water', 'High': 'Firewood'}","{'high': 'food', 'medium': 'water', 'low': 'firewood'}",0,"{""high"": ""food"", ""medium"": ""water"", ""low"": ""firewood""}"
141-2_agent_2_desire,141-2,agent_2,"{'High': 'Food', 'Medium': 'Water', 'Low': 'Firewood'}","{'high': 'food', 'medium': 'water', 'low': 'firewood'}",1,"{""high"": ""food"", ""medium"": ""water"", ""low"": ""firewood""}"
141-3_agent_1_desire,141-3,agent_1,"{'Low': 'Food', 'Medium': 'Water', 'High': 'Firewood'}","{'high': 'food', 'medium': 'water', 'low': 'firewood'}",0,"{""high"": ""food"", ""medium"": ""water"", ""low"": ""firewood""}"
141-3_agent_2_desire,141-3,agent_2,"{'High': 'Food', 'Medium': 'Water', 'Low': 'Firewood'}","{'high': 'Food', 'medium': 'Water', 'low': 'Firewood'}",1,"{""high"": ""Food"", ""medium"": ""Water"", ""low"": ""Firewood""}"
141-4_agent_1_desire,141-4,agent_1,"{'Low': 'Food', 'Medium': 'Water', 'High': 'Firewood'}","{'high': 'food', 'medium': 'firewood', 'low': 'water'}",0,"{""high"": ""food"", ""medium"": ""firewood"", ""low"": ""water""}"
141-4_agent_2_desire,141-4,agent_2,"{'High': 'Food', 'Medium': 'Water', 'Low': 'Firewood'}","{'high': 'firewood', 'medium': 'food', 'low': 'water'}",0,"{""high"": ""firewood"", ""medium"": ""food"", ""low"": ""water""}"
141-5_agent_1_desire,141-5,agent_1,"{'Low': 'Food', 'Medium': 'Water', 'High': 'Firewood'}","{'high': 'food', 'medium': 'water', 'low': 'firewood'}",0,"{""high"": ""food"", ""medium"": ""water"", ""low"": ""firewood""}"
141-5_agent_2_desire,141-5,agent_2,"{'High': 'Food', 'Medium': 'Water', 'Low': 'Firewood'}","{'high': 'firewood', 'medium': 'food', 'low': 'water'}",0,"{""high"": ""firewood"", ""medium"": ""food"", ""low"": ""water""}"
141-6_agent_1_desire,141-6,agent_1,"{'Low': 'Food', 'Medium': 'Water', 'High': 'Firewood'}","{'high': 'food', 'medium': 'water', 'low': 'firewood'}",0,"{""high"": ""food"", ""medium"": ""water"", ""low"": ""firewood""}"
141-6_agent_2_desire,141-6,agent_2,"{'High': 'Food', 'Medium': 'Water', 'Low': 'Firewood'}","{'high': 'firewood', 'medium': 'food', 'low': 'water'}",0,"{""high"": ""firewood"", ""medium"": ""food"", ""low"": ""water""}"
142-0_agent_1_desire,142-0,agent_1,"{'High': 'Food', 'Medium': 'Water', 'Low': 'Firewood'}","{'high': 'Food', 'medium': 'Water', 'low': 'Firewood'}",1,"{""high"": ""Food"", ""medium"": ""Water"", ""low"": ""Firewood""}"
142-0_agent_2_desire,142-0,agent_2,"{'High': 'Food', 'Medium': 'Water', 'Low': 'Firewood'}","{'high': 'Food', 'medium': 'Water', 'low': 'Firewood'}",1,"{""high"": ""Food"", ""medium"": ""Water"", ""low"": ""Firewood""}"
142-1_agent_1_desire,142-1,agent_1,"{'High': 'Food', 'Medium': 'Water', 'Low': 'Firewood'}","{'high': 'Food', 'medium': 'Water', 'low': 'Firewood'}",1,"{""high"": ""Food"", ""medium"": ""Water"", ""low"": ""Firewood""}"
142-1_agent_2_desire,142-1,agent_2,"{'High': 'Food', 'Medium': 'Water', 'Low': 'Firewood'}","{'high': 'food', 'medium': 'water', 'low': 'firewood'}",1,"{""high"": ""food"", ""medium"": ""water"", ""low"": ""firewood""}"
142-2_agent_1_desire,142-2,agent_1,"{'High': 'Food', 'Medium': 'Water', 'Low': 'Firewood'}","{'high': 'Food', 'medium': 'Water', 'low': 'Firewood'}",1,"{""high"": ""Food"", ""medium"": ""Water"", ""low"": ""Firewood""}"
142-2_agent_2_desire,142-2,agent_2,"{'High': 'Food', 'Medium': 'Water', 'Low': 'Firewood'}","{'high': 'food', 'medium': 'water', 'low': 'firewood'}",1,"{""high"": ""food"", ""medium"": ""water"", ""low"": ""firewood""}"
142-3_agent_1_desire,142-3,agent_1,"{'High': 'Food', 'Medium': 'Water', 'Low': 'Firewood'}","{'high': 'Food', 'medium': 'Water', 'low': 'Firewood'}",1,"{""high"": ""Food"", ""medium"": ""Water"", ""low"": ""Firewood""}"
142-3_agent_2_desire,142-3,agent_2,"{'High': 'Food', 'Medium': 'Water', 'Low': 'Firewood'}","{'high': 'Food', 'medium': 'Water', 'low': 'Firewood'}",1,"{""high"": ""Food"", ""medium"": ""Water"", ""low"": ""Firewood""}"
142-4_agent_1_desire,142-4,agent_1,"{'High': 'Food', 'Medium': 'Water', 'Low': 'Firewood'}","{'high': 'Food', 'medium': 'Water', 'low': 'Firewood'}",1,"{""high"": ""Food"", ""medium"": ""Water"", ""low"": ""Firewood""}"
142-4_agent_2_desire,142-4,agent_2,"{'High': 'Food', 'Medium': 'Water', 'Low': 'Firewood'}","{'high': 'Food', 'medium': 'Water', 'low': 'Firewood'}",1,"{""high"": ""Food"", ""medium"": ""Water"", ""low"": ""Firewood""}"
142-5_agent_1_desire,142-5,agent_1,"{'High': 'Food', 'Medium': 'Water', 'Low': 'Firewood'}","{'high': 'Food', 'medium': 'Water', 'low': 'Firewood'}",1,"{""high"": ""Food"", ""medium"": ""Water"", ""low"": ""Firewood""}"
142-5_agent_2_desire,142-5,agent_2,"{'High': 'Food', 'Medium': 'Water', 'Low': 'Firewood'}","{'high': 'food', 'medium': 'water', 'low': 'firewood'}",1,"{""high"": ""food"", ""medium"": ""water"", ""low"": ""firewood""}"
142-6_agent_1_desire,142-6,agent_1,"{'High': 'Food', 'Medium': 'Water', 'Low': 'Firewood'}","{'high': 'Food', 'medium': 'Water', 'low': 'Firewood'}",1,"{""high"": ""Food"", ""medium"": ""Water"", ""low"": ""Firewood""}"
142-6_agent_2_desire,142-6,agent_2,"{'High': 'Food', 'Medium': 'Water', 'Low': 'Firewood'}","{'high': 'Food', 'medium': 'Water', 'low': 'Firewood'}",1,"{""high"": ""Food"", ""medium"": ""Water"", ""low"": ""Firewood""}"
142-7_agent_1_desire,142-7,agent_1,"{'High': 'Food', 'Medium': 'Water', 'Low': 'Firewood'}","{'high': 'Food', 'medium': 'Water', 'low': 'Firewood'}",1,"{""high"": ""Food"", ""medium"": ""Water"", ""low"": ""Firewood""}"
142-7_agent_2_desire,142-7,agent_2,"{'High': 'Food', 'Medium': 'Water', 'Low': 'Firewood'}","{'high': 'Food', 'medium': 'Water', 'low': 'Firewood'}",1,"{""high"": ""Food"", ""medium"": ""Water"", ""low"": ""Firewood""}"
142-8_agent_1_desire,142-8,agent_1,"{'High': 'Food', 'Medium': 'Water', 'Low': 'Firewood'}","{'high': 'Food', 'medium': 'Water', 'low': 'Firewood'}",1,"{""high"": ""Food"", ""medium"": ""Water"", ""low"": ""Firewood""}"
142-8_agent_2_desire,142-8,agent_2,"{'High': 'Food', 'Medium': 'Water', 'Low': 'Firewood'}","{'high': 'Food', 'medium': 'Water', 'low': 'Firewood'}",1,"{""high"": ""Food"", ""medium"": ""Water"", ""low"": ""Firewood""}"
143-0_agent_1_desire,143-0,agent_1,"{'Low': 'Food', 'Medium': 'Water', 'High': 'Firewood'}","{'high': 'Water', 'medium': 'Food', 'low': 'Firewood'}",0,"{""high"": ""Water"", ""medium"": ""Food"", ""low"": ""Firewood""}"
143-0_agent_2_desire,143-0,agent_2,"{'High': 'Food', 'Medium': 'Water', 'Low': 'Firewood'}","{'high': 'Water', 'medium': 'Food', 'low': 'Firewood'}",0,"{""high"": ""Water"", ""medium"": ""Food"", ""low"": ""Firewood""}"
143-1_agent_1_desire,143-1,agent_1,"{'Low': 'Food', 'Medium': 'Water', 'High': 'Firewood'}","{'high': 'Water', 'medium': 'Firewood', 'low': 'Food'}",0,"{""high"": ""Water"", ""medium"": ""Firewood"", ""low"": ""Food""}"
143-1_agent_2_desire,143-1,agent_2,"{'High': 'Food', 'Medium': 'Water', 'Low': 'Firewood'}","{'high': 'Water', 'medium': 'Firewood', 'low': 'Food'}",0,"{""high"": ""Water"", ""medium"": ""Firewood"", ""low"": ""Food""}"
143-2_agent_1_desire,143-2,agent_1,"{'Low': 'Food', 'Medium': 'Water', 'High': 'Firewood'}","{'high': 'Water', 'medium': 'Firewood', 'low': 'Food'}",0,"{""high"": ""Water"", ""medium"": ""Firewood"", ""low"": ""Food""}"
143-2_agent_2_desire,143-2,agent_2,"{'High': 'Food', 'Medium': 'Water', 'Low': 'Firewood'}","{'high': 'food', 'medium': 'water', 'low': 'firewood'}",1,"{""high"": ""food"", ""medium"": ""water"", ""low"": ""firewood""}"
143-3_agent_1_desire,143-3,agent_1,"{'Low': 'Food', 'Medium': 'Water', 'High': 'Firewood'}","{'high': 'Water', 'medium': 'Firewood', 'low': 'Food'}",0,"{""high"": ""Water"", ""medium"": ""Firewood"", ""low"": ""Food""}"
143-3_agent_2_desire,143-3,agent_2,"{'High': 'Food', 'Medium': 'Water', 'Low': 'Firewood'}","{'high': 'food', 'medium': 'water', 'low': 'firewood'}",1,"{""high"": ""food"", ""medium"": ""water"", ""low"": ""firewood""}"
143-4_agent_1_desire,143-4,agent_1,"{'Low': 'Food', 'Medium': 'Water', 'High': 'Firewood'}","{'high': 'Firewood', 'medium': 'Water', 'low': 'Food'}",1,"{""high"": ""Firewood"", ""medium"": ""Water"", ""low"": ""Food""}"
143-4_agent_2_desire,143-4,agent_2,"{'High': 'Food', 'Medium': 'Water', 'Low': 'Firewood'}","{'high': 'Food', 'medium': 'Water', 'low': 'Firewood'}",1,"{""high"": ""Food"", ""medium"": ""Water"", ""low"": ""Firewood""}"
143-5_agent_1_desire,143-5,agent_1,"{'Low': 'Food', 'Medium': 'Water', 'High': 'Firewood'}","{'high': 'Water', 'medium': 'Firewood', 'low': 'Food'}",0,"{""high"": ""Water"", ""medium"": ""Firewood"", ""low"": ""Food""}"
143-5_agent_2_desire,143-5,agent_2,"{'High': 'Food', 'Medium': 'Water', 'Low': 'Firewood'}","{'high': 'Food', 'medium': 'Water', 'low': 'Firewood'}",1,"{""high"": ""Food"", ""medium"": ""Water"", ""low"": ""Firewood""}"
143-6_agent_1_desire,143-6,agent_1,"{'Low': 'Food', 'Medium': 'Water', 'High': 'Firewood'}","{'high': 'Water', 'medium': 'Firewood', 'low': 'Food'}",0,"{""high"": ""Water"", ""medium"": ""Firewood"", ""low"": ""Food""}"
143-6_agent_2_desire,143-6,agent_2,"{'High': 'Food', 'Medium': 'Water', 'Low': 'Firewood'}","{'high': 'Food', 'medium': 'Water', 'low': 'Firewood'}",1,"{""high"": ""Food"", ""medium"": ""Water"", ""low"": ""Firewood""}"
143-7_agent_1_desire,143-7,agent_1,"{'Low': 'Food', 'Medium': 'Water', 'High': 'Firewood'}","{'high': 'Water', 'medium': 'Firewood', 'low': 'Food'}",0,"{""high"": ""Water"", ""medium"": ""Firewood"", ""low"": ""Food""}"
143-7_agent_2_desire,143-7,agent_2,"{'High': 'Food', 'Medium': 'Water', 'Low': 'Firewood'}","{'high': 'Water', 'medium': 'Food', 'low': 'Firewood'}",0,"{""high"": ""Water"", ""medium"": ""Food"", ""low"": ""Firewood""}"
143-8_agent_1_desire,143-8,agent_1,"{'Low': 'Food', 'Medium': 'Water', 'High': 'Firewood'}","{'high': 'Water', 'medium': 'Firewood', 'low': 'Food'}",0,"{""high"": ""Water"", ""medium"": ""Firewood"", ""low"": ""Food""}"
143-8_agent_2_desire,143-8,agent_2,"{'High': 'Food', 'Medium': 'Water', 'Low': 'Firewood'}","{'high': 'Food', 'medium': 'Water', 'low': 'Firewood'}",1,"{""high"": ""Food"", ""medium"": ""Water"", ""low"": ""Firewood""}"
144-0_agent_1_desire,144-0,agent_1,"{'High': 'Food', 'Medium': 'Water', 'Low': 'Firewood'}","{'high': 'Food', 'medium': 'Water', 'low': 'Firewood'}",1,"{""high"": ""Food"", ""medium"": ""Water"", ""low"": ""Firewood""}"
144-0_agent_2_desire,144-0,agent_2,"{'High': 'Food', 'Medium': 'Water', 'Low': 'Firewood'}","{'high': 'Food', 'medium': 'Water', 'low': 'Firewood'}",1,"{""high"": ""Food"", ""medium"": ""Water"", ""low"": ""Firewood""}"
144-1_agent_1_desire,144-1,agent_1,"{'High': 'Food', 'Medium': 'Water', 'Low': 'Firewood'}","{'high': 'water', 'medium': 'food', 'low': 'firewood'}",0,"{""high"": ""water"", ""medium"": ""food"", ""low"": ""firewood""}"
144-1_agent_2_desire,144-1,agent_2,"{'High': 'Food', 'Medium': 'Water', 'Low': 'Firewood'}","{'high': 'water', 'medium': 'food', 'low': 'firewood'}",0,"{""high"": ""water"", ""medium"": ""food"", ""low"": ""firewood""}"
144-2_agent_1_desire,144-2,agent_1,"{'High': 'Food', 'Medium': 'Water', 'Low': 'Firewood'}","{'high': 'water', 'medium': 'food', 'low': 'firewood'}",0,"{""high"": ""water"", ""medium"": ""food"", ""low"": ""firewood""}"
144-2_agent_2_desire,144-2,agent_2,"{'High': 'Food', 'Medium': 'Water', 'Low': 'Firewood'}","{'high': 'food', 'medium': 'water', 'low': 'firewood'}",1,"{""high"": ""food"", ""medium"": ""water"", ""low"": ""firewood""}"
144-3_agent_1_desire,144-3,agent_1,"{'High': 'Food', 'Medium': 'Water', 'Low': 'Firewood'}","{'high': 'water', 'medium': 'food', 'low': 'firewood'}",0,"{""high"": ""water"", ""medium"": ""food"", ""low"": ""firewood""}"
144-3_agent_2_desire,144-3,agent_2,"{'High': 'Food', 'Medium': 'Water', 'Low': 'Firewood'}","{'high': 'food', 'medium': 'water', 'low': 'firewood'}",1,"{""high"": ""food"", ""medium"": ""water"", ""low"": ""firewood""}"
144-4_agent_1_desire,144-4,agent_1,"{'High': 'Food', 'Medium': 'Water', 'Low': 'Firewood'}","{'high': 'water', 'medium': 'food', 'low': 'firewood'}",0,"{""high"": ""water"", ""medium"": ""food"", ""low"": ""firewood""}"
144-4_agent_2_desire,144-4,agent_2,"{'High': 'Food', 'Medium': 'Water', 'Low': 'Firewood'}","{'high': 'water', 'medium': 'food', 'low': 'firewood'}",0,"{""high"": ""water"", ""medium"": ""food"", ""low"": ""firewood""}"
145-0_agent_1_desire,145-0,agent_1,"{'Medium': 'Food', 'High': 'Water', 'Low': 'Firewood'}","{'high': 'Water', 'medium': 'Food', 'low': 'Firewood'}",1,"{""high"": ""Water"", ""medium"": ""Food"", ""low"": ""Firewood""}"
145-0_agent_2_desire,145-0,agent_2,"{'Low': 'Food', 'Medium': 'Water', 'High': 'Firewood'}","{'high': 'Firewood', 'medium': 'Food', 'low': 'Water'}",0,"{""high"": ""Firewood"", ""medium"": ""Food"", ""low"": ""Water""}"
145-1_agent_1_desire,145-1,agent_1,"{'Medium': 'Food', 'High': 'Water', 'Low': 'Firewood'}","{'high': 'Water', 'medium': 'Food', 'low': 'Firewood'}",1,"{""high"": ""Water"", ""medium"": ""Food"", ""low"": ""Firewood""}"
145-1_agent_2_desire,145-1,agent_2,"{'Low': 'Food', 'Medium': 'Water', 'High': 'Firewood'}","{'high': 'firewood', 'medium': 'water', 'low': 'food'}",1,"{""high"": ""firewood"", ""medium"": ""water"", ""low"": ""food""}"
145-2_agent_1_desire,145-2,agent_1,"{'Medium': 'Food', 'High': 'Water', 'Low': 'Firewood'}","{'high': 'Water', 'medium': 'Food', 'low': 'Firewood'}",1,"{""high"": ""Water"", ""medium"": ""Food"", ""low"": ""Firewood""}"
145-2_agent_2_desire,145-2,agent_2,"{'Low': 'Food', 'Medium': 'Water', 'High': 'Firewood'}","{'high': 'firewood', 'medium': 'water', 'low': 'food'}",1,"{""high"": ""firewood"", ""medium"": ""water"", ""low"": ""food""}"
145-3_agent_1_desire,145-3,agent_1,"{'Medium': 'Food', 'High': 'Water', 'Low': 'Firewood'}","{'high': 'water', 'medium': 'firewood', 'low': 'food'}",0,"{""high"": ""water"", ""medium"": ""firewood"", ""low"": ""food""}"
145-3_agent_2_desire,145-3,agent_2,"{'Low': 'Food', 'Medium': 'Water', 'High': 'Firewood'}","{'high': 'firewood', 'medium': 'water', 'low': 'food'}",1,"{""high"": ""firewood"", ""medium"": ""water"", ""low"": ""food""}"
145-4_agent_1_desire,145-4,agent_1,"{'Medium': 'Food', 'High': 'Water', 'Low': 'Firewood'}","{'high': 'water', 'medium': 'food', 'low': 'firewood'}",1,"{""high"": ""water"", ""medium"": ""food"", ""low"": ""firewood""}"
145-4_agent_2_desire,145-4,agent_2,"{'Low': 'Food', 'Medium': 'Water', 'High': 'Firewood'}","{'high': 'firewood', 'medium': 'food', 'low': 'water'}",0,"{""high"": ""firewood"", ""medium"": ""food"", ""low"": ""water""}"
145-5_agent_1_desire,145-5,agent_1,"{'Medium': 'Food', 'High': 'Water', 'Low': 'Firewood'}","{'high': 'water', 'medium': 'food', 'low': 'firewood'}",1,"{""high"": ""water"", ""medium"": ""food"", ""low"": ""firewood""}"
145-5_agent_2_desire,145-5,agent_2,"{'Low': 'Food', 'Medium': 'Water', 'High': 'Firewood'}","{'high': 'firewood', 'medium': 'water', 'low': 'food'}",1,"{""high"": ""firewood"", ""medium"": ""water"", ""low"": ""food""}"
145-6_agent_1_desire,145-6,agent_1,"{'Medium': 'Food', 'High': 'Water', 'Low': 'Firewood'}","{'high': 'water', 'medium': 'food', 'low': 'firewood'}",1,"{""high"": ""water"", ""medium"": ""food"", ""low"": ""firewood""}"
145-6_agent_2_desire,145-6,agent_2,"{'Low': 'Food', 'Medium': 'Water', 'High': 'Firewood'}","{'high': 'firewood', 'medium': 'food', 'low': 'water'}",0,"{""high"": ""firewood"", ""medium"": ""food"", ""low"": ""water""}"
146-0_agent_1_desire,146-0,agent_1,"{'High': 'Food', 'Low': 'Water', 'Medium': 'Firewood'}","{'high': 'Water', 'medium': 'Food', 'low': 'Firewood'}",0,"{""high"": ""Water"", ""medium"": ""Food"", ""low"": ""Firewood""}"
146-0_agent_2_desire,146-0,agent_2,"{'Low': 'Food', 'High': 'Water', 'Medium': 'Firewood'}","{'high': 'Water', 'medium': 'Food', 'low': 'Firewood'}",0,"{""high"": ""Water"", ""medium"": ""Food"", ""low"": ""Firewood""}"
146-1_agent_1_desire,146-1,agent_1,"{'High': 'Food', 'Low': 'Water', 'Medium': 'Firewood'}","{'high': 'food', 'medium': 'water', 'low': 'firewood'}",0,"{""high"": ""food"", ""medium"": ""water"", ""low"": ""firewood""}"
146-1_agent_2_desire,146-1,agent_2,"{'Low': 'Food', 'High': 'Water', 'Medium': 'Firewood'}","{'high': 'Water', 'medium': 'Food', 'low': 'Firewood'}",0,"{""high"": ""Water"", ""medium"": ""Food"", ""low"": ""Firewood""}"
146-2_agent_1_desire,146-2,agent_1,"{'High': 'Food', 'Low': 'Water', 'Medium': 'Firewood'}","{'high': 'food', 'medium': 'water', 'low': 'firewood'}",0,"{""high"": ""food"", ""medium"": ""water"", ""low"": ""firewood""}"
146-2_agent_2_desire,146-2,agent_2,"{'Low': 'Food', 'High': 'Water', 'Medium': 'Firewood'}","{'high': 'water', 'medium': 'food', 'low': 'firewood'}",0,"{""high"": ""water"", ""medium"": ""food"", ""low"": ""firewood""}"
146-3_agent_1_desire,146-3,agent_1,"{'High': 'Food', 'Low': 'Water', 'Medium': 'Firewood'}","{'high': 'Food', 'medium': 'Water', 'low': 'Firewood'}",0,"{""high"": ""Food"", ""medium"": ""Water"", ""low"": ""Firewood""}"
146-3_agent_2_desire,146-3,agent_2,"{'Low': 'Food', 'High': 'Water', 'Medium': 'Firewood'}","{'high': 'water', 'medium': 'food', 'low': 'firewood'}",0,"{""high"": ""water"", ""medium"": ""food"", ""low"": ""firewood""}"
146-4_agent_1_desire,146-4,agent_1,"{'High': 'Food', 'Low': 'Water', 'Medium': 'Firewood'}","{'high': 'food', 'medium': 'water', 'low': 'firewood'}",0,"{""high"": ""food"", ""medium"": ""water"", ""low"": ""firewood""}"
146-4_agent_2_desire,146-4,agent_2,"{'Low': 'Food', 'High': 'Water', 'Medium': 'Firewood'}","{'high': 'water', 'medium': 'firewood', 'low': 'food'}",1,"{""high"": ""water"", ""medium"": ""firewood"", ""low"": ""food""}"
146-5_agent_1_desire,146-5,agent_1,"{'High': 'Food', 'Low': 'Water', 'Medium': 'Firewood'}","{'high': 'food', 'medium': 'water', 'low': 'firewood'}",0,"{""high"": ""food"", ""medium"": ""water"", ""low"": ""firewood""}"
146-5_agent_2_desire,146-5,agent_2,"{'Low': 'Food', 'High': 'Water', 'Medium': 'Firewood'}","{'high': 'water', 'medium': 'firewood', 'low': 'food'}",1,"{""high"": ""water"", ""medium"": ""firewood"", ""low"": ""food""}"
146-6_agent_1_desire,146-6,agent_1,"{'High': 'Food', 'Low': 'Water', 'Medium': 'Firewood'}","{'high': 'food', 'medium': 'water', 'low': 'firewood'}",0,"{""high"": ""food"", ""medium"": ""water"", ""low"": ""firewood""}"
146-6_agent_2_desire,146-6,agent_2,"{'Low': 'Food', 'High': 'Water', 'Medium': 'Firewood'}","{'high': 'water', 'medium': 'food', 'low': 'firewood'}",0,"{""high"": ""water"", ""medium"": ""food"", ""low"": ""firewood""}"
147-0_agent_1_desire,147-0,agent_1,"{'Medium': 'Food', 'Low': 'Water', 'High': 'Firewood'}","{'high': 'Water', 'medium': 'Food', 'low': 'Firewood'}",0,"{""high"": ""Water"", ""medium"": ""Food"", ""low"": ""Firewood""}"
147-0_agent_2_desire,147-0,agent_2,"{'Medium': 'Food', 'Low': 'Water', 'High': 'Firewood'}","{'high': 'Water', 'medium': 'Food', 'low': 'Firewood'}",0,"{""high"": ""Water"", ""medium"": ""Food"", ""low"": ""Firewood""}"
147-1_agent_1_desire,147-1,agent_1,"{'Medium': 'Food', 'Low': 'Water', 'High': 'Firewood'}","{'high': 'firewood', 'medium': 'food', 'low': 'water'}",1,"{""high"": ""firewood"", ""medium"": ""food"", ""low"": ""water""}"
147-1_agent_2_desire,147-1,agent_2,"{'Medium': 'Food', 'Low': 'Water', 'High': 'Firewood'}","{'high': 'Firewood', 'medium': 'Food', 'low': 'Water'}",1,"{""high"": ""Firewood"", ""medium"": ""Food"", ""low"": ""Water""}"
147-2_agent_1_desire,147-2,agent_1,"{'Medium': 'Food', 'Low': 'Water', 'High': 'Firewood'}","{'high': 'firewood', 'medium': 'food', 'low': 'water'}",1,"{""high"": ""firewood"", ""medium"": ""food"", ""low"": ""water""}"
147-2_agent_2_desire,147-2,agent_2,"{'Medium': 'Food', 'Low': 'Water', 'High': 'Firewood'}","{'high': 'firewood', 'medium': 'food', 'low': 'water'}",1,"{""high"": ""firewood"", ""medium"": ""food"", ""low"": ""water""}"
147-3_agent_1_desire,147-3,agent_1,"{'Medium': 'Food', 'Low': 'Water', 'High': 'Firewood'}","{'high': 'firewood', 'medium': 'food', 'low': 'water'}",1,"{""high"": ""firewood"", ""medium"": ""food"", ""low"": ""water""}"
147-3_agent_2_desire,147-3,agent_2,"{'Medium': 'Food', 'Low': 'Water', 'High': 'Firewood'}","{'high': 'firewood', 'medium': 'food', 'low': 'water'}",1,"{""high"": ""firewood"", ""medium"": ""food"", ""low"": ""water""}"
147-4_agent_1_desire,147-4,agent_1,"{'Medium': 'Food', 'Low': 'Water', 'High': 'Firewood'}","{'high': 'firewood', 'medium': 'food', 'low': 'water'}",1,"{""high"": ""firewood"", ""medium"": ""food"", ""low"": ""water""}"
147-4_agent_2_desire,147-4,agent_2,"{'Medium': 'Food', 'Low': 'Water', 'High': 'Firewood'}","{'high': 'firewood', 'medium': 'food', 'low': 'water'}",1,"{""high"": ""firewood"", ""medium"": ""food"", ""low"": ""water""}"
147-5_agent_1_desire,147-5,agent_1,"{'Medium': 'Food', 'Low': 'Water', 'High': 'Firewood'}","{'high': 'firewood', 'medium': 'food', 'low': 'water'}",1,"{""high"": ""firewood"", ""medium"": ""food"", ""low"": ""water""}"
147-5_agent_2_desire,147-5,agent_2,"{'Medium': 'Food', 'Low': 'Water', 'High': 'Firewood'}","{'high': 'firewood', 'medium': 'food', 'low': 'water'}",1,"{""high"": ""firewood"", ""medium"": ""food"", ""low"": ""water""}"
148-0_agent_1_desire,148-0,agent_1,"{'Medium': 'Food', 'Low': 'Water', 'High': 'Firewood'}","{'high': 'Water', 'medium': 'Food', 'low': 'Firewood'}",0,"{""high"": ""Water"", ""medium"": ""Food"", ""low"": ""Firewood""}"
148-0_agent_2_desire,148-0,agent_2,"{'Medium': 'Food', 'Low': 'Water', 'High': 'Firewood'}","{'high': 'Water', 'medium': 'Food', 'low': 'Firewood'}",0,"{""high"": ""Water"", ""medium"": ""Food"", ""low"": ""Firewood""}"
148-1_agent_1_desire,148-1,agent_1,"{'Medium': 'Food', 'Low': 'Water', 'High': 'Firewood'}","{'high': 'firewood', 'medium': 'water', 'low': 'food'}",0,"{""high"": ""firewood"", ""medium"": ""water"", ""low"": ""food""}"
148-1_agent_2_desire,148-1,agent_2,"{'Medium': 'Food', 'Low': 'Water', 'High': 'Firewood'}","{'high': 'Firewood', 'medium': 'Water', 'low': 'Food'}",0,"{""high"": ""Firewood"", ""medium"": ""Water"", ""low"": ""Food""}"
148-2_agent_1_desire,148-2,agent_1,"{'Medium': 'Food', 'Low': 'Water', 'High': 'Firewood'}","{'high': 'firewood', 'medium': 'food', 'low': 'water'}",1,"{""high"": ""firewood"", ""medium"": ""food"", ""low"": ""water""}"
148-2_agent_2_desire,148-2,agent_2,"{'Medium': 'Food', 'Low': 'Water', 'High': 'Firewood'}","{'high': 'firewood', 'medium': 'food', 'low': 'water'}",1,"{""high"": ""firewood"", ""medium"": ""food"", ""low"": ""water""}"
148-3_agent_1_desire,148-3,agent_1,"{'Medium': 'Food', 'Low': 'Water', 'High': 'Firewood'}","{'high': 'Water', 'medium': 'Food', 'low': 'Firewood'}",0,"{""high"": ""Water"", ""medium"": ""Food"", ""low"": ""Firewood""}"
148-3_agent_2_desire,148-3,agent_2,"{'Medium': 'Food', 'Low': 'Water', 'High': 'Firewood'}","{'high': 'firewood', 'medium': 'water', 'low': 'food'}",0,"{""high"": ""firewood"", ""medium"": ""water"", ""low"": ""food""}"
148-4_agent_1_desire,148-4,agent_1,"{'Medium': 'Food', 'Low': 'Water', 'High': 'Firewood'}","{'high': 'food', 'medium': 'water', 'low': 'firewood'}",0,"{""high"": ""food"", ""medium"": ""water"", ""low"": ""firewood""}"
148-4_agent_2_desire,148-4,agent_2,"{'Medium': 'Food', 'Low': 'Water', 'High': 'Firewood'}","{'high': 'firewood', 'medium': 'water', 'low': 'food'}",0,"{""high"": ""firewood"", ""medium"": ""water"", ""low"": ""food""}"
149-0_agent_1_desire,149-0,agent_1,"{'Medium': 'Food', 'High': 'Water', 'Low': 'Firewood'}","{'high': 'Water', 'medium': 'Food', 'low': 'Firewood'}",1,"{""high"": ""Water"", ""medium"": ""Food"", ""low"": ""Firewood""}"
149-0_agent_2_desire,149-0,agent_2,"{'Medium': 'Food', 'High': 'Water', 'Low': 'Firewood'}","{'high': 'water', 'medium': 'food', 'low': 'firewood'}",1,"{""high"": ""water"", ""medium"": ""food"", ""low"": ""firewood""}"
149-1_agent_1_desire,149-1,agent_1,"{'Medium': 'Food', 'High': 'Water', 'Low': 'Firewood'}","{'high': 'water', 'medium': 'food', 'low': 'firewood'}",1,"{""high"": ""water"", ""medium"": ""food"", ""low"": ""firewood""}"
149-1_agent_2_desire,149-1,agent_2,"{'Medium': 'Food', 'High': 'Water', 'Low': 'Firewood'}","{'high': 'water', 'medium': 'food', 'low': 'firewood'}",1,"{""high"": ""water"", ""medium"": ""food"", ""low"": ""firewood""}"
149-2_agent_1_desire,149-2,agent_1,"{'Medium': 'Food', 'High': 'Water', 'Low': 'Firewood'}","{'high': 'water', 'medium': 'food', 'low': 'firewood'}",1,"{""high"": ""water"", ""medium"": ""food"", ""low"": ""firewood""}"
149-2_agent_2_desire,149-2,agent_2,"{'Medium': 'Food', 'High': 'Water', 'Low': 'Firewood'}","{'high': 'food', 'medium': 'water', 'low': 'firewood'}",0,"{""high"": ""food"", ""medium"": ""water"", ""low"": ""firewood""}"
149-3_agent_1_desire,149-3,agent_1,"{'Medium': 'Food', 'High': 'Water', 'Low': 'Firewood'}","{'high': 'water', 'medium': 'food', 'low': 'firewood'}",1,"{""high"": ""water"", ""medium"": ""food"", ""low"": ""firewood""}"
149-3_agent_2_desire,149-3,agent_2,"{'Medium': 'Food', 'High': 'Water', 'Low': 'Firewood'}","{'high': 'food', 'medium': 'water', 'low': 'firewood'}",0,"{""high"": ""food"", ""medium"": ""water"", ""low"": ""firewood""}"
149-4_agent_1_desire,149-4,agent_1,"{'Medium': 'Food', 'High': 'Water', 'Low': 'Firewood'}","{'high': 'water', 'medium': 'food', 'low': 'firewood'}",1,"{""high"": ""water"", ""medium"": ""food"", ""low"": ""firewood""}"
149-4_agent_2_desire,149-4,agent_2,"{'Medium': 'Food', 'High': 'Water', 'Low': 'Firewood'}","{'high': 'food', 'medium': 'water', 'low': 'firewood'}",0,"{""high"": ""food"", ""medium"": ""water"", ""low"": ""firewood""}"
150-0_agent_1_desire,150-0,agent_1,"{'Medium': 'Food', 'High': 'Water', 'Low': 'Firewood'}","{'high': 'Water', 'medium': 'Food', 'low': 'Firewood'}",1,"{""high"": ""Water"", ""medium"": ""Food"", ""low"": ""Firewood""}"
150-0_agent_2_desire,150-0,agent_2,"{'Medium': 'Food', 'High': 'Water', 'Low': 'Firewood'}","{'high': 'Water', 'medium': 'Food', 'low': 'Firewood'}",1,"{""high"": ""Water"", ""medium"": ""Food"", ""low"": ""Firewood""}"
150-1_agent_1_desire,150-1,agent_1,"{'Medium': 'Food', 'High': 'Water', 'Low': 'Firewood'}","{'high': 'water', 'medium': 'food', 'low': 'firewood'}",1,"{""high"": ""water"", ""medium"": ""food"", ""low"": ""firewood""}"
150-1_agent_2_desire,150-1,agent_2,"{'Medium': 'Food', 'High': 'Water', 'Low': 'Firewood'}","{'high': 'water', 'medium': 'firewood', 'low': 'food'}",0,"{""high"": ""water"", ""medium"": ""firewood"", ""low"": ""food""}"
150-2_agent_1_desire,150-2,agent_1,"{'Medium': 'Food', 'High': 'Water', 'Low': 'Firewood'}","{'high': 'Water', 'medium': 'Food', 'low': 'Firewood'}",1,"{""high"": ""Water"", ""medium"": ""Food"", ""low"": ""Firewood""}"
150-2_agent_2_desire,150-2,agent_2,"{'Medium': 'Food', 'High': 'Water', 'Low': 'Firewood'}","{'high': 'Water', 'medium': 'Food', 'low': 'Firewood'}",1,"{""high"": ""Water"", ""medium"": ""Food"", ""low"": ""Firewood""}"
150-3_agent_1_desire,150-3,agent_1,"{'Medium': 'Food', 'High': 'Water', 'Low': 'Firewood'}","{'high': 'water', 'medium': 'food', 'low': 'firewood'}",1,"{""high"": ""water"", ""medium"": ""food"", ""low"": ""firewood""}"
150-3_agent_2_desire,150-3,agent_2,"{'Medium': 'Food', 'High': 'Water', 'Low': 'Firewood'}","{'high': 'Water', 'medium': 'Food', 'low': 'Firewood'}",1,"{""high"": ""Water"", ""medium"": ""Food"", ""low"": ""Firewood""}"
150-4_agent_1_desire,150-4,agent_1,"{'Medium': 'Food', 'High': 'Water', 'Low': 'Firewood'}","{'high': 'Water', 'medium': 'Food', 'low': 'Firewood'}",1,"{""high"": ""Water"", ""medium"": ""Food"", ""low"": ""Firewood""}"
150-4_agent_2_desire,150-4,agent_2,"{'Medium': 'Food', 'High': 'Water', 'Low': 'Firewood'}","{'high': 'Water', 'medium': 'Food', 'low': 'Firewood'}",1,"{""high"": ""Water"", ""medium"": ""Food"", ""low"": ""Firewood""}"
151-0_agent_1_desire,151-0,agent_1,"{'High': 'Food', 'Low': 'Water', 'Medium': 'Firewood'}","{'high': 'Water', 'medium': 'Food', 'low': 'Firewood'}",0,"{""high"": ""Water"", ""medium"": ""Food"", ""low"": ""Firewood""}"
151-0_agent_2_desire,151-0,agent_2,"{'Medium': 'Food', 'High': 'Water', 'Low': 'Firewood'}","{'high': 'Water', 'medium': 'Food', 'low': 'Firewood'}",1,"{""high"": ""Water"", ""medium"": ""Food"", ""low"": ""Firewood""}"
151-1_agent_1_desire,151-1,agent_1,"{'High': 'Food', 'Low': 'Water', 'Medium': 'Firewood'}","{'high': 'Firewood', 'medium': 'Food', 'low': 'Water'}",0,"{""high"": ""Firewood"", ""medium"": ""Food"", ""low"": ""Water""}"
151-1_agent_2_desire,151-1,agent_2,"{'Medium': 'Food', 'High': 'Water', 'Low': 'Firewood'}","{'high': 'Firewood', 'medium': 'Food', 'low': 'Water'}",0,"{""high"": ""Firewood"", ""medium"": ""Food"", ""low"": ""Water""}"
151-2_agent_1_desire,151-2,agent_1,"{'High': 'Food', 'Low': 'Water', 'Medium': 'Firewood'}","{'high': 'Firewood', 'medium': 'Food', 'low': 'Water'}",0,"{""high"": ""Firewood"", ""medium"": ""Food"", ""low"": ""Water""}"
151-2_agent_2_desire,151-2,agent_2,"{'Medium': 'Food', 'High': 'Water', 'Low': 'Firewood'}","{'high': 'Firewood', 'medium': 'Food', 'low': 'Water'}",0,"{""high"": ""Firewood"", ""medium"": ""Food"", ""low"": ""Water""}"
151-3_agent_1_desire,151-3,agent_1,"{'High': 'Food', 'Low': 'Water', 'Medium': 'Firewood'}","{'high': 'Food', 'medium': 'Water', 'low': 'Firewood'}",0,"{""high"": ""Food"", ""medium"": ""Water"", ""low"": ""Firewood""}"
151-3_agent_2_desire,151-3,agent_2,"{'Medium': 'Food', 'High': 'Water', 'Low': 'Firewood'}","{'high': 'Food', 'medium': 'Water', 'low': 'Firewood'}",0,"{""high"": ""Food"", ""medium"": ""Water"", ""low"": ""Firewood""}"
151-4_agent_1_desire,151-4,agent_1,"{'High': 'Food', 'Low': 'Water', 'Medium': 'Firewood'}","{'high': 'Food', 'medium': 'Firewood', 'low': 'Water'}",1,"{""high"": ""Food"", ""medium"": ""Firewood"", ""low"": ""Water""}"
151-4_agent_2_desire,151-4,agent_2,"{'Medium': 'Food', 'High': 'Water', 'Low': 'Firewood'}","{'high': 'water', 'medium': 'food', 'low': 'firewood'}",1,"{""high"": ""water"", ""medium"": ""food"", ""low"": ""firewood""}"
152-0_agent_1_desire,152-0,agent_1,"{'Medium': 'Food', 'Low': 'Water', 'High': 'Firewood'}","{'high': 'Water', 'medium': 'Food', 'low': 'Firewood'}",0,"{""high"": ""Water"", ""medium"": ""Food"", ""low"": ""Firewood""}"
152-0_agent_2_desire,152-0,agent_2,"{'High': 'Food', 'Medium': 'Water', 'Low': 'Firewood'}","{'high': 'Water', 'medium': 'Food', 'low': 'Firewood'}",0,"{""high"": ""Water"", ""medium"": ""Food"", ""low"": ""Firewood""}"
152-1_agent_1_desire,152-1,agent_1,"{'Medium': 'Food', 'Low': 'Water', 'High': 'Firewood'}","{'high': 'firewood', 'medium': 'water', 'low': 'food'}",0,"{""high"": ""firewood"", ""medium"": ""water"", ""low"": ""food""}"
152-1_agent_2_desire,152-1,agent_2,"{'High': 'Food', 'Medium': 'Water', 'Low': 'Firewood'}","{'high': 'Food', 'medium': 'Water', 'low': 'Firewood'}",1,"{""high"": ""Food"", ""medium"": ""Water"", ""low"": ""Firewood""}"
152-2_agent_1_desire,152-2,agent_1,"{'Medium': 'Food', 'Low': 'Water', 'High': 'Firewood'}","{'high': 'firewood', 'medium': 'water', 'low': 'food'}",0,"{""high"": ""firewood"", ""medium"": ""water"", ""low"": ""food""}"
152-2_agent_2_desire,152-2,agent_2,"{'High': 'Food', 'Medium': 'Water', 'Low': 'Firewood'}","{'high': 'Food', 'medium': 'Water', 'low': 'Firewood'}",1,"{""high"": ""Food"", ""medium"": ""Water"", ""low"": ""Firewood""}"
152-3_agent_1_desire,152-3,agent_1,"{'Medium': 'Food', 'Low': 'Water', 'High': 'Firewood'}","{'high': 'firewood', 'medium': 'water', 'low': 'food'}",0,"{""high"": ""firewood"", ""medium"": ""water"", ""low"": ""food""}"
152-3_agent_2_desire,152-3,agent_2,"{'High': 'Food', 'Medium': 'Water', 'Low': 'Firewood'}","{'high': 'food', 'medium': 'water', 'low': 'firewood'}",1,"{""high"": ""food"", ""medium"": ""water"", ""low"": ""firewood""}"
152-4_agent_1_desire,152-4,agent_1,"{'Medium': 'Food', 'Low': 'Water', 'High': 'Firewood'}","{'high': 'firewood', 'medium': 'water', 'low': 'food'}",0,"{""high"": ""firewood"", ""medium"": ""water"", ""low"": ""food""}"
152-4_agent_2_desire,152-4,agent_2,"{'High': 'Food', 'Medium': 'Water', 'Low': 'Firewood'}","{'high': 'Food', 'medium': 'Water', 'low': 'Firewood'}",1,"{""high"": ""Food"", ""medium"": ""Water"", ""low"": ""Firewood""}"
153-0_agent_1_desire,153-0,agent_1,"{'Low': 'Food', 'High': 'Water', 'Medium': 'Firewood'}","{'high': 'Water', 'medium': 'Food', 'low': 'Firewood'}",0,"{""high"": ""Water"", ""medium"": ""Food"", ""low"": ""Firewood""}"
153-0_agent_2_desire,153-0,agent_2,"{'High': 'Food', 'Medium': 'Water', 'Low': 'Firewood'}","{'high': 'Water', 'medium': 'Food', 'low': 'Firewood'}",0,"{""high"": ""Water"", ""medium"": ""Food"", ""low"": ""Firewood""}"
153-1_agent_1_desire,153-1,agent_1,"{'Low': 'Food', 'High': 'Water', 'Medium': 'Firewood'}","{'high': 'Water', 'medium': 'Food', 'low': 'Firewood'}",0,"{""high"": ""Water"", ""medium"": ""Food"", ""low"": ""Firewood""}"
153-1_agent_2_desire,153-1,agent_2,"{'High': 'Food', 'Medium': 'Water', 'Low': 'Firewood'}","{'high': 'Water', 'medium': 'Food', 'low': 'Firewood'}",0,"{""high"": ""Water"", ""medium"": ""Food"", ""low"": ""Firewood""}"
153-2_agent_1_desire,153-2,agent_1,"{'Low': 'Food', 'High': 'Water', 'Medium': 'Firewood'}","{'high': 'water', 'medium': 'food', 'low': 'firewood'}",0,"{""high"": ""water"", ""medium"": ""food"", ""low"": ""firewood""}"
153-2_agent_2_desire,153-2,agent_2,"{'High': 'Food', 'Medium': 'Water', 'Low': 'Firewood'}","{'high': 'food', 'medium': 'firewood', 'low': 'water'}",0,"{""high"": ""food"", ""medium"": ""firewood"", ""low"": ""water""}"
153-3_agent_1_desire,153-3,agent_1,"{'Low': 'Food', 'High': 'Water', 'Medium': 'Firewood'}","{'high': 'water', 'medium': 'firewood', 'low': 'food'}",1,"{""high"": ""water"", ""medium"": ""firewood"", ""low"": ""food""}"
153-3_agent_2_desire,153-3,agent_2,"{'High': 'Food', 'Medium': 'Water', 'Low': 'Firewood'}","{'high': 'food', 'medium': 'water', 'low': 'firewood'}",1,"{""high"": ""food"", ""medium"": ""water"", ""low"": ""firewood""}"
153-4_agent_1_desire,153-4,agent_1,"{'Low': 'Food', 'High': 'Water', 'Medium': 'Firewood'}","{'high': 'water', 'medium': 'firewood', 'low': 'food'}",1,"{""high"": ""water"", ""medium"": ""firewood"", ""low"": ""food""}"
153-4_agent_2_desire,153-4,agent_2,"{'High': 'Food', 'Medium': 'Water', 'Low': 'Firewood'}","{'high': 'food', 'medium': 'water', 'low': 'firewood'}",1,"{""high"": ""food"", ""medium"": ""water"", ""low"": ""firewood""}"
153-5_agent_1_desire,153-5,agent_1,"{'Low': 'Food', 'High': 'Water', 'Medium': 'Firewood'}","{'high': 'water', 'medium': 'firewood', 'low': 'food'}",1,"{""high"": ""water"", ""medium"": ""firewood"", ""low"": ""food""}"
153-5_agent_2_desire,153-5,agent_2,"{'High': 'Food', 'Medium': 'Water', 'Low': 'Firewood'}","{'high': 'food', 'medium': 'water', 'low': 'firewood'}",1,"{""high"": ""food"", ""medium"": ""water"", ""low"": ""firewood""}"
153-6_agent_1_desire,153-6,agent_1,"{'Low': 'Food', 'High': 'Water', 'Medium': 'Firewood'}","{'high': 'Water', 'medium': 'Firewood', 'low': 'Food'}",1,"{""high"": ""Water"", ""medium"": ""Firewood"", ""low"": ""Food""}"
153-6_agent_2_desire,153-6,agent_2,"{'High': 'Food', 'Medium': 'Water', 'Low': 'Firewood'}","{'high': 'food', 'medium': 'water', 'low': 'firewood'}",1,"{""high"": ""food"", ""medium"": ""water"", ""low"": ""firewood""}"
154-0_agent_1_desire,154-0,agent_1,"{'High': 'Food', 'Low': 'Water', 'Medium': 'Firewood'}","{'high': 'Food', 'medium': 'Water', 'low': 'Firewood'}",0,"{""high"": ""Food"", ""medium"": ""Water"", ""low"": ""Firewood""}"
154-0_agent_2_desire,154-0,agent_2,"{'High': 'Food', 'Medium': 'Water', 'Low': 'Firewood'}","{'high': 'Food', 'medium': 'Water', 'low': 'Firewood'}",1,"{""high"": ""Food"", ""medium"": ""Water"", ""low"": ""Firewood""}"
154-1_agent_1_desire,154-1,agent_1,"{'High': 'Food', 'Low': 'Water', 'Medium': 'Firewood'}","{'high': 'Food', 'medium': 'Water', 'low': 'Firewood'}",0,"{""high"": ""Food"", ""medium"": ""Water"", ""low"": ""Firewood""}"
154-1_agent_2_desire,154-1,agent_2,"{'High': 'Food', 'Medium': 'Water', 'Low': 'Firewood'}","{'high': 'Water', 'medium': 'Food', 'low': 'Firewood'}",0,"{""high"": ""Water"", ""medium"": ""Food"", ""low"": ""Firewood""}"
154-2_agent_1_desire,154-2,agent_1,"{'High': 'Food', 'Low': 'Water', 'Medium': 'Firewood'}","{'high': 'Food', 'medium': 'Water', 'low': 'Firewood'}",0,"{""high"": ""Food"", ""medium"": ""Water"", ""low"": ""Firewood""}"
154-2_agent_2_desire,154-2,agent_2,"{'High': 'Food', 'Medium': 'Water', 'Low': 'Firewood'}","{'high': 'Water', 'medium': 'Food', 'low': 'Firewood'}",0,"{""high"": ""Water"", ""medium"": ""Food"", ""low"": ""Firewood""}"
154-3_agent_1_desire,154-3,agent_1,"{'High': 'Food', 'Low': 'Water', 'Medium': 'Firewood'}","{'high': 'Food', 'medium': 'Water', 'low': 'Firewood'}",0,"{""high"": ""Food"", ""medium"": ""Water"", ""low"": ""Firewood""}"
154-3_agent_2_desire,154-3,agent_2,"{'High': 'Food', 'Medium': 'Water', 'Low': 'Firewood'}","{'high': 'Water', 'medium': 'Food', 'low': 'Firewood'}",0,"{""high"": ""Water"", ""medium"": ""Food"", ""low"": ""Firewood""}"
154-4_agent_1_desire,154-4,agent_1,"{'High': 'Food', 'Low': 'Water', 'Medium': 'Firewood'}","{'high': 'Firewood', 'medium': 'Water', 'low': 'Food'}",0,"{""high"": ""Firewood"", ""medium"": ""Water"", ""low"": ""Food""}"
154-4_agent_2_desire,154-4,agent_2,"{'High': 'Food', 'Medium': 'Water', 'Low': 'Firewood'}","{'high': 'Water', 'medium': 'Food', 'low': 'Firewood'}",0,"{""high"": ""Water"", ""medium"": ""Food"", ""low"": ""Firewood""}"
155-0_agent_1_desire,155-0,agent_1,"{'Medium': 'Food', 'High': 'Water', 'Low': 'Firewood'}","{'high': 'Water', 'medium': 'Food', 'low': 'Firewood'}",1,"{""high"": ""Water"", ""medium"": ""Food"", ""low"": ""Firewood""}"
155-0_agent_2_desire,155-0,agent_2,"{'Low': 'Food', 'High': 'Water', 'Medium': 'Firewood'}","{'high': 'Water', 'medium': 'Food', 'low': 'Firewood'}",0,"{""high"": ""Water"", ""medium"": ""Food"", ""low"": ""Firewood""}"
155-1_agent_1_desire,155-1,agent_1,"{'Medium': 'Food', 'High': 'Water', 'Low': 'Firewood'}","{'high': 'Water', 'medium': 'Food', 'low': 'Firewood'}",1,"{""high"": ""Water"", ""medium"": ""Food"", ""low"": ""Firewood""}"
155-1_agent_2_desire,155-1,agent_2,"{'Low': 'Food', 'High': 'Water', 'Medium': 'Firewood'}","{'high': 'water', 'medium': 'food', 'low': 'firewood'}",0,"{""high"": ""water"", ""medium"": ""food"", ""low"": ""firewood""}"
155-2_agent_1_desire,155-2,agent_1,"{'Medium': 'Food', 'High': 'Water', 'Low': 'Firewood'}","{'high': 'water', 'medium': 'food', 'low': 'firewood'}",1,"{""high"": ""water"", ""medium"": ""food"", ""low"": ""firewood""}"
155-2_agent_2_desire,155-2,agent_2,"{'Low': 'Food', 'High': 'Water', 'Medium': 'Firewood'}","{'high': 'Water', 'medium': 'Food', 'low': 'Firewood'}",0,"{""high"": ""Water"", ""medium"": ""Food"", ""low"": ""Firewood""}"
155-3_agent_1_desire,155-3,agent_1,"{'Medium': 'Food', 'High': 'Water', 'Low': 'Firewood'}","{'high': 'Water', 'medium': 'Food', 'low': 'Firewood'}",1,"{""high"": ""Water"", ""medium"": ""Food"", ""low"": ""Firewood""}"
155-3_agent_2_desire,155-3,agent_2,"{'Low': 'Food', 'High': 'Water', 'Medium': 'Firewood'}","{'high': 'water', 'medium': 'food', 'low': 'firewood'}",0,"{""high"": ""water"", ""medium"": ""food"", ""low"": ""firewood""}"
155-4_agent_1_desire,155-4,agent_1,"{'Medium': 'Food', 'High': 'Water', 'Low': 'Firewood'}","{'high': 'water', 'medium': 'food', 'low': 'firewood'}",1,"{""high"": ""water"", ""medium"": ""food"", ""low"": ""firewood""}"
155-4_agent_2_desire,155-4,agent_2,"{'Low': 'Food', 'High': 'Water', 'Medium': 'Firewood'}","{'high': 'water', 'medium': 'food', 'low': 'firewood'}",0,"{""high"": ""water"", ""medium"": ""food"", ""low"": ""firewood""}"
155-5_agent_1_desire,155-5,agent_1,"{'Medium': 'Food', 'High': 'Water', 'Low': 'Firewood'}","{'high': 'Water', 'medium': 'Food', 'low': 'Firewood'}",1,"{""high"": ""Water"", ""medium"": ""Food"", ""low"": ""Firewood""}"
155-5_agent_2_desire,155-5,agent_2,"{'Low': 'Food', 'High': 'Water', 'Medium': 'Firewood'}","{'high': 'water', 'medium': 'food', 'low': 'firewood'}",0,"{""high"": ""water"", ""medium"": ""food"", ""low"": ""firewood""}"
155-6_agent_1_desire,155-6,agent_1,"{'Medium': 'Food', 'High': 'Water', 'Low': 'Firewood'}","{'high': 'water', 'medium': 'food', 'low': 'firewood'}",1,"{""high"": ""water"", ""medium"": ""food"", ""low"": ""firewood""}"
155-6_agent_2_desire,155-6,agent_2,"{'Low': 'Food', 'High': 'Water', 'Medium': 'Firewood'}","{'high': 'water', 'medium': 'food', 'low': 'firewood'}",0,"{""high"": ""water"", ""medium"": ""food"", ""low"": ""firewood""}"
155-7_agent_1_desire,155-7,agent_1,"{'Medium': 'Food', 'High': 'Water', 'Low': 'Firewood'}","{'high': 'water', 'medium': 'food', 'low': 'firewood'}",1,"{""high"": ""water"", ""medium"": ""food"", ""low"": ""firewood""}"
155-7_agent_2_desire,155-7,agent_2,"{'Low': 'Food', 'High': 'Water', 'Medium': 'Firewood'}","{'high': 'water', 'medium': 'food', 'low': 'firewood'}",0,"{""high"": ""water"", ""medium"": ""food"", ""low"": ""firewood""}"
156-0_agent_1_desire,156-0,agent_1,"{'Medium': 'Food', 'Low': 'Water', 'High': 'Firewood'}","{'high': 'Firewood', 'medium': 'Food', 'low': 'Water'}",1,"{""high"": ""Firewood"", ""medium"": ""Food"", ""low"": ""Water""}"
156-0_agent_2_desire,156-0,agent_2,"{'Medium': 'Food', 'Low': 'Water', 'High': 'Firewood'}","{'high': 'Firewood', 'medium': 'Food', 'low': 'Water'}",1,"{""high"": ""Firewood"", ""medium"": ""Food"", ""low"": ""Water""}"
156-1_agent_1_desire,156-1,agent_1,"{'Medium': 'Food', 'Low': 'Water', 'High': 'Firewood'}","{'high': 'Water', 'medium': 'Food', 'low': 'Firewood'}",0,"{""high"": ""Water"", ""medium"": ""Food"", ""low"": ""Firewood""}"
156-1_agent_2_desire,156-1,agent_2,"{'Medium': 'Food', 'Low': 'Water', 'High': 'Firewood'}","{'high': 'Firewood', 'medium': 'Food', 'low': 'Water'}",1,"{""high"": ""Firewood"", ""medium"": ""Food"", ""low"": ""Water""}"
156-2_agent_1_desire,156-2,agent_1,"{'Medium': 'Food', 'Low': 'Water', 'High': 'Firewood'}","{'high': 'Firewood', 'medium': 'Food', 'low': 'Water'}",1,"{""high"": ""Firewood"", ""medium"": ""Food"", ""low"": ""Water""}"
156-2_agent_2_desire,156-2,agent_2,"{'Medium': 'Food', 'Low': 'Water', 'High': 'Firewood'}","{'high': 'Firewood', 'medium': 'Food', 'low': 'Water'}",1,"{""high"": ""Firewood"", ""medium"": ""Food"", ""low"": ""Water""}"
156-3_agent_1_desire,156-3,agent_1,"{'Medium': 'Food', 'Low': 'Water', 'High': 'Firewood'}","{'high': 'firewood', 'medium': 'food', 'low': 'water'}",1,"{""high"": ""firewood"", ""medium"": ""food"", ""low"": ""water""}"
156-3_agent_2_desire,156-3,agent_2,"{'Medium': 'Food', 'Low': 'Water', 'High': 'Firewood'}","{'high': 'Firewood', 'medium': 'Food', 'low': 'Water'}",1,"{""high"": ""Firewood"", ""medium"": ""Food"", ""low"": ""Water""}"
156-4_agent_1_desire,156-4,agent_1,"{'Medium': 'Food', 'Low': 'Water', 'High': 'Firewood'}","{'high': 'firewood', 'medium': 'food', 'low': 'water'}",1,"{""high"": ""firewood"", ""medium"": ""food"", ""low"": ""water""}"
156-4_agent_2_desire,156-4,agent_2,"{'Medium': 'Food', 'Low': 'Water', 'High': 'Firewood'}","{'high': 'firewood', 'medium': 'food', 'low': 'water'}",1,"{""high"": ""firewood"", ""medium"": ""food"", ""low"": ""water""}"
156-5_agent_1_desire,156-5,agent_1,"{'Medium': 'Food', 'Low': 'Water', 'High': 'Firewood'}","{'high': 'firewood', 'medium': 'food', 'low': 'water'}",1,"{""high"": ""firewood"", ""medium"": ""food"", ""low"": ""water""}"
156-5_agent_2_desire,156-5,agent_2,"{'Medium': 'Food', 'Low': 'Water', 'High': 'Firewood'}","{'high': 'firewood', 'medium': 'food', 'low': 'water'}",1,"{""high"": ""firewood"", ""medium"": ""food"", ""low"": ""water""}"
156-6_agent_1_desire,156-6,agent_1,"{'Medium': 'Food', 'Low': 'Water', 'High': 'Firewood'}","{'high': 'firewood', 'medium': 'food', 'low': 'water'}",1,"{""high"": ""firewood"", ""medium"": ""food"", ""low"": ""water""}"
156-6_agent_2_desire,156-6,agent_2,"{'Medium': 'Food', 'Low': 'Water', 'High': 'Firewood'}","{'high': 'Firewood', 'medium': 'Food', 'low': 'Water'}",1,"{""high"": ""Firewood"", ""medium"": ""Food"", ""low"": ""Water""}"
156-7_agent_1_desire,156-7,agent_1,"{'Medium': 'Food', 'Low': 'Water', 'High': 'Firewood'}","{'high': 'firewood', 'medium': 'food', 'low': 'water'}",1,"{""high"": ""firewood"", ""medium"": ""food"", ""low"": ""water""}"
156-7_agent_2_desire,156-7,agent_2,"{'Medium': 'Food', 'Low': 'Water', 'High': 'Firewood'}","{'high': 'firewood', 'medium': 'food', 'low': 'water'}",1,"{""high"": ""firewood"", ""medium"": ""food"", ""low"": ""water""}"
156-8_agent_1_desire,156-8,agent_1,"{'Medium': 'Food', 'Low': 'Water', 'High': 'Firewood'}","{'high': 'firewood', 'medium': 'food', 'low': 'water'}",1,"{""high"": ""firewood"", ""medium"": ""food"", ""low"": ""water""}"
156-8_agent_2_desire,156-8,agent_2,"{'Medium': 'Food', 'Low': 'Water', 'High': 'Firewood'}","{'high': 'firewood', 'medium': 'food', 'low': 'water'}",1,"{""high"": ""firewood"", ""medium"": ""food"", ""low"": ""water""}"
157-0_agent_1_desire,157-0,agent_1,"{'Medium': 'Food', 'Low': 'Water', 'High': 'Firewood'}","{'high': 'Water', 'medium': 'Food', 'low': 'Firewood'}",0,"{""high"": ""Water"", ""medium"": ""Food"", ""low"": ""Firewood""}"
157-0_agent_2_desire,157-0,agent_2,"{'Medium': 'Food', 'Low': 'Water', 'High': 'Firewood'}","{'high': 'Water', 'medium': 'Food', 'low': 'Firewood'}",0,"{""high"": ""Water"", ""medium"": ""Food"", ""low"": ""Firewood""}"
157-1_agent_1_desire,157-1,agent_1,"{'Medium': 'Food', 'Low': 'Water', 'High': 'Firewood'}","{'high': 'Water', 'medium': 'Food', 'low': 'Firewood'}",0,"{""high"": ""Water"", ""medium"": ""Food"", ""low"": ""Firewood""}"
157-1_agent_2_desire,157-1,agent_2,"{'Medium': 'Food', 'Low': 'Water', 'High': 'Firewood'}","{'high': 'Food', 'medium': 'Water', 'low': 'Firewood'}",0,"{""high"": ""Food"", ""medium"": ""Water"", ""low"": ""Firewood""}"
157-2_agent_1_desire,157-2,agent_1,"{'Medium': 'Food', 'Low': 'Water', 'High': 'Firewood'}","{'high': 'firewood', 'medium': 'water', 'low': 'food'}",0,"{""high"": ""firewood"", ""medium"": ""water"", ""low"": ""food""}"
157-2_agent_2_desire,157-2,agent_2,"{'Medium': 'Food', 'Low': 'Water', 'High': 'Firewood'}","{'high': 'firewood', 'medium': 'water', 'low': 'food'}",0,"{""high"": ""firewood"", ""medium"": ""water"", ""low"": ""food""}"
157-3_agent_1_desire,157-3,agent_1,"{'Medium': 'Food', 'Low': 'Water', 'High': 'Firewood'}","{'high': 'firewood', 'medium': 'water', 'low': 'food'}",0,"{""high"": ""firewood"", ""medium"": ""water"", ""low"": ""food""}"
157-3_agent_2_desire,157-3,agent_2,"{'Medium': 'Food', 'Low': 'Water', 'High': 'Firewood'}","{'high': 'water', 'medium': 'firewood', 'low': 'food'}",0,"{""high"": ""water"", ""medium"": ""firewood"", ""low"": ""food""}"
157-4_agent_1_desire,157-4,agent_1,"{'Medium': 'Food', 'Low': 'Water', 'High': 'Firewood'}","{'high': 'Water', 'medium': 'Firewood', 'low': 'Food'}",0,"{""high"": ""Water"", ""medium"": ""Firewood"", ""low"": ""Food""}"
157-4_agent_2_desire,157-4,agent_2,"{'Medium': 'Food', 'Low': 'Water', 'High': 'Firewood'}","{'high': 'water', 'medium': 'firewood', 'low': 'food'}",0,"{""high"": ""water"", ""medium"": ""firewood"", ""low"": ""food""}"
158-0_agent_1_desire,158-0,agent_1,"{'High': 'Food', 'Low': 'Water', 'Medium': 'Firewood'}","{'high': 'Food', 'medium': 'Water', 'low': 'Firewood'}",0,"{""high"": ""Food"", ""medium"": ""Water"", ""low"": ""Firewood""}"
158-0_agent_2_desire,158-0,agent_2,"{'High': 'Food', 'Medium': 'Water', 'Low': 'Firewood'}","{'high': 'Water', 'medium': 'Firewood', 'low': 'Food'}",0,"{""high"": ""Water"", ""medium"": ""Firewood"", ""low"": ""Food""}"
158-1_agent_1_desire,158-1,agent_1,"{'High': 'Food', 'Low': 'Water', 'Medium': 'Firewood'}","{'high': 'Food', 'medium': 'Water', 'low': 'Firewood'}",0,"{""high"": ""Food"", ""medium"": ""Water"", ""low"": ""Firewood""}"
158-1_agent_2_desire,158-1,agent_2,"{'High': 'Food', 'Medium': 'Water', 'Low': 'Firewood'}","{'high': 'food', 'medium': 'water', 'low': 'firewood'}",1,"{""high"": ""food"", ""medium"": ""water"", ""low"": ""firewood""}"
158-2_agent_1_desire,158-2,agent_1,"{'High': 'Food', 'Low': 'Water', 'Medium': 'Firewood'}","{'high': 'Food', 'medium': 'Water', 'low': 'Firewood'}",0,"{""high"": ""Food"", ""medium"": ""Water"", ""low"": ""Firewood""}"
158-2_agent_2_desire,158-2,agent_2,"{'High': 'Food', 'Medium': 'Water', 'Low': 'Firewood'}","{'high': 'food', 'medium': 'water', 'low': 'firewood'}",1,"{""high"": ""food"", ""medium"": ""water"", ""low"": ""firewood""}"
158-3_agent_1_desire,158-3,agent_1,"{'High': 'Food', 'Low': 'Water', 'Medium': 'Firewood'}","{'high': 'Food', 'medium': 'Water', 'low': 'Firewood'}",0,"{""high"": ""Food"", ""medium"": ""Water"", ""low"": ""Firewood""}"
158-3_agent_2_desire,158-3,agent_2,"{'High': 'Food', 'Medium': 'Water', 'Low': 'Firewood'}","{'high': 'Water', 'medium': 'Food', 'low': 'Firewood'}",0,"{""high"": ""Water"", ""medium"": ""Food"", ""low"": ""Firewood""}"
158-4_agent_1_desire,158-4,agent_1,"{'High': 'Food', 'Low': 'Water', 'Medium': 'Firewood'}","{'high': 'food', 'medium': 'firewood', 'low': 'water'}",1,"{""high"": ""food"", ""medium"": ""firewood"", ""low"": ""water""}"
158-4_agent_2_desire,158-4,agent_2,"{'High': 'Food', 'Medium': 'Water', 'Low': 'Firewood'}","{'high': 'Food', 'medium': 'Water', 'low': 'Firewood'}",1,"{""high"": ""Food"", ""medium"": ""Water"", ""low"": ""Firewood""}"
