uid,dialogue_id,utt_idx,target_utterance,gold_intent,gold_bitmask,pred_intents,pred_bitmask,raw_response
158-4_utt1_intention,158-4,1,agent_2: I'll really need 2 firewood if we do this.,Describe-Need,"[0, 0, 1, 0, 0, 0, 0, 0, 0]",['Describe-Need'],"[0, 0, 1, 0, 0, 0, 0, 0, 0]","{""intents"":[""Describe-Need""]}"
158-4_utt2_intention,158-4,2,agent_1: I need the firewood also because this campsite is bare and the little bit of wood I did have a raccoon came and stole it.☹️,Describe-Need,"[0, 0, 1, 0, 0, 0, 0, 0, 0]",['Describe-Need'],"[0, 0, 1, 0, 0, 0, 0, 0, 0]","{""intents"":[""Describe-Need""]}"
158-5_utt1_intention,158-5,1,"agent_2: Okay, how about I get 1 food, three water, and 1 firewood?",No-Intention,"[0, 0, 0, 0, 1, 0, 0, 0, 0]",['Promote-Coordination'],"[0, 0, 0, 0, 0, 0, 1, 0, 0]","{""intents"":[""Promote-Coordination""]}"
158-5_utt2_intention,158-5,2,agent_1: okay that works for me,No-Intention,"[0, 0, 0, 0, 1, 0, 0, 0, 0]",['Promote-Coordination'],"[0, 0, 0, 0, 0, 0, 1, 0, 0]","{""intents"":[""Promote-Coordination""]}"
159-0_utt1_intention,159-0,1,agent_2: Hello! I'm so excited for this camping trip. What do you still need as your supplies?,"Build-Rapport,Discover-Preference","[1, 0, 0, 1, 0, 0, 0, 0, 0]","['Build-Rapport', 'Discover-Preference']","[1, 0, 0, 1, 0, 0, 0, 0, 0]","{""intents"":[""Build-Rapport"",""Discover-Preference""]}"
159-0_utt2_intention,159-0,2,"agent_1: I think food, water, and firewood are all going to be fairly important.",Describe-Need,"[0, 0, 1, 0, 0, 0, 0, 0, 0]",['Describe-Need'],"[0, 0, 1, 0, 0, 0, 0, 0, 0]","{""intents"":[""Describe-Need""]}"
159-1_utt1_intention,159-1,1,"agent_2: I agree. I have diabetes, so water and food are super important to me. My diabetes makes me super thirsty and I have to make sure I keep my blood sugar under control with certain foods ☹️",Describe-Need,"[0, 0, 1, 0, 0, 0, 0, 0, 0]",['Describe-Need'],"[0, 0, 1, 0, 0, 0, 0, 0, 0]","{""intents"":[""Describe-Need""]}"
159-1_utt2_intention,159-1,2,"agent_1: I can definitely relate to that, I have family members with type 2 so I know how bad that can get",Show-Empathy,"[0, 0, 0, 0, 0, 0, 0, 1, 0]","['Build-Rapport', 'Show-Empathy']","[1, 0, 0, 0, 0, 0, 0, 1, 0]","{""intents"":[""Build-Rapport"",""Show-Empathy""]}"
159-2_utt1_intention,159-2,1,"agent_2: Yes definitely! It is a pain for sure, but I love camping so I still want to go! I just have to make sure I have all the supplies I need. ","Build-Rapport,Describe-Need","[1, 0, 1, 0, 0, 0, 0, 0, 0]","['Build-Rapport', 'Describe-Need']","[1, 0, 1, 0, 0, 0, 0, 0, 0]","{""intents"":[""Build-Rapport"",""Describe-Need""]}"
159-2_utt2_intention,159-2,2,agent_1: I can do without extra water as long as I have food and firewood to purify water I find.  It might be better for you to have a reliable supply though.,"No-Need,Show-Empathy","[0, 0, 0, 0, 0, 1, 0, 1, 0]","['No-Need', 'Promote-Coordination']","[0, 0, 0, 0, 0, 1, 1, 0, 0]","{""intents"":[""No-Need"",""Promote-Coordination""]}"
159-3_utt1_intention,159-3,1,"agent_2: That totally makes sense! I actually am good on firewood thankfully, I got some from a person selling it from their yard a little bit ago.","No-Need,Show-Empathy","[0, 0, 0, 0, 0, 1, 0, 1, 0]","['Build-Rapport', 'No-Need']","[1, 0, 0, 0, 0, 1, 0, 0, 0]","{""intents"":[""Build-Rapport"",""No-Need""]}"
159-3_utt2_intention,159-3,2,"agent_1: I would have been able to bring more with me by getting some from my parents, but my father decided he wanted to get rid of what he had left and so has been enjoying his fire pit a lot lately.",Describe-Need,"[0, 0, 1, 0, 0, 0, 0, 0, 0]",['No-Need'],"[0, 0, 0, 0, 0, 1, 0, 0, 0]","{""intents"":[""No-Need""]}"
159-4_utt1_intention,159-4,1,agent_2: Oh I have always wanted a firepit! I totally understand. If you'd like you can have all 3 of the firewood supply stash to get you started.,"Build-Rapport,Show-Empathy","[1, 0, 0, 0, 0, 0, 0, 1, 0]","['Build-Rapport', 'Show-Empathy', 'Promote-Coordination']","[1, 0, 0, 0, 0, 0, 1, 1, 0]","{""intents"":[""Build-Rapport"",""Show-Empathy"",""Promote-Coordination""]}"
159-4_utt2_intention,159-4,2,"agent_1: And I think it's entirely reasonable for you to have all 3 of the water as dehydration can be very bad very quickly, especially with diabetes.",Show-Empathy,"[0, 0, 0, 0, 0, 0, 0, 1, 0]","['Promote-Coordination', 'Show-Empathy']","[0, 0, 0, 0, 0, 0, 1, 1, 0]","{""intents"":[""Promote-Coordination"",""Show-Empathy""]}"
159-5_utt1_intention,159-5,1,"agent_2: That sounds like a fair deal. Food wise, how would you like to split that up?",Callout-Fairness,"[0, 1, 0, 0, 0, 0, 0, 0, 0]","['Callout-Fairness', 'Discover-Preference']","[0, 1, 0, 1, 0, 0, 0, 0, 0]","{""intents"":[""Callout-Fairness"",""Discover-Preference""]}"
159-5_utt2_intention,159-5,2,"agent_1: Since I'll be foraging for water and spending more energy on that, how about I take 2 food and you get 1.  Bearing in mind that you're getting all of the stable water supply.","Describe-Need,Undermine-Requirements","[0, 0, 1, 0, 0, 0, 0, 0, 1]","['Callout-Fairness', 'Promote-Coordination']","[0, 1, 0, 0, 0, 0, 1, 0, 0]","{""intents"":[""Callout-Fairness"",""Promote-Coordination""]}"
159-6_utt1_intention,159-6,1,agent_2: I can agree on that!,No-Intention,"[0, 0, 0, 0, 1, 0, 0, 0, 0]",['Promote-Coordination'],"[0, 0, 0, 0, 0, 0, 1, 0, 0]","{""intents"":[""Promote-Coordination""]}"
159-6_utt2_intention,159-6,2,"agent_1: You're a very agreeable person, I think we actually made a good deal.",Build-Rapport,"[1, 0, 0, 0, 0, 0, 0, 0, 0]",['Build-Rapport'],"[1, 0, 0, 0, 0, 0, 0, 0, 0]","{""intents"":[""Build-Rapport""]}"
160-0_utt1_intention,160-0,1,"agent_1: Good afternoon, how are doing today? Let's get this thing going. What items are you most interested?","Build-Rapport,Discover-Preference","[1, 0, 0, 1, 0, 0, 0, 0, 0]","['Build-Rapport', 'Discover-Preference', 'Promote-Coordination']","[1, 0, 0, 1, 0, 0, 1, 0, 0]","{""intents"":[""Build-Rapport"", ""Discover-Preference"", ""Promote-Coordination""]}"
160-0_utt2_intention,160-0,2,"agent_2: Hello , i am well. i dont need much so i would say an equal amount.","Build-Rapport,Callout-Fairness","[1, 1, 0, 0, 0, 0, 0, 0, 0]","['Build-Rapport', 'Describe-Need']","[1, 0, 1, 0, 0, 0, 0, 0, 0]","{""intents"":[""Build-Rapport"",""Describe-Need""]}"
160-1_utt1_intention,160-1,1,agent_1: I have a medical condition that require me to drink a ton of water. I also can only eat certain foods and I have 3 kids. The more food and water the better for us.,Describe-Need,"[0, 0, 1, 0, 0, 0, 0, 0, 0]",['Describe-Need'],"[0, 0, 1, 0, 0, 0, 0, 0, 0]","{""intents"":[""Describe-Need""]}"
160-1_utt2_intention,160-1,2,agent_2: sorry to hear that. i too have kids but my health is ok so i can do with 1 water.,"No-Need,Show-Empathy","[0, 0, 0, 0, 0, 1, 0, 1, 0]","['Show-Empathy', 'Describe-Need']","[0, 0, 1, 0, 0, 0, 0, 1, 0]","{""intents"":[""Show-Empathy"", ""Describe-Need""]}"
160-2_utt1_intention,160-2,1,agent_1: Thank you. 🙂 Would 1 food and 3 firewood work for you?,No-Intention,"[0, 0, 0, 0, 1, 0, 0, 0, 0]","['Build-Rapport', 'Promote-Coordination']","[1, 0, 0, 0, 0, 0, 1, 0, 0]","{""intents"":[""Build-Rapport"",""Promote-Coordination""]}"
160-2_utt2_intention,160-2,2,"agent_2: No problem🙂, i would be fine with 1 water, 1 food,and 3 firewood.",No-Intention,"[0, 0, 0, 0, 1, 0, 0, 0, 0]",['Promote-Coordination'],"[0, 0, 0, 0, 0, 0, 1, 0, 0]","{""intents"":[""Promote-Coordination""]}"
160-3_utt1_intention,160-3,1,agent_1: That works for me. Glad we could hammer out a deal. 🙂 What are you using all the firewood for?,Discover-Preference,"[0, 0, 0, 1, 0, 0, 0, 0, 0]","['Build-Rapport', 'Promote-Coordination']","[1, 0, 0, 0, 0, 0, 1, 0, 0]","{""intents"":[""Build-Rapport"",""Promote-Coordination""]}"
160-3_utt2_intention,160-3,2,"agent_2: so just to be clear that 1 water 1 food and 2 firewoods, and probably have a bon fire.",Describe-Need,"[0, 0, 1, 0, 0, 0, 0, 0, 0]",['Promote-Coordination'],"[0, 0, 0, 0, 0, 0, 1, 0, 0]","{""intents"":[""Promote-Coordination""]}"
160-4_utt1_intention,160-4,1,"agent_1: Correct We will take 2 food, 2 water and 1 firewood. Very cool.",No-Intention,"[0, 0, 0, 0, 1, 0, 0, 0, 0]",['Promote-Coordination'],"[0, 0, 0, 0, 0, 0, 1, 0, 0]","{""intents"":[""Promote-Coordination""]}"
160-4_utt2_intention,160-4,2,agent_2: Thank you so mush im glad we came to a deal.,No-Intention,"[0, 0, 0, 0, 1, 0, 0, 0, 0]",['Build-Rapport'],"[1, 0, 0, 0, 0, 0, 0, 0, 0]","{""intents"":[""Build-Rapport""]}"
161-0_utt1_intention,161-0,1,agent_1: Looking forward to the trip.  They gave up the bare essentials but I could really use some extra supplies.🙂,"Build-Rapport,Describe-Need","[1, 0, 1, 0, 0, 0, 0, 0, 0]","['Build-Rapport', 'Describe-Need']","[1, 0, 1, 0, 0, 0, 0, 0, 0]","{""intents"":[""Build-Rapport"",""Describe-Need""]}"
161-0_utt2_intention,161-0,2,"agent_2: I could too, I am a little short on a few things!",Describe-Need,"[0, 0, 1, 0, 0, 0, 0, 0, 0]","['Build-Rapport', 'Describe-Need']","[1, 0, 1, 0, 0, 0, 0, 0, 0]","{""intents"":[""Build-Rapport"",""Describe-Need""]}"
161-1_utt1_intention,161-1,1,agent_1: My biggest concern is water.  I could really use more.  That and some extra food.,Describe-Need,"[0, 0, 1, 0, 0, 0, 0, 0, 0]",['Describe-Need'],"[0, 0, 1, 0, 0, 0, 0, 0, 0]","{""intents"":[""Describe-Need""]}"
161-1_utt2_intention,161-1,2,agent_2: My biggest concern is food and then water. ,No-Intention,"[0, 0, 0, 0, 1, 0, 0, 0, 0]",['Describe-Need'],"[0, 0, 1, 0, 0, 0, 0, 0, 0]","{""intents"":[""Describe-Need""]}"
161-2_utt1_intention,161-2,1,"agent_1: I'm going to need quite a bit more water, at least 2 packages.  I would like at least 1 food. What do you think?",Describe-Need,"[0, 0, 1, 0, 0, 0, 0, 0, 0]","['Describe-Need', 'Promote-Coordination']","[0, 0, 1, 0, 0, 0, 1, 0, 0]","{""intents"":[""Describe-Need"", ""Promote-Coordination""]}"
161-2_utt2_intention,161-2,2,agent_2: How about you take two water and 1 food and 2 firewood?,No-Intention,"[0, 0, 0, 0, 1, 0, 0, 0, 0]",['Promote-Coordination'],"[0, 0, 0, 0, 0, 0, 1, 0, 0]","{""intents"":[""Promote-Coordination""]}"
161-3_utt1_intention,161-3,1,agent_1: That's kind of what I was thinking.  That would work for me.,No-Intention,"[0, 0, 0, 0, 1, 0, 0, 0, 0]",['Promote-Coordination'],"[0, 0, 0, 0, 0, 0, 1, 0, 0]","{""intents"":[""Promote-Coordination""]}"
161-3_utt2_intention,161-3,2,"agent_2: OK, great, I forgot my fishing pole so the extra food will really help!",Describe-Need,"[0, 0, 1, 0, 0, 0, 0, 0, 0]","['Build-Rapport', 'Describe-Need']","[1, 0, 1, 0, 0, 0, 0, 0, 0]","{""intents"":[""Build-Rapport"",""Describe-Need""]}"
161-4_utt1_intention,161-4,1,agent_1: The extra firewood will help out keeping the family warm in case the temperature drops.,Describe-Need,"[0, 0, 1, 0, 0, 0, 0, 0, 0]",['Describe-Need'],"[0, 0, 1, 0, 0, 0, 0, 0, 0]","{""intents"":[""Describe-Need""]}"
161-4_utt2_intention,161-4,2,"agent_2: OK, perfect, I think we have reached a good deal🙂",No-Intention,"[0, 0, 0, 0, 1, 0, 0, 0, 0]",['Promote-Coordination'],"[0, 0, 0, 0, 0, 0, 1, 0, 0]","{""intents"":[""Promote-Coordination""]}"
162-0_utt1_intention,162-0,1,agent_2: Hi buddy. How you doing today? 🙂,Build-Rapport,"[1, 0, 0, 0, 0, 0, 0, 0, 0]",['Build-Rapport'],"[1, 0, 0, 0, 0, 0, 0, 0, 0]","{""intents"":[""Build-Rapport""]}"
162-0_utt2_intention,162-0,2,agent_1: Great! I'm so excited to go camping this weekend!🙂,Build-Rapport,"[1, 0, 0, 0, 0, 0, 0, 0, 0]",['Build-Rapport'],"[1, 0, 0, 0, 0, 0, 0, 0, 0]","{""intents"":[""Build-Rapport""]}"
162-1_utt1_intention,162-1,1,agent_2: Me too!! Though it's over 100 degrees these days. 😡,Build-Rapport,"[1, 0, 0, 0, 0, 0, 0, 0, 0]",['Build-Rapport'],"[1, 0, 0, 0, 0, 0, 0, 0, 0]","{""intents"":[""Build-Rapport""]}"
162-1_utt2_intention,162-1,2,agent_1: Well hopefully it will be cooler up in the mountains. What supplies are you in need of?,"Build-Rapport,Discover-Preference","[1, 0, 0, 1, 0, 0, 0, 0, 0]","['Build-Rapport', 'Discover-Preference']","[1, 0, 0, 1, 0, 0, 0, 0, 0]","{""intents"":[""Build-Rapport"", ""Discover-Preference""]}"
162-2_utt1_intention,162-2,1,agent_2: I am a big eater. I tend to eat a lot throughout the day. You? 🙂,"Describe-Need,Discover-Preference","[0, 0, 1, 1, 0, 0, 0, 0, 0]","['Describe-Need', 'Discover-Preference']","[0, 0, 1, 1, 0, 0, 0, 0, 0]","{""intents"":[""Describe-Need"",""Discover-Preference""]}"
162-2_utt2_intention,162-2,2,"agent_1: Ha I get that! I'll need that too, but mostly water because my family wants to do a lot of hikes.","Describe-Need,Show-Empathy","[0, 0, 1, 0, 0, 0, 0, 1, 0]","['Build-Rapport', 'Describe-Need', 'Show-Empathy']","[1, 0, 1, 0, 0, 0, 0, 1, 0]","{""intents"":[""Build-Rapport"", ""Describe-Need"", ""Show-Empathy""]}"
162-3_utt1_intention,162-3,1,"agent_2: Thirty I see. No problem, we'll work something out. 🙂",Show-Empathy,"[0, 0, 0, 0, 0, 0, 0, 1, 0]","['Build-Rapport', 'Promote-Coordination']","[1, 0, 0, 0, 0, 0, 1, 0, 0]","{""intents"":[""Build-Rapport"",""Promote-Coordination""]}"
162-3_utt2_intention,162-3,2,agent_1: Do you plan on having lots of campfires?,Discover-Preference,"[0, 0, 0, 1, 0, 0, 0, 0, 0]",['Discover-Preference'],"[0, 0, 0, 1, 0, 0, 0, 0, 0]","{""intents"":[""Discover-Preference""]}"
162-4_utt1_intention,162-4,1,agent_2: Probably not since its really hot during these days. How's the weather where you live?🙂,"Build-Rapport,No-Need","[1, 0, 0, 0, 0, 1, 0, 0, 0]",['Build-Rapport'],"[1, 0, 0, 0, 0, 0, 0, 0, 0]","{""intents"":[""Build-Rapport""]}"
162-4_utt2_intention,162-4,2,"agent_1: Hot here as well. Okay then... How about I'll have 2 waters, 2 firewoods and 1 food, and you 1 water,1 firewood and 2 food?",Build-Rapport,"[1, 0, 0, 0, 0, 0, 0, 0, 0]","['Build-Rapport', 'Promote-Coordination']","[1, 0, 0, 0, 0, 0, 1, 0, 0]","{""intents"":[""Build-Rapport"",""Promote-Coordination""]}"
163-0_utt1_intention,163-0,1,"agent_1: I need some firewood because I did not bring enough, I was thinking I could take 2 firewood, 1 food, and 2 water. What do you think?",Describe-Need,"[0, 0, 1, 0, 0, 0, 0, 0, 0]","['Describe-Need', 'Promote-Coordination']","[0, 0, 1, 0, 0, 0, 1, 0, 0]","{""intents"":[""Describe-Need"", ""Promote-Coordination""]}"
163-0_utt2_intention,163-0,2,agent_2: I can do that for you!,No-Intention,"[0, 0, 0, 0, 1, 0, 0, 0, 0]",['Promote-Coordination'],"[0, 0, 0, 0, 0, 0, 1, 0, 0]","{""intents"":[""Promote-Coordination""]}"
163-1_utt1_intention,163-1,1,"agent_1: Ok, so you must prefer water and food over firewood. We might have lucked out as far as our priorities go!🙂",No-Intention,"[0, 0, 0, 0, 1, 0, 0, 0, 0]","['Build-Rapport', 'Discover-Preference']","[1, 0, 0, 1, 0, 0, 0, 0, 0]","{""intents"":[""Build-Rapport"", ""Discover-Preference""]}"
163-1_utt2_intention,163-1,2,agent_2: Yes pretty much that sounds like we can work something out,No-Intention,"[0, 0, 0, 0, 1, 0, 0, 0, 0]","['Build-Rapport', 'Promote-Coordination']","[1, 0, 0, 0, 0, 0, 1, 0, 0]","{""intents"":[""Build-Rapport"",""Promote-Coordination""]}"
163-2_utt1_intention,163-2,1,agent_1: Would you be willing to let me have all the firewood and you could take 2 of the food and 2 of the water?,Promote-Coordination,"[0, 0, 0, 0, 0, 0, 1, 0, 0]",['Promote-Coordination'],"[0, 0, 0, 0, 0, 0, 1, 0, 0]","{""intents"":[""Promote-Coordination""]}"
163-2_utt2_intention,163-2,2,agent_2: No I can't do that unfortunately./,No-Intention,"[0, 0, 0, 0, 1, 0, 0, 0, 0]",['No-Intention'],"[0, 0, 0, 0, 1, 0, 0, 0, 0]","{""intents"":[""No-Intention""]}"
163-3_utt1_intention,163-3,1,"agent_1: Ok, so I could take 2 firewood, 1 food, and 1 water, the original deal, do you still want to do that one?",No-Intention,"[0, 0, 0, 0, 1, 0, 0, 0, 0]",['Promote-Coordination'],"[0, 0, 0, 0, 0, 0, 1, 0, 0]","{""intents"":[""Promote-Coordination""]}"
163-3_utt2_intention,163-3,2,agent_2: I would prefer the original deal,No-Intention,"[0, 0, 0, 0, 1, 0, 0, 0, 0]",['Promote-Coordination'],"[0, 0, 0, 0, 0, 0, 1, 0, 0]","{""intents"":[""Promote-Coordination""]}"
163-4_utt1_intention,163-4,1,"agent_1: Ok, I am good with the original deal also. ",No-Intention,"[0, 0, 0, 0, 1, 0, 0, 0, 0]",['Promote-Coordination'],"[0, 0, 0, 0, 0, 0, 1, 0, 0]","{""intents"":[""Promote-Coordination""]}"
163-4_utt2_intention,163-4,2,agent_2: That sounds good to me.,No-Intention,"[0, 0, 0, 0, 1, 0, 0, 0, 0]",['Promote-Coordination'],"[0, 0, 0, 0, 0, 0, 1, 0, 0]","{""intents"":[""Promote-Coordination""]}"
164-0_utt1_intention,164-0,1,agent_2: Hi there!  I'm so excited to be going camping this weekend.  I haven't been able to do anything because of the pandemic.  Do you have any plans for the weekend?,Build-Rapport,"[1, 0, 0, 0, 0, 0, 0, 0, 0]","['Build-Rapport', 'Discover-Preference']","[1, 0, 0, 1, 0, 0, 0, 0, 0]","{""intents"":[""Build-Rapport"",""Discover-Preference""]}"
164-0_utt2_intention,164-0,2,"agent_1: No, I don't have any plans for this weekend. Can we camp together?",Build-Rapport,"[1, 0, 0, 0, 0, 0, 0, 0, 0]",['Promote-Coordination'],"[0, 0, 0, 0, 0, 0, 1, 0, 0]","{""intents"":[""Promote-Coordination""]}"
164-1_utt1_intention,164-1,1,"agent_2: If you want to tag along, sure.  lol  I'll be heading to the mountains so it's going to be hot during the day and cold during the night.",Build-Rapport,"[1, 0, 0, 0, 0, 0, 0, 0, 0]",['Promote-Coordination'],"[0, 0, 0, 0, 0, 0, 1, 0, 0]","{""intents"":[""Promote-Coordination""]}"
164-1_utt2_intention,164-1,2,"agent_1: Great, hey, I'll make you an offer, I'll keep 3 firewood, 3 food and...",Build-Rapport,"[1, 0, 0, 0, 0, 0, 0, 0, 0]",['Promote-Coordination'],"[0, 0, 0, 0, 0, 0, 1, 0, 0]","{""intents"":[""Promote-Coordination""]}"
164-2_utt1_intention,164-2,1,agent_2: Would I be able to take 2 firewood and 3 waters and then you take the res?,No-Intention,"[0, 0, 0, 0, 1, 0, 0, 0, 0]",['Promote-Coordination'],"[0, 0, 0, 0, 0, 0, 1, 0, 0]","{""intents"":[""Promote-Coordination""]}"
164-2_utt2_intention,164-2,2,agent_1: Yes,No-Intention,"[0, 0, 0, 0, 1, 0, 0, 0, 0]",['Promote-Coordination'],"[0, 0, 0, 0, 0, 0, 1, 0, 0]","{""intents"":[""Promote-Coordination""]}"
164-3_utt1_intention,164-3,1,"agent_2: It sounds like we are going to have a really good weekend!  I'm pumped up!  We'll have enough firewood to keep warm, lots of water, and food as well!","Build-Rapport,Describe-Need","[1, 0, 1, 0, 0, 0, 0, 0, 0]","['Build-Rapport', 'Promote-Coordination']","[1, 0, 0, 0, 0, 0, 1, 0, 0]","{""intents"":[""Build-Rapport"",""Promote-Coordination""]}"
164-3_utt2_intention,164-3,2,agent_1: Excellent,No-Intention,"[0, 0, 0, 0, 1, 0, 0, 0, 0]",['Build-Rapport'],"[1, 0, 0, 0, 0, 0, 0, 0, 0]","{""intents"":[""Build-Rapport""]}"
164-4_utt1_intention,164-4,1,agent_2: Thanks for coming along!  I'm glad we are going to have plenty of supplies.,Build-Rapport,"[1, 0, 0, 0, 0, 0, 0, 0, 0]",['Build-Rapport'],"[1, 0, 0, 0, 0, 0, 0, 0, 0]","{""intents"":[""Build-Rapport""]}"
164-4_utt2_intention,164-4,2,agent_1: Great,No-Intention,"[0, 0, 0, 0, 1, 0, 0, 0, 0]",['Build-Rapport'],"[1, 0, 0, 0, 0, 0, 0, 0, 0]","{""intents"":[""Build-Rapport""]}"
165-0_utt1_intention,165-0,1,agent_2: TO THE FOOD DEAL IN THE HIGH PIRORITY COMPLEX COMPOUND AND THE WATER IN THE MEDIUM COMPOUND AND THE FIREWOOD IS THE LOW COMPOUND,No-Intention,"[0, 0, 0, 0, 1, 0, 0, 0, 0]",['Promote-Coordination'],"[0, 0, 0, 0, 0, 0, 1, 0, 0]","{""intents"":[""Promote-Coordination""]}"
165-0_utt2_intention,165-0,2,agent_1: I want all the firewood and all the water please. 🙂,No-Intention,"[0, 0, 0, 0, 1, 0, 0, 0, 0]",['Describe-Need'],"[0, 0, 1, 0, 0, 0, 0, 0, 0]","{""intents"":[""Describe-Need""]}"
165-1_utt1_intention,165-1,1,agent_2: OK ,No-Intention,"[0, 0, 0, 0, 1, 0, 0, 0, 0]",['Promote-Coordination'],"[0, 0, 0, 0, 0, 0, 1, 0, 0]","{""intents"":[""Promote-Coordination""]}"
165-1_utt2_intention,165-1,2,agent_1: Thank you very much. I am anemic so it helps to have all the firewood to keep warm.🙂,Describe-Need,"[0, 0, 1, 0, 0, 0, 0, 0, 0]","['Build-Rapport', 'Describe-Need']","[1, 0, 1, 0, 0, 0, 0, 0, 0]","{""intents"":[""Build-Rapport"", ""Describe-Need""]}"
165-2_utt1_intention,165-2,1,agent_2: OK NO MENTION AND WHY YOU WANT FOOD,Discover-Preference,"[0, 0, 0, 1, 0, 0, 0, 0, 0]",['Discover-Preference'],"[0, 0, 0, 1, 0, 0, 0, 0, 0]","{""intents"":[""Discover-Preference""]}"
165-2_utt2_intention,165-2,2,agent_1: I tend to eat more food when I am active outside. I drink more water too because I don't want to get dehydrated.,Describe-Need,"[0, 0, 1, 0, 0, 0, 0, 0, 0]",['Describe-Need'],"[0, 0, 1, 0, 0, 0, 0, 0, 0]","{""intents"":[""Describe-Need""]}"
165-3_utt1_intention,165-3,1,agent_2: OH OK ,No-Intention,"[0, 0, 0, 0, 1, 0, 0, 0, 0]",['Build-Rapport'],"[1, 0, 0, 0, 0, 0, 0, 0, 0]","{""intents"":[""Build-Rapport""]}"
165-3_utt2_intention,165-3,2,agent_1: Do you have reasons for wanting food?,Discover-Preference,"[0, 0, 0, 1, 0, 0, 0, 0, 0]",['Discover-Preference'],"[0, 0, 0, 1, 0, 0, 0, 0, 0]","{""intents"":[""Discover-Preference""]}"
165-4_utt1_intention,165-4,1,agent_2: FOOD IS GIVE TO THE MORE ENERGY ,Describe-Need,"[0, 0, 1, 0, 0, 0, 0, 0, 0]",['Describe-Need'],"[0, 0, 1, 0, 0, 0, 0, 0, 0]","{""intents"":[""Describe-Need""]}"
165-4_utt2_intention,165-4,2,agent_1: Oh Ok. Well I'm glad this works out well for both of us! Thank you so much!,No-Intention,"[0, 0, 0, 0, 1, 0, 0, 0, 0]",['Build-Rapport'],"[1, 0, 0, 0, 0, 0, 0, 0, 0]","{""intents"":[""Build-Rapport""]}"
165-5_utt1_intention,165-5,1,agent_2: good study,No-Intention,"[0, 0, 0, 0, 1, 0, 0, 0, 0]",['Build-Rapport'],"[1, 0, 0, 0, 0, 0, 0, 0, 0]","{""intents"":[""Build-Rapport""]}"
166-0_utt1_intention,166-0,1,agent_1: What is it that you really need on this camping trip?,Discover-Preference,"[0, 0, 0, 1, 0, 0, 0, 0, 0]",['Discover-Preference'],"[0, 0, 0, 1, 0, 0, 0, 0, 0]","{""intents"":[""Discover-Preference""]}"
166-0_utt2_intention,166-0,2,"agent_2: I really need some more food. I only have the basics, and I'm afraid it's not going to be enough. What about yourself?","Describe-Need,Discover-Preference","[0, 0, 1, 1, 0, 0, 0, 0, 0]","['Describe-Need', 'Discover-Preference']","[0, 0, 1, 1, 0, 0, 0, 0, 0]","{""intents"":[""Describe-Need"",""Discover-Preference""]}"
166-1_utt1_intention,166-1,1,agent_1: I really need water because I take medication that requires drinking a lot of water. The firewood I dont need to much off and I need very little food as I am dieting. lol 🙂,"Describe-Need,No-Need","[0, 0, 1, 0, 0, 1, 0, 0, 0]","['Describe-Need', 'No-Need']","[0, 0, 1, 0, 0, 1, 0, 0, 0]","{""intents"":[""Describe-Need"",""No-Need""]}"
166-1_utt2_intention,166-1,2,"agent_2: I totally understand that. And it's pretty important, lol ",Show-Empathy,"[0, 0, 0, 0, 0, 0, 0, 1, 0]","['Build-Rapport', 'Show-Empathy']","[1, 0, 0, 0, 0, 0, 0, 1, 0]","{""intents"":[""Build-Rapport"",""Show-Empathy""]}"
166-2_utt1_intention,166-2,1,agent_1: It sure is..So how much food do you need for the trip? Do you need firewood to cook the food? Thank you for understanding my issues. 🙂,Discover-Preference,"[0, 0, 0, 1, 0, 0, 0, 0, 0]","['Build-Rapport', 'Discover-Preference']","[1, 0, 0, 1, 0, 0, 0, 0, 0]","{""intents"":[""Build-Rapport"", ""Discover-Preference""]}"
166-2_utt2_intention,166-2,2,"agent_2: I definitely need the food the most. I'm definitely not a ""hunter"", so if I were to run out, I'd be in pretty sad shape. I do need the firewood for both cooking, and keeping warm. It gets cold at night where we're going. How about youself?","Describe-Need,Discover-Preference","[0, 0, 1, 1, 0, 0, 0, 0, 0]","['Describe-Need', 'Discover-Preference']","[0, 0, 1, 1, 0, 0, 0, 0, 0]","{""intents"":[""Describe-Need"",""Discover-Preference""]}"
166-3_utt1_intention,166-3,1,"agent_1: Well since we were already given a few supplies before this deal, I was wondering if you could give me all 3 water, and I could give you all the firewood and 2 of the food packages. I only say all the water because we already have some and my medical condition sucks. lol I wish we could camp together! we seem to be a good match. lol! 🙂","Build-Rapport,Describe-Need,Undermine-Requirements","[1, 0, 1, 0, 0, 0, 0, 0, 1]","['Build-Rapport', 'Describe-Need', 'Promote-Coordination']","[1, 0, 1, 0, 0, 0, 1, 0, 0]","{""intents"":[""Build-Rapport"", ""Describe-Need"", ""Promote-Coordination""]}"
166-3_utt2_intention,166-3,2,"agent_2: I wish that too 🙂 And I 100 percent understand the need for water, but I don't know if I can go with only what I have so far. What if I only took 1 water, and you take 2? I hate to take any because I do understand you need it, but I really can't go without any  ☹️","Build-Rapport,Describe-Need,Show-Empathy","[1, 0, 1, 0, 0, 0, 0, 1, 0]","['Build-Rapport', 'Show-Empathy', 'Describe-Need', 'Promote-Coordination']","[1, 0, 1, 0, 0, 0, 1, 1, 0]","{""intents"":[""Build-Rapport"", ""Show-Empathy"", ""Describe-Need"", ""Promote-Coordination""]}"
166-4_utt1_intention,166-4,1,"agent_1: Ahhh you are so nice. I like you! Yes I would agree to giving the one water, but then could you have have 2 firewood instead of all of it. and then you can have 2 food packages. that way I dont have to forage all day in the forest for wood! Camping is supposed to be fun not full of work. ha! 🙂 Did you understand that? I am starting to confuse myself. lol!","Build-Rapport,Describe-Need","[1, 0, 1, 0, 0, 0, 0, 0, 0]","['Build-Rapport', 'Describe-Need', 'Promote-Coordination']","[1, 0, 1, 0, 0, 0, 1, 0, 0]","{""intents"":[""Build-Rapport"", ""Describe-Need"", ""Promote-Coordination""]}"
166-4_utt2_intention,166-4,2,"agent_2: You're making my day 🙂 So let me get this right, just to be sure. I'll take 2 food, you take 1 food. I take 2 firewood, and you take one. I take one water, and you take the other 2? Do I have that right, lol?",Build-Rapport,"[1, 0, 0, 0, 0, 0, 0, 0, 0]","['Build-Rapport', 'Promote-Coordination']","[1, 0, 0, 0, 0, 0, 1, 0, 0]","{""intents"":[""Build-Rapport"",""Promote-Coordination""]}"
167-0_utt1_intention,167-0,1,agent_1: hello!,No-Intention,"[0, 0, 0, 0, 1, 0, 0, 0, 0]",['Build-Rapport'],"[1, 0, 0, 0, 0, 0, 0, 0, 0]","{""intents"":[""Build-Rapport""]}"
167-0_utt2_intention,167-0,2,agent_2: Hi how are you today? ,Build-Rapport,"[1, 0, 0, 0, 0, 0, 0, 0, 0]",['Build-Rapport'],"[1, 0, 0, 0, 0, 0, 0, 0, 0]","{""intents"":[""Build-Rapport""]}"
167-1_utt1_intention,167-1,1,agent_1: am fine and you?,Build-Rapport,"[1, 0, 0, 0, 0, 0, 0, 0, 0]",['Build-Rapport'],"[1, 0, 0, 0, 0, 0, 0, 0, 0]","{""intents"":[""Build-Rapport""]}"
167-1_utt2_intention,167-1,2,agent_2: I am good. Do you have any preferences on which items you would like most?,"Build-Rapport,Discover-Preference","[1, 0, 0, 1, 0, 0, 0, 0, 0]","['Build-Rapport', 'Discover-Preference']","[1, 0, 0, 1, 0, 0, 0, 0, 0]","{""intents"":[""Build-Rapport"",""Discover-Preference""]}"
167-2_utt1_intention,167-2,1,agent_1: yes i really need a high amount of water and food.i have firewood in excess,"Describe-Need,No-Need","[0, 0, 1, 0, 0, 1, 0, 0, 0]",['Describe-Need'],"[0, 0, 1, 0, 0, 0, 0, 0, 0]","{""intents"":[""Describe-Need""]}"
167-2_utt2_intention,167-2,2,agent_2: I as well would need some extra food and water. I have a large family and they eat a ton. 3 kids...,Describe-Need,"[0, 0, 1, 0, 0, 0, 0, 0, 0]",['Describe-Need'],"[0, 0, 1, 0, 0, 0, 0, 0, 0]","{""intents"":[""Describe-Need""]}"
167-3_utt1_intention,167-3,1,agent_1: ohh that's would be really difficult.However we can still sort things out,Promote-Coordination,"[0, 0, 0, 0, 0, 0, 1, 0, 0]","['Show-Empathy', 'Promote-Coordination']","[0, 0, 0, 0, 0, 0, 1, 1, 0]","{""intents"":[""Show-Empathy"",""Promote-Coordination""]}"
167-3_utt2_intention,167-3,2,"agent_2: That is great to hear!🙂 How about you take 2 food, 2 water and 0 firewood? What do you think?",No-Intention,"[0, 0, 0, 0, 1, 0, 0, 0, 0]","['Build-Rapport', 'Promote-Coordination']","[1, 0, 0, 0, 0, 0, 1, 0, 0]","{""intents"":[""Build-Rapport"",""Promote-Coordination""]}"
167-4_utt1_intention,167-4,1,agent_1: uhm.how about i have 3 water 2 foods and zero firewood?,No-Intention,"[0, 0, 0, 0, 1, 0, 0, 0, 0]",['Promote-Coordination'],"[0, 0, 0, 0, 0, 0, 1, 0, 0]","{""intents"":[""Promote-Coordination""]}"
167-4_utt2_intention,167-4,2,agent_2: Are you willing to budge on one water for me? I have 5 people in my group and they really could use one package of water. It is hot out nowadays. ,"Describe-Need,Promote-Coordination","[0, 0, 1, 0, 0, 0, 1, 0, 0]",['Describe-Need'],"[0, 0, 1, 0, 0, 0, 0, 0, 0]","{""intents"":[""Describe-Need""]}"
167-5_utt1_intention,167-5,1,agent_1: If i gveyou one then you have to spare me all water food with 2 water deal?,Promote-Coordination,"[0, 0, 0, 0, 0, 0, 1, 0, 0]",['Promote-Coordination'],"[0, 0, 0, 0, 0, 0, 1, 0, 0]","{""intents"":[""Promote-Coordination""]}"
167-5_utt2_intention,167-5,2,"agent_2: So you will take 2 water and 2 food? If that is the case, deal.",No-Intention,"[0, 0, 0, 0, 1, 0, 0, 0, 0]",['Promote-Coordination'],"[0, 0, 0, 0, 0, 0, 1, 0, 0]","{""intents"":[""Promote-Coordination""]}"
167-6_utt1_intention,167-6,1,agent_1: i said if am going to spare you a water then i will have 2 waters and 3 foods and no firewood,Promote-Coordination,"[0, 0, 0, 0, 0, 0, 1, 0, 0]",['Describe-Need'],"[0, 0, 1, 0, 0, 0, 0, 0, 0]","{""intents"":[""Describe-Need""]}"
167-6_utt2_intention,167-6,2,agent_2: Fine take all the water. I will take one food and all the firewood.☹️,No-Intention,"[0, 0, 0, 0, 1, 0, 0, 0, 0]",['Promote-Coordination'],"[0, 0, 0, 0, 0, 0, 1, 0, 0]","{""intents"":[""Promote-Coordination""]}"
168-0_utt1_intention,168-0,1,agent_2: Hey there!,No-Intention,"[0, 0, 0, 0, 1, 0, 0, 0, 0]",['Build-Rapport'],"[1, 0, 0, 0, 0, 0, 0, 0, 0]","{""intents"":[""Build-Rapport""]}"
168-0_utt2_intention,168-0,2,agent_1: Hi! What are your preferences? ,Discover-Preference,"[0, 0, 0, 1, 0, 0, 0, 0, 0]","['Build-Rapport', 'Discover-Preference']","[1, 0, 0, 1, 0, 0, 0, 0, 0]","{""intents"":[""Build-Rapport"",""Discover-Preference""]}"
168-1_utt1_intention,168-1,1,agent_2: Food is of the highest preference for me! I am a diabetic and always need to be able to eat if I'm experiencing a low! How about you?,"Describe-Need,Discover-Preference","[0, 0, 1, 1, 0, 0, 0, 0, 0]","['Describe-Need', 'Discover-Preference']","[0, 0, 1, 1, 0, 0, 0, 0, 0]","{""intents"":[""Describe-Need"",""Discover-Preference""]}"
168-1_utt2_intention,168-1,2,"agent_1: Food is also my highest preference, followed by firewood, with water being the lowest. I don't have a medical condition that needs food so I can give you 2 units if I can have 1?","No-Need,Show-Empathy","[0, 0, 0, 0, 0, 1, 0, 1, 0]","['Describe-Need', 'Promote-Coordination']","[0, 0, 1, 0, 0, 0, 1, 0, 0]","{""intents"":[""Describe-Need"",""Promote-Coordination""]}"
168-2_utt1_intention,168-2,1,agent_2: That would be great if you could! ,No-Intention,"[0, 0, 0, 0, 1, 0, 0, 0, 0]",['Promote-Coordination'],"[0, 0, 0, 0, 0, 0, 1, 0, 0]","{""intents"":[""Promote-Coordination""]}"
168-2_utt2_intention,168-2,2,agent_1: I can do that! What's your next highest priority? I would prefer 2 firewood as I need to be warm at all times and plan to camp in the cooler weather,Describe-Need,"[0, 0, 1, 0, 0, 0, 0, 0, 0]","['Discover-Preference', 'Describe-Need']","[0, 0, 1, 1, 0, 0, 0, 0, 0]","{""intents"":[""Discover-Preference"", ""Describe-Need""]}"
168-3_utt1_intention,168-3,1,agent_2: I can easily give you two firewood! One should be more than enough for me. Especially since you helped me out with the food!,"No-Need,Promote-Coordination","[0, 0, 0, 0, 0, 1, 1, 0, 0]","['Promote-Coordination', 'Callout-Fairness']","[0, 1, 0, 0, 0, 0, 1, 0, 0]","{""intents"":[""Promote-Coordination"",""Callout-Fairness""]}"
168-3_utt2_intention,168-3,2,agent_1: I would appreciate that! How do you feel about water?  I would like at least one water.,Discover-Preference,"[0, 0, 0, 1, 0, 0, 0, 0, 0]","['Build-Rapport', 'Discover-Preference', 'Describe-Need']","[1, 0, 1, 1, 0, 0, 0, 0, 0]","{""intents"":[""Build-Rapport"", ""Discover-Preference"", ""Describe-Need""]}"
168-4_utt1_intention,168-4,1,agent_2: I would be more than happy to give you an extra water as well for helping me with the food!,Promote-Coordination,"[0, 0, 0, 0, 0, 0, 1, 0, 0]",['Promote-Coordination'],"[0, 0, 0, 0, 0, 0, 1, 0, 0]","{""intents"":[""Promote-Coordination""]}"
168-4_utt2_intention,168-4,2,agent_1: I would appreciate that! ,No-Intention,"[0, 0, 0, 0, 1, 0, 0, 0, 0]",['Build-Rapport'],"[1, 0, 0, 0, 0, 0, 0, 0, 0]","{""intents"":[""Build-Rapport""]}"
168-5_utt1_intention,168-5,1,"agent_2: ok awesome, do we  have a deal then? ",No-Intention,"[0, 0, 0, 0, 1, 0, 0, 0, 0]",['Promote-Coordination'],"[0, 0, 0, 0, 0, 0, 1, 0, 0]","{""intents"":[""Promote-Coordination""]}"
169-0_utt1_intention,169-0,1,agent_1: Hello,No-Intention,"[0, 0, 0, 0, 1, 0, 0, 0, 0]",['Build-Rapport'],"[1, 0, 0, 0, 0, 0, 0, 0, 0]","{""intents"":[""Build-Rapport""]}"
169-0_utt2_intention,169-0,2,agent_2: Hello! How are you doing today?,Build-Rapport,"[1, 0, 0, 0, 0, 0, 0, 0, 0]",['Build-Rapport'],"[1, 0, 0, 0, 0, 0, 0, 0, 0]","{""intents"":[""Build-Rapport""]}"
169-1_utt1_intention,169-1,1,agent_1: I am doing great,Build-Rapport,"[1, 0, 0, 0, 0, 0, 0, 0, 0]",['Build-Rapport'],"[1, 0, 0, 0, 0, 0, 0, 0, 0]","{""intents"":[""Build-Rapport""]}"
169-1_utt2_intention,169-1,2,"agent_2: Great! For our camping trip, I would love to take all the water and firewood. You can have all the food. ",Build-Rapport,"[1, 0, 0, 0, 0, 0, 0, 0, 0]","['Build-Rapport', 'Promote-Coordination']","[1, 0, 0, 0, 0, 0, 1, 0, 0]","{""intents"":[""Build-Rapport"",""Promote-Coordination""]}"
169-2_utt1_intention,169-2,1,"agent_1: I really need the firewood,  It gets very very cold at night where I go camping.",Describe-Need,"[0, 0, 1, 0, 0, 0, 0, 0, 0]",['Describe-Need'],"[0, 0, 1, 0, 0, 0, 0, 0, 0]","{""intents"":[""Describe-Need""]}"
169-2_utt2_intention,169-2,2,agent_2: I really needed firewood also.  I have brought my whole family camping which includes my 2 and 3 year old.  They really need to stay warm,Describe-Need,"[0, 0, 1, 0, 0, 0, 0, 0, 0]",['Describe-Need'],"[0, 0, 1, 0, 0, 0, 0, 0, 0]","{""intents"":[""Describe-Need""]}"
169-3_utt1_intention,169-3,1,"agent_1: I am just going to walk away,  I can't have my family freeze",Describe-Need,"[0, 0, 1, 0, 0, 0, 0, 0, 0]",['Describe-Need'],"[0, 0, 1, 0, 0, 0, 0, 0, 0]","{""intents"":[""Describe-Need""]}"
169-3_utt2_intention,169-3,2,"agent_2: I do not want my family to freeze either but walking away doesn't benefit either of us. How about I take the water and 2 firewoods, you have the rest",Describe-Need,"[0, 0, 1, 0, 0, 0, 0, 0, 0]","['Show-Empathy', 'Promote-Coordination', 'Describe-Need']","[0, 0, 1, 0, 0, 0, 1, 1, 0]","{""intents"":[""Show-Empathy"", ""Promote-Coordination"", ""Describe-Need""]}"
169-4_utt1_intention,169-4,1,"agent_1: No deal, I need at least 2 firewood",No-Intention,"[0, 0, 0, 0, 1, 0, 0, 0, 0]",['Describe-Need'],"[0, 0, 1, 0, 0, 0, 0, 0, 0]","{""intents"":[""Describe-Need""]}"
169-4_utt2_intention,169-4,2,"agent_2: Ok, I can agree to 2 firewood but I will have to take all the food and water to compensate",Callout-Fairness,"[0, 1, 0, 0, 0, 0, 0, 0, 0]",['Promote-Coordination'],"[0, 0, 0, 0, 0, 0, 1, 0, 0]","{""intents"":[""Promote-Coordination""]}"
169-5_utt1_intention,169-5,1,"agent_1: I am walking away, completely unfair",Callout-Fairness,"[0, 1, 0, 0, 0, 0, 0, 0, 0]",['Callout-Fairness'],"[0, 1, 0, 0, 0, 0, 0, 0, 0]","{""intents"":[""Callout-Fairness""]}"
169-5_utt2_intention,169-5,2,agent_2: You haven't offered anything and walking away means you get nothing so that doesn't seem like an option,No-Intention,"[0, 0, 0, 0, 1, 0, 0, 0, 0]","['Callout-Fairness', 'Promote-Coordination']","[0, 1, 0, 0, 0, 0, 1, 0, 0]","{""intents"":[""Callout-Fairness"",""Promote-Coordination""]}"
169-6_utt1_intention,169-6,1,"agent_1: You can have ALL the water, and 1 firewood",No-Intention,"[0, 0, 0, 0, 1, 0, 0, 0, 0]",['Promote-Coordination'],"[0, 0, 0, 0, 0, 0, 1, 0, 0]","{""intents"":[""Promote-Coordination""]}"
169-6_utt2_intention,169-6,2,"agent_2: If you want two firewoods, i will need some of the food.  My family maybe cold, we can't be cold and hungry.  I need at least 1 food ","Callout-Fairness,Describe-Need","[0, 1, 1, 0, 0, 0, 0, 0, 0]",['Describe-Need'],"[0, 0, 1, 0, 0, 0, 0, 0, 0]","{""intents"":[""Describe-Need""]}"
170-0_utt1_intention,170-0,1,"agent_1: Hi, I'm hoping we can come to a nice deal. 🙂 I'm most interested in firewood, because it always helps to have extra if your fire goes out.","Describe-Need,Promote-Coordination","[0, 0, 1, 0, 0, 0, 1, 0, 0]","['Build-Rapport', 'Describe-Need']","[1, 0, 1, 0, 0, 0, 0, 0, 0]","{""intents"":[""Build-Rapport"", ""Describe-Need""]}"
170-0_utt2_intention,170-0,2,"agent_2: That makes sense. I'm also interested in firewood, but have a great need for water due to the current weather. ","Describe-Need,Show-Empathy","[0, 0, 1, 0, 0, 0, 0, 1, 0]","['Build-Rapport', 'Describe-Need']","[1, 0, 1, 0, 0, 0, 0, 0, 0]","{""intents"":[""Build-Rapport"", ""Describe-Need""]}"
170-1_utt1_intention,170-1,1,"agent_1: That makes sense. How about we start out with I get 3 firewood, and you get 3 waters?",Show-Empathy,"[0, 0, 0, 0, 0, 0, 0, 1, 0]","['Show-Empathy', 'Promote-Coordination']","[0, 0, 0, 0, 0, 0, 1, 1, 0]","{""intents"":[""Show-Empathy"",""Promote-Coordination""]}"
170-1_utt2_intention,170-1,2,"agent_2: Great idea, that works for me. 🙂",No-Intention,"[0, 0, 0, 0, 1, 0, 0, 0, 0]","['Build-Rapport', 'Promote-Coordination']","[1, 0, 0, 0, 0, 0, 1, 0, 0]","{""intents"":[""Build-Rapport"",""Promote-Coordination""]}"
170-2_utt1_intention,170-2,1,"agent_1: Okay, let's do that, and then split the food. Since there are only 3, do you want to flip a coin to see who gets 2 of those?",No-Intention,"[0, 0, 0, 0, 1, 0, 0, 0, 0]","['Promote-Coordination', 'Callout-Fairness']","[0, 1, 0, 0, 0, 0, 1, 0, 0]","{""intents"":[""Promote-Coordination"",""Callout-Fairness""]}"
170-2_utt2_intention,170-2,2,"agent_2: That sounds fair, how much food do you feel you need? ",Discover-Preference,"[0, 0, 0, 1, 0, 0, 0, 0, 0]","['Callout-Fairness', 'Discover-Preference']","[0, 1, 0, 1, 0, 0, 0, 0, 0]","{""intents"":[""Callout-Fairness"",""Discover-Preference""]}"
170-3_utt1_intention,170-3,1,agent_1: I would prefer 2 because it's really easy to underestimate how much I could need.,Describe-Need,"[0, 0, 1, 0, 0, 0, 0, 0, 0]",['Describe-Need'],"[0, 0, 1, 0, 0, 0, 0, 0, 0]","{""intents"":[""Describe-Need""]}"
170-3_utt2_intention,170-3,2,"agent_2: That's fine, I'll take 1. I think I have enough with what was originally given. ",No-Need,"[0, 0, 0, 0, 0, 1, 0, 0, 0]",['No-Need'],"[0, 0, 0, 0, 0, 1, 0, 0, 0]","{""intents"":[""No-Need""]}"
170-4_utt1_intention,170-4,1,"agent_1: Sounds good! So I get 3 firewood, 2 food, 0 water; you get 0 firewood, 1 food, 3 water?",No-Intention,"[0, 0, 0, 0, 1, 0, 0, 0, 0]",['Promote-Coordination'],"[0, 0, 0, 0, 0, 0, 1, 0, 0]","{""intents"":[""Promote-Coordination""]}"
170-4_utt2_intention,170-4,2,agent_2: That's sounds right. Thanks 🙂,No-Intention,"[0, 0, 0, 0, 1, 0, 0, 0, 0]","['Build-Rapport', 'Promote-Coordination']","[1, 0, 0, 0, 0, 0, 1, 0, 0]","{""intents"":[""Build-Rapport"",""Promote-Coordination""]}"
170-5_utt1_intention,170-5,1,"agent_1: Cool, I",No-Intention,"[0, 0, 0, 0, 1, 0, 0, 0, 0]",['No-Intention'],"[0, 0, 0, 0, 1, 0, 0, 0, 0]","{""intents"":[""No-Intention""]}"
171-0_utt1_intention,171-0,1,agent_1: Hello there. I do not have a large family so i will give up on the food but i do have a medical condition where i have trouble regulating my temperature and need lots of fluids,"Describe-Need,No-Need","[0, 0, 1, 0, 0, 1, 0, 0, 0]","['Build-Rapport', 'Describe-Need', 'No-Need']","[1, 0, 1, 0, 0, 1, 0, 0, 0]","{""intents"":[""Build-Rapport"", ""Describe-Need"", ""No-Need""]}"
171-0_utt2_intention,171-0,2,"agent_2: Okay, I need firewood to stay warm and cook food. I'm willing to give up some water for more firewood.","Describe-Need,Promote-Coordination","[0, 0, 1, 0, 0, 0, 1, 0, 0]",['Describe-Need'],"[0, 0, 1, 0, 0, 0, 0, 0, 0]","{""intents"":[""Describe-Need""]}"
171-1_utt1_intention,171-1,1,agent_1: Unfortunately i need the firewood. My body has trouble maintaining heat. I need as much as i can get ☹️,Describe-Need,"[0, 0, 1, 0, 0, 0, 0, 0, 0]",['Describe-Need'],"[0, 0, 1, 0, 0, 0, 0, 0, 0]","{""intents"":[""Describe-Need""]}"
171-1_utt2_intention,171-1,2,"agent_2: Okay, well if you need water and firewood, that only leaves food. If you can part with extra food, here's what I'm proposing",No-Intention,"[0, 0, 0, 0, 1, 0, 0, 0, 0]",['Promote-Coordination'],"[0, 0, 0, 0, 0, 0, 1, 0, 0]","{""intents"":[""Promote-Coordination""]}"
171-2_utt1_intention,171-2,1,agent_1: Yes you can definitely have all the food. Maybe 2 firewoods and 2 waters for me?,No-Intention,"[0, 0, 0, 0, 1, 0, 0, 0, 0]",['Promote-Coordination'],"[0, 0, 0, 0, 0, 0, 1, 0, 0]","{""intents"":[""Promote-Coordination""]}"
171-2_utt2_intention,171-2,2,agent_2: Sounds good to me.,No-Intention,"[0, 0, 0, 0, 1, 0, 0, 0, 0]",['Promote-Coordination'],"[0, 0, 0, 0, 0, 0, 1, 0, 0]","{""intents"":[""Promote-Coordination""]}"
171-3_utt1_intention,171-3,1,agent_1: Ok great would it be ok if we have 1 of the foods?,No-Intention,"[0, 0, 0, 0, 1, 0, 0, 0, 0]",['Undermine-Requirements'],"[0, 0, 0, 0, 0, 0, 0, 0, 1]","{""intents"":[""Undermine-Requirements""]}"
171-3_utt2_intention,171-3,2,agent_2: That's fine,No-Intention,"[0, 0, 0, 0, 1, 0, 0, 0, 0]",['Promote-Coordination'],"[0, 0, 0, 0, 0, 0, 1, 0, 0]","{""intents"":[""Promote-Coordination""]}"
171-4_utt1_intention,171-4,1,agent_1: Great🙂,No-Intention,"[0, 0, 0, 0, 1, 0, 0, 0, 0]",['Build-Rapport'],"[1, 0, 0, 0, 0, 0, 0, 0, 0]","{""intents"":[""Build-Rapport""]}"
171-4_utt2_intention,171-4,2,"agent_2: Okay, I'll try to submit the deal",No-Intention,"[0, 0, 0, 0, 1, 0, 0, 0, 0]",['Promote-Coordination'],"[0, 0, 0, 0, 0, 0, 1, 0, 0]","{""intents"":[""Promote-Coordination""]}"
172-0_utt1_intention,172-0,1,agent_1: Hello! I am looking forward to the camping trip but could use a few more supplies!,Build-Rapport,"[1, 0, 0, 0, 0, 0, 0, 0, 0]","['Build-Rapport', 'Describe-Need']","[1, 0, 1, 0, 0, 0, 0, 0, 0]","{""intents"":[""Build-Rapport"",""Describe-Need""]}"
172-0_utt2_intention,172-0,2,"agent_2: hello, me too, i guess we can share",Promote-Coordination,"[0, 0, 0, 0, 0, 0, 1, 0, 0]","['Build-Rapport', 'Promote-Coordination']","[1, 0, 0, 0, 0, 0, 1, 0, 0]","{""intents"":[""Build-Rapport"",""Promote-Coordination""]}"
172-1_utt1_intention,172-1,1,"agent_1: Sounds good, I need food the most, what is your most needed item?",Discover-Preference,"[0, 0, 0, 1, 0, 0, 0, 0, 0]","['Build-Rapport', 'Describe-Need', 'Discover-Preference']","[1, 0, 1, 1, 0, 0, 0, 0, 0]","{""intents"":[""Build-Rapport"", ""Describe-Need"", ""Discover-Preference""]}"
172-1_utt2_intention,172-1,2,agent_2: my item is food too.,No-Intention,"[0, 0, 0, 0, 1, 0, 0, 0, 0]",['Describe-Need'],"[0, 0, 1, 0, 0, 0, 0, 0, 0]","{""intents"":[""Describe-Need""]}"
172-2_utt1_intention,172-2,1,"agent_1: Ok, other than food I could use some firewood. Maybe you could take 2 food and I could take 2 firewood?",Describe-Need,"[0, 0, 1, 0, 0, 0, 0, 0, 0]","['Describe-Need', 'Promote-Coordination']","[0, 0, 1, 0, 0, 0, 1, 0, 0]","{""intents"":[""Describe-Need"",""Promote-Coordination""]}"
172-2_utt2_intention,172-2,2,"agent_2: sure, but i will get what then?",No-Intention,"[0, 0, 0, 0, 1, 0, 0, 0, 0]",['Discover-Preference'],"[0, 0, 0, 1, 0, 0, 0, 0, 0]","{""intents"":[""Discover-Preference""]}"
172-3_utt1_intention,172-3,1,"agent_1: How about you take 2 food, 1 firewood, and 1 water?",No-Intention,"[0, 0, 0, 0, 1, 0, 0, 0, 0]",['Promote-Coordination'],"[0, 0, 0, 0, 0, 0, 1, 0, 0]","{""intents"":[""Promote-Coordination""]}"
172-3_utt2_intention,172-3,2,"agent_2: no it is not enough for me, i need more water",Describe-Need,"[0, 0, 1, 0, 0, 0, 0, 0, 0]",['Describe-Need'],"[0, 0, 1, 0, 0, 0, 0, 0, 0]","{""intents"":[""Describe-Need""]}"
172-4_utt1_intention,172-4,1,"agent_1: How about you take 1 food, 1 firewood, and 2 water?",No-Intention,"[0, 0, 0, 0, 1, 0, 0, 0, 0]",['Promote-Coordination'],"[0, 0, 0, 0, 0, 0, 1, 0, 0]","{""intents"":[""Promote-Coordination""]}"
172-4_utt2_intention,172-4,2,agent_2: 2 food 2 water and 1 firewood will be good,No-Intention,"[0, 0, 0, 0, 1, 0, 0, 0, 0]","['Describe-Need', 'Promote-Coordination']","[0, 0, 1, 0, 0, 0, 1, 0, 0]","{""intents"":[""Describe-Need"",""Promote-Coordination""]}"
172-5_utt1_intention,172-5,1,"agent_1: I could agree to you taking 2 food, 2 water, and 0 firewood",No-Intention,"[0, 0, 0, 0, 1, 0, 0, 0, 0]",['Promote-Coordination'],"[0, 0, 0, 0, 0, 0, 1, 0, 0]","{""intents"":[""Promote-Coordination""]}"
173-0_utt1_intention,173-0,1,agent_1: hello,No-Intention,"[0, 0, 0, 0, 1, 0, 0, 0, 0]",['Build-Rapport'],"[1, 0, 0, 0, 0, 0, 0, 0, 0]","{""intents"":[""Build-Rapport""]}"
173-0_utt2_intention,173-0,2,agent_2: Hello there,No-Intention,"[0, 0, 0, 0, 1, 0, 0, 0, 0]",['Build-Rapport'],"[1, 0, 0, 0, 0, 0, 0, 0, 0]","{""intents"":[""Build-Rapport""]}"
173-1_utt1_intention,173-1,1,agent_1: how is your day going?,Build-Rapport,"[1, 0, 0, 0, 0, 0, 0, 0, 0]",['Build-Rapport'],"[1, 0, 0, 0, 0, 0, 0, 0, 0]","{""intents"":[""Build-Rapport""]}"
173-1_utt2_intention,173-1,2,agent_2: So far so good.  What are your plans for your camping trip?,"Build-Rapport,Discover-Preference","[1, 0, 0, 1, 0, 0, 0, 0, 0]","['Build-Rapport', 'Discover-Preference']","[1, 0, 0, 1, 0, 0, 0, 0, 0]","{""intents"":[""Build-Rapport"",""Discover-Preference""]}"
173-2_utt1_intention,173-2,1,"agent_1: yes i guess you too. i will need more supplies like 3 foods, 2 firewood and1 water",No-Intention,"[0, 0, 0, 0, 1, 0, 0, 0, 0]","['Build-Rapport', 'Describe-Need']","[1, 0, 1, 0, 0, 0, 0, 0, 0]","{""intents"":[""Build-Rapport"",""Describe-Need""]}"
173-2_utt2_intention,173-2,2,"agent_2: I have not really camped before so I am looking for as many supplies as possible.  What about I get 3 food, 3 firewood, and 1 water. ",Describe-Need,"[0, 0, 1, 0, 0, 0, 0, 0, 0]","['Describe-Need', 'Promote-Coordination']","[0, 0, 1, 0, 0, 0, 1, 0, 0]","{""intents"":[""Describe-Need"", ""Promote-Coordination""]}"
173-3_utt1_intention,173-3,1,"agent_1: funnny you but no. so what else will i be left with if i give you those. okay let say i get 2 food, 2 firewood and 1 water.",Callout-Fairness,"[0, 1, 0, 0, 0, 0, 0, 0, 0]","['Discover-Preference', 'Promote-Coordination']","[0, 0, 0, 1, 0, 0, 1, 0, 0]","{""intents"":[""Discover-Preference"",""Promote-Coordination""]}"
173-3_utt2_intention,173-3,2,"agent_2: I am really bad at cooking so will probably need an extra good just because I'll ruin one of the 3.  Plus Im bringing 2 dogs they can eat the bad food I make 😮  I dont plan on hiking much so how bought I keep all 3 foods, and you keep all 3 waters and we can split the firewood.  2 for me, 1 for you. Great deal!","Describe-Need,No-Need","[0, 0, 1, 0, 0, 1, 0, 0, 0]","['Describe-Need', 'Promote-Coordination']","[0, 0, 1, 0, 0, 0, 1, 0, 0]","{""intents"":[""Describe-Need"",""Promote-Coordination""]}"
173-4_utt1_intention,173-4,1,"agent_1: i too i am bad at cooking and i will spend a longer time in the woods so i will need atleast 2 foods, 2 firewood and 1 water",Describe-Need,"[0, 0, 1, 0, 0, 0, 0, 0, 0]",['Describe-Need'],"[0, 0, 1, 0, 0, 0, 0, 0, 0]","{""intents"":[""Describe-Need""]}"
173-4_utt2_intention,173-4,2,"agent_2: But I have more mouths to feed here so I will give you one of the foods, but then need 2 firewood and then take back 1 of the waters.  ",Describe-Need,"[0, 0, 1, 0, 0, 0, 0, 0, 0]",['Describe-Need'],"[0, 0, 1, 0, 0, 0, 0, 0, 0]","{""intents"":[""Describe-Need""]}"
173-5_utt1_intention,173-5,1,agent_1: your dogs could probably hunt for something for you guys. and i would be in the would for a very long time ,"Describe-Need,Undermine-Requirements","[0, 0, 1, 0, 0, 0, 0, 0, 1]","['Describe-Need', 'Undermine-Requirements']","[0, 0, 1, 0, 0, 0, 0, 0, 1]","{""intents"":[""Describe-Need"",""Undermine-Requirements""]}"
173-5_utt2_intention,173-5,2,"agent_2: My dogs are like 12 and 15 pounds.  Hopefully they don't get eaten themselves. What about 2 foods, 2 firewood and 1 water for me.  😮",Describe-Need,"[0, 0, 1, 0, 0, 0, 0, 0, 0]","['Build-Rapport', 'Describe-Need']","[1, 0, 1, 0, 0, 0, 0, 0, 0]","{""intents"":[""Build-Rapport"", ""Describe-Need""]}"
173-6_utt1_intention,173-6,1,"agent_1: hmmmmm not possible. i need the same exact thing. what about i get 2 foods, 1 firewood and 2 water☹️",No-Intention,"[0, 0, 0, 0, 1, 0, 0, 0, 0]",['Describe-Need'],"[0, 0, 1, 0, 0, 0, 0, 0, 0]","{""intents"":[""Describe-Need""]}"
173-6_utt2_intention,173-6,2,"agent_2: If you take 2 foods, 1 firewood, and 1 water that's a deal.  Otherwise I need the 2 foods, 1 firewood, and 2 water.  ",No-Intention,"[0, 0, 0, 0, 1, 0, 0, 0, 0]","['Describe-Need', 'Promote-Coordination']","[0, 0, 1, 0, 0, 0, 1, 0, 0]","{""intents"":[""Describe-Need"", ""Promote-Coordination""]}"
173-7_utt1_intention,173-7,1,"agent_1: so let me get the remaining firewood then. making 2 foods, 2 firewood and 1 water🙂. or should i be going",No-Intention,"[0, 0, 0, 0, 1, 0, 0, 0, 0]",['Describe-Need'],"[0, 0, 1, 0, 0, 0, 0, 0, 0]","{""intents"":[""Describe-Need""]}"
173-7_utt2_intention,173-7,2,agent_2: You can have 2 firewood OR 2 food.  I prefer you take firewood as I need at least 2 food. Each of us gets 2 of something. ,Callout-Fairness,"[0, 1, 0, 0, 0, 0, 0, 0, 0]","['Describe-Need', 'Callout-Fairness']","[0, 1, 1, 0, 0, 0, 0, 0, 0]","{""intents"":[""Describe-Need"",""Callout-Fairness""]}"
173-8_utt1_intention,173-8,1,"agent_1: okay so that means i get 2 food, 1 firewood and 2 water. right?",No-Intention,"[0, 0, 0, 0, 1, 0, 0, 0, 0]",['Promote-Coordination'],"[0, 0, 0, 0, 0, 0, 1, 0, 0]","{""intents"":[""Promote-Coordination""]}"
173-8_utt2_intention,173-8,2,agent_2: Sure lets do that,No-Intention,"[0, 0, 0, 0, 1, 0, 0, 0, 0]",['Promote-Coordination'],"[0, 0, 0, 0, 0, 0, 1, 0, 0]","{""intents"":[""Promote-Coordination""]}"
174-0_utt1_intention,174-0,1,"agent_1: How do you feel about giving me 3 of the waters, 2 of the firewoods and just 1 of the food items?🙂",No-Intention,"[0, 0, 0, 0, 1, 0, 0, 0, 0]",['Promote-Coordination'],"[0, 0, 0, 0, 0, 0, 1, 0, 0]","{""intents"":[""Promote-Coordination""]}"
174-0_utt2_intention,174-0,2,agent_2: Hello! I am happy to give you two of the waters and one of the fire wood. Would that work for you?,No-Intention,"[0, 0, 0, 0, 1, 0, 0, 0, 0]","['Build-Rapport', 'Promote-Coordination']","[1, 0, 0, 0, 0, 0, 1, 0, 0]","{""intents"":[""Build-Rapport"",""Promote-Coordination""]}"
174-1_utt1_intention,174-1,1,agent_1: I could go for 2 of the waters-I get dehydrated easily so must have those. Would you consider 2 waters and 1 firewood?🙂,Describe-Need,"[0, 0, 1, 0, 0, 0, 0, 0, 0]","['Describe-Need', 'Promote-Coordination']","[0, 0, 1, 0, 0, 0, 1, 0, 0]","{""intents"":[""Describe-Need"",""Promote-Coordination""]}"
174-1_utt2_intention,174-1,2,"agent_2: I would be okay with that, if I can have extra of the food?",No-Intention,"[0, 0, 0, 0, 1, 0, 0, 0, 0]",['Promote-Coordination'],"[0, 0, 0, 0, 0, 0, 1, 0, 0]","{""intents"":[""Promote-Coordination""]}"
174-2_utt1_intention,174-2,1,agent_1: I really don't need a lot of food when camping so I would be happy to agree to that!🙂,No-Need,"[0, 0, 0, 0, 0, 1, 0, 0, 0]","['No-Need', 'Promote-Coordination']","[0, 0, 0, 0, 0, 1, 1, 0, 0]","{""intents"":[""No-Need"",""Promote-Coordination""]}"
174-2_utt2_intention,174-2,2,agent_2: Okay! Sounds fair! Where are you heading out to camp?,Build-Rapport,"[1, 0, 0, 0, 0, 0, 0, 0, 0]","['Build-Rapport', 'Callout-Fairness']","[1, 1, 0, 0, 0, 0, 0, 0, 0]","{""intents"":[""Build-Rapport"", ""Callout-Fairness""]}"
174-3_utt1_intention,174-3,1,agent_1: At a campground near where I live that is on a lake (although they call it a creek!).,Build-Rapport,"[1, 0, 0, 0, 0, 0, 0, 0, 0]",['Build-Rapport'],"[1, 0, 0, 0, 0, 0, 0, 0, 0]","{""intents"":[""Build-Rapport""]}"
174-3_utt2_intention,174-3,2,agent_2: That is convenient that it is so close 🙂,Build-Rapport,"[1, 0, 0, 0, 0, 0, 0, 0, 0]",['Build-Rapport'],"[1, 0, 0, 0, 0, 0, 0, 0, 0]","{""intents"":[""Build-Rapport""]}"
174-4_utt1_intention,174-4,1,agent_1: Yes-hope to have a good time. It has been fun dealing with you-hope you have a good camping trip as well.,Build-Rapport,"[1, 0, 0, 0, 0, 0, 0, 0, 0]",['Build-Rapport'],"[1, 0, 0, 0, 0, 0, 0, 0, 0]","{""intents"":[""Build-Rapport""]}"
174-4_utt2_intention,174-4,2,"agent_2: Nice meeting you, friend!",Build-Rapport,"[1, 0, 0, 0, 0, 0, 0, 0, 0]",['Build-Rapport'],"[1, 0, 0, 0, 0, 0, 0, 0, 0]","{""intents"":[""Build-Rapport""]}"
175-0_utt1_intention,175-0,1,"agent_1: Hello there, I'm in a lot of need for some firewood! I'd not be against taking most of it if that's alright?",Describe-Need,"[0, 0, 1, 0, 0, 0, 0, 0, 0]","['Build-Rapport', 'Describe-Need']","[1, 0, 1, 0, 0, 0, 0, 0, 0]","{""intents"":[""Build-Rapport"", ""Describe-Need""]}"
175-0_utt2_intention,175-0,2,"agent_2: Hi, I need the all food package. I will frequently feel hungry",Describe-Need,"[0, 0, 1, 0, 0, 0, 0, 0, 0]",['Describe-Need'],"[0, 0, 1, 0, 0, 0, 0, 0, 0]","{""intents"":[""Describe-Need""]}"
175-1_utt1_intention,175-1,1,agent_1: I can give you two of the packages if you're willing to give me all 3 of the firewood. I left mine out in the rain a couple of nights ago so its all ruined.,Describe-Need,"[0, 0, 1, 0, 0, 0, 0, 0, 0]","['Describe-Need', 'Promote-Coordination']","[0, 0, 1, 0, 0, 0, 1, 0, 0]","{""intents"":[""Describe-Need"",""Promote-Coordination""]}"
175-1_utt2_intention,175-1,2,agent_2: If I will give 2 firewood for you and I will take all the food package with 2 water.,No-Intention,"[0, 0, 0, 0, 1, 0, 0, 0, 0]",['Promote-Coordination'],"[0, 0, 0, 0, 0, 0, 1, 0, 0]","{""intents"":[""Promote-Coordination""]}"
175-2_utt1_intention,175-2,1,agent_1: I need all 3 firewood! But I'm willing to discuss food with you. I have a lot of that.,No-Need,"[0, 0, 0, 0, 0, 1, 0, 0, 0]",['Describe-Need'],"[0, 0, 1, 0, 0, 0, 0, 0, 0]","{""intents"":[""Describe-Need""]}"
175-2_utt2_intention,175-2,2,"agent_2: Wow. Thank you. Ok. Then I will give you all 3 firewood, however I need all food package with water.",No-Intention,"[0, 0, 0, 0, 1, 0, 0, 0, 0]","['Build-Rapport', 'Promote-Coordination']","[1, 0, 0, 0, 0, 0, 1, 0, 0]","{""intents"":[""Build-Rapport"",""Promote-Coordination""]}"
175-3_utt1_intention,175-3,1,"agent_1: How about I get 3 firewood, and you get 2 food AND water? We both win with that, I think.",Callout-Fairness,"[0, 1, 0, 0, 0, 0, 0, 0, 0]","['Promote-Coordination', 'Callout-Fairness']","[0, 1, 0, 0, 0, 0, 1, 0, 0]","{""intents"":[""Promote-Coordination"",""Callout-Fairness""]}"
175-3_utt2_intention,175-3,2,agent_2: So now you need 3 firewood with 1 food. Am I correct?🙂,No-Intention,"[0, 0, 0, 0, 1, 0, 0, 0, 0]",['Promote-Coordination'],"[0, 0, 0, 0, 0, 0, 1, 0, 0]","{""intents"":[""Promote-Coordination""]}"
175-4_utt1_intention,175-4,1,"agent_1: Yes, that sounds fair to me. Although I would be willing to take a water if you're offering it, I am not quite as lucky with water. ☹️","Callout-Fairness,Describe-Need","[0, 1, 1, 0, 0, 0, 0, 0, 0]","['Callout-Fairness', 'Describe-Need']","[0, 1, 1, 0, 0, 0, 0, 0, 0]","{""intents"":[""Callout-Fairness"", ""Describe-Need""]}"
175-4_utt2_intention,175-4,2,"agent_2: How It will be. you already told that, you have lot of food with you. So can you please think how it will be. you can take all 3 firewood with 1 water and I will take all 3 foods packages and 2 water.",Undermine-Requirements,"[0, 0, 0, 0, 0, 0, 0, 0, 1]","['Describe-Need', 'Promote-Coordination']","[0, 0, 1, 0, 0, 0, 1, 0, 0]","{""intents"":[""Describe-Need"",""Promote-Coordination""]}"
175-5_utt1_intention,175-5,1,"agent_1: That sounds fair. I will accept that, all I really need is the firewood anyways! Thank you so much.","Callout-Fairness,Describe-Need","[0, 1, 1, 0, 0, 0, 0, 0, 0]","['Callout-Fairness', 'Describe-Need']","[0, 1, 1, 0, 0, 0, 0, 0, 0]","{""intents"":[""Callout-Fairness"", ""Describe-Need""]}"
176-0_utt1_intention,176-0,1,"agent_2: Good evening, how are you doing today?",Build-Rapport,"[1, 0, 0, 0, 0, 0, 0, 0, 0]",['Build-Rapport'],"[1, 0, 0, 0, 0, 0, 0, 0, 0]","{""intents"":[""Build-Rapport""]}"
176-0_utt2_intention,176-0,2,agent_1: Welcome to the camping trip Dude!,Build-Rapport,"[1, 0, 0, 0, 0, 0, 0, 0, 0]",['Build-Rapport'],"[1, 0, 0, 0, 0, 0, 0, 0, 0]","{""intents"":[""Build-Rapport""]}"
176-1_utt1_intention,176-1,1,"agent_2: Welcome! I'm really concerned about our water supply, we are desperately low. We don't have much food, a few protein bars. how are things looking your way?","Build-Rapport,Describe-Need,Discover-Preference","[1, 0, 1, 1, 0, 0, 0, 0, 0]","['Build-Rapport', 'Describe-Need', 'Promote-Coordination']","[1, 0, 1, 0, 0, 0, 1, 0, 0]","{""intents"":[""Build-Rapport"",""Describe-Need"",""Promote-Coordination""]}"
176-1_utt2_intention,176-1,2,agent_1: I haven't got too the site yet but I am almost there.  I can't wait to finally relax!  I have been going nonstop for days.  Good idea to check supplies!,Build-Rapport,"[1, 0, 0, 0, 0, 0, 0, 0, 0]","['Build-Rapport', 'Promote-Coordination']","[1, 0, 0, 0, 0, 0, 1, 0, 0]","{""intents"":[""Build-Rapport"",""Promote-Coordination""]}"
176-2_utt1_intention,176-2,1,agent_2: We're nearly there and just realized that we must have missed picking up some of our stuff before leaving.,Build-Rapport,"[1, 0, 0, 0, 0, 0, 0, 0, 0]",['Describe-Need'],"[0, 0, 1, 0, 0, 0, 0, 0, 0]","{""intents"":[""Describe-Need""]}"
176-2_utt2_intention,176-2,2,"agent_1: Were we supposed to bring things?  Oh, no!  I'm gonna die...",Build-Rapport,"[1, 0, 0, 0, 0, 0, 0, 0, 0]",['No-Intention'],"[0, 0, 0, 0, 1, 0, 0, 0, 0]","{""intents"":[""No-Intention""]}"
176-3_utt1_intention,176-3,1,"agent_2: Of course, it's always wise to bring things. We absolutely need water and some food. Water is critical though.","Build-Rapport,Describe-Need","[1, 0, 1, 0, 0, 0, 0, 0, 0]",['Describe-Need'],"[0, 0, 1, 0, 0, 0, 0, 0, 0]","{""intents"":[""Describe-Need""]}"
176-3_utt2_intention,176-3,2,agent_1: You got that right!  I just came from a three-day rugby tournament and I am totally dehydrated.  I hope they have enough at the site.  I also get the chills bigtime when I am dehydrated. That's how I know I am very dehydrated...,"Build-Rapport,Describe-Need","[1, 0, 1, 0, 0, 0, 0, 0, 0]",['Describe-Need'],"[0, 0, 1, 0, 0, 0, 0, 0, 0]","{""intents"":[""Describe-Need""]}"
176-4_utt1_intention,176-4,1,agent_2: I'm good to give up firewood for more water and food.,No-Intention,"[0, 0, 0, 0, 1, 0, 0, 0, 0]",['Promote-Coordination'],"[0, 0, 0, 0, 0, 0, 1, 0, 0]","{""intents"":[""Promote-Coordination""]}"
176-4_utt2_intention,176-4,2,agent_1: Thanks!  You can have all the extra food. My pockets are jammed full of munchies.  But water is something it seems we both really need.,"Describe-Need,No-Need,Show-Empathy","[0, 0, 1, 0, 0, 1, 0, 1, 0]",['Describe-Need'],"[0, 0, 1, 0, 0, 0, 0, 0, 0]","{""intents"":[""Describe-Need""]}"
176-5_utt1_intention,176-5,1,"agent_2: I'll do 2 water and 0 firewood, 3 food.",No-Intention,"[0, 0, 0, 0, 1, 0, 0, 0, 0]",['Promote-Coordination'],"[0, 0, 0, 0, 0, 0, 1, 0, 0]","{""intents"":[""Promote-Coordination""]}"
176-5_utt2_intention,176-5,2,"agent_1: Hey, good news!  My site is next to a vending machine.  Mostly Ding Dongs and Ho Hos, but there is a bottle of water in there.  I can go with your recommendations.  I'll take three firewood, 1 water, and no food.  But I may be by your site later to borrow toilet paper. OK?","Build-Rapport,No-Need","[1, 0, 0, 0, 0, 1, 0, 0, 0]",['Promote-Coordination'],"[0, 0, 0, 0, 0, 0, 1, 0, 0]","{""intents"":[""Promote-Coordination""]}"
177-0_utt1_intention,177-0,1,"agent_2: hi, how are you? my main need is water. how bout you?","Build-Rapport,Describe-Need,Discover-Preference","[1, 0, 1, 1, 0, 0, 0, 0, 0]","['Build-Rapport', 'Describe-Need', 'Discover-Preference']","[1, 0, 1, 1, 0, 0, 0, 0, 0]","{""intents"":[""Build-Rapport"",""Describe-Need"",""Discover-Preference""]}"
177-0_utt2_intention,177-0,2,"agent_1: Hey hi, nice getting to interact with you. I'm doing good, thank you. Wish it's the same with you. I get dehydrated quickly and need additional packages of water.","Build-Rapport,Describe-Need","[1, 0, 1, 0, 0, 0, 0, 0, 0]","['Build-Rapport', 'Describe-Need']","[1, 0, 1, 0, 0, 0, 0, 0, 0]","{""intents"":[""Build-Rapport"", ""Describe-Need""]}"
177-1_utt1_intention,177-1,1,agent_2: we both have the same high value priority. what is number 2 for you? thanks,Discover-Preference,"[0, 0, 0, 1, 0, 0, 0, 0, 0]","['Build-Rapport', 'Discover-Preference']","[1, 0, 0, 1, 0, 0, 0, 0, 0]","{""intents"":[""Build-Rapport"",""Discover-Preference""]}"
177-1_utt2_intention,177-1,2,agent_1: 🙂 Food,No-Intention,"[0, 0, 0, 0, 1, 0, 0, 0, 0]",['Describe-Need'],"[0, 0, 1, 0, 0, 0, 0, 0, 0]","{""intents"":[""Describe-Need""]}"
177-2_utt1_intention,177-2,1,"agent_2: me 2 lol, what if you got 2 of the water and me 1 but then i could do 2 of the food and firewood and things would kind of even out with that arrangement.","Callout-Fairness,Promote-Coordination","[0, 1, 0, 0, 0, 0, 1, 0, 0]","['Build-Rapport', 'Callout-Fairness', 'Promote-Coordination']","[1, 1, 0, 0, 0, 0, 1, 0, 0]","{""intents"":[""Build-Rapport"",""Callout-Fairness"",""Promote-Coordination""]}"
177-2_utt2_intention,177-2,2,"agent_1: Yes, that would be fair. How much of Firewood would you need?","Callout-Fairness,Discover-Preference","[0, 1, 0, 1, 0, 0, 0, 0, 0]","['Callout-Fairness', 'Discover-Preference']","[0, 1, 0, 1, 0, 0, 0, 0, 0]","{""intents"":[""Callout-Fairness"",""Discover-Preference""]}"
177-3_utt1_intention,177-3,1,agent_2: 2 firewood and 2 food and 1 water.,No-Intention,"[0, 0, 0, 0, 1, 0, 0, 0, 0]",['Describe-Need'],"[0, 0, 1, 0, 0, 0, 0, 0, 0]","{""intents"":[""Describe-Need""]}"
177-3_utt2_intention,177-3,2,agent_1: I get it as you need more firewood for the additional package of food.,No-Intention,"[0, 0, 0, 0, 1, 0, 0, 0, 0]",['Show-Empathy'],"[0, 0, 0, 0, 0, 0, 0, 1, 0]","{""intents"":[""Show-Empathy""]}"
177-4_utt1_intention,177-4,1,"agent_2: exactly, and forgot some of my extra wood at the house again.",Describe-Need,"[0, 0, 1, 0, 0, 0, 0, 0, 0]",['Describe-Need'],"[0, 0, 1, 0, 0, 0, 0, 0, 0]","{""intents"":[""Describe-Need""]}"
177-4_utt2_intention,177-4,2,agent_1: Have a nice camping trip 🙂,Build-Rapport,"[1, 0, 0, 0, 0, 0, 0, 0, 0]",['Build-Rapport'],"[1, 0, 0, 0, 0, 0, 0, 0, 0]","{""intents"":[""Build-Rapport""]}"
177-5_utt1_intention,177-5,1,agent_2: you as well,Build-Rapport,"[1, 0, 0, 0, 0, 0, 0, 0, 0]",['Build-Rapport'],"[1, 0, 0, 0, 0, 0, 0, 0, 0]","{""intents"":[""Build-Rapport""]}"
178-0_utt1_intention,178-0,1,"agent_1: Hello, I am very cold and need food and wood to remain warm. How about I get 3 firewood, 3 food and 1 water?",Describe-Need,"[0, 0, 1, 0, 0, 0, 0, 0, 0]",['Describe-Need'],"[0, 0, 1, 0, 0, 0, 0, 0, 0]","{""intents"":[""Describe-Need""]}"
178-0_utt2_intention,178-0,2,agent_2: That doesn't really work for me because then I would get only 2 waters and nothing else ☹️. What do you think is your highest priority?,"Callout-Fairness,Discover-Preference","[0, 1, 0, 1, 0, 0, 0, 0, 0]","['Describe-Need', 'Discover-Preference']","[0, 0, 1, 1, 0, 0, 0, 0, 0]","{""intents"":[""Describe-Need"",""Discover-Preference""]}"
178-1_utt1_intention,178-1,1,agent_1: Wood is my highest priority. I need it to stay warm. I'm very cold-natured. What is your highest priority? 🙂,"Describe-Need,Discover-Preference","[0, 0, 1, 1, 0, 0, 0, 0, 0]","['Describe-Need', 'Discover-Preference']","[0, 0, 1, 1, 0, 0, 0, 0, 0]","{""intents"":[""Describe-Need"",""Discover-Preference""]}"
178-1_utt2_intention,178-1,2,agent_2: Oh that's good. Wood is not my highest priority since I get hot easily lol. My highest priority is probably food because I have a very high metabolism and get very hungry,"Describe-Need,No-Need","[0, 0, 1, 0, 0, 1, 0, 0, 0]","['Build-Rapport', 'Describe-Need']","[1, 0, 1, 0, 0, 0, 0, 0, 0]","{""intents"":[""Build-Rapport"", ""Describe-Need""]}"
178-2_utt1_intention,178-2,1,"agent_1: I understand that. I also need food though, because I need the sustenance to help warm me up. So maybe 3 firewood 1 food and 2 waters for me?","Describe-Need,Show-Empathy","[0, 0, 1, 0, 0, 0, 0, 1, 0]","['Show-Empathy', 'Describe-Need', 'Promote-Coordination']","[0, 0, 1, 0, 0, 0, 1, 1, 0]","{""intents"":[""Show-Empathy"", ""Describe-Need"", ""Promote-Coordination""]}"
178-2_utt2_intention,178-2,2,"agent_2: I still don't think that is too fair though, since you would be getting 6/9 of the extra items and I would only be getting 3... I'm not an avid camper so I need extra amenities to make sure I survive haha. I am flexible on the water though - maybe we can compromise there. I am fine with you having all of the wood. Maybe we could give you 3 firewood, 1 food, and 1 water?","Callout-Fairness,Describe-Need,No-Need,Promote-Coordination","[0, 1, 1, 0, 0, 1, 1, 0, 0]","['Callout-Fairness', 'Describe-Need', 'Promote-Coordination']","[0, 1, 1, 0, 0, 0, 1, 0, 0]","{""intents"":[""Callout-Fairness"",""Describe-Need"",""Promote-Coordination""]}"
178-3_utt1_intention,178-3,1,agent_1: That sounds very fair to me. Thank you for being understanding. 🙂,Callout-Fairness,"[0, 1, 0, 0, 0, 0, 0, 0, 0]","['Build-Rapport', 'Promote-Coordination']","[1, 0, 0, 0, 0, 0, 1, 0, 0]","{""intents"":[""Build-Rapport"",""Promote-Coordination""]}"
178-3_utt2_intention,178-3,2,agent_2: Definitely! I am glad we could come to an agreement. Do you like to camp a lot? Or hike?,Build-Rapport,"[1, 0, 0, 0, 0, 0, 0, 0, 0]",['Build-Rapport'],"[1, 0, 0, 0, 0, 0, 0, 0, 0]","{""intents"":[""Build-Rapport""]}"
178-4_utt1_intention,178-4,1,agent_1: I love to camp! Especially when there is enough firewood! It is a great (and inexpensive) activity for me I get a lot of enjoyment out of. Hopefully you will become an avid camper after this trip!,Build-Rapport,"[1, 0, 0, 0, 0, 0, 0, 0, 0]",['Build-Rapport'],"[1, 0, 0, 0, 0, 0, 0, 0, 0]","{""intents"":[""Build-Rapport""]}"
178-4_utt2_intention,178-4,2,"agent_2: Haha maybe! I am afraid of some bugs though, especially ticks 😮",Build-Rapport,"[1, 0, 0, 0, 0, 0, 0, 0, 0]",['Build-Rapport'],"[1, 0, 0, 0, 0, 0, 0, 0, 0]","{""intents"":[""Build-Rapport""]}"
178-5_utt1_intention,178-5,1,"agent_1: Yes, you have to check EVERYWHERE for ticks! And since we've come to an agreement, I will submit our deal!",Build-Rapport,"[1, 0, 0, 0, 0, 0, 0, 0, 0]","['Build-Rapport', 'Promote-Coordination']","[1, 0, 0, 0, 0, 0, 1, 0, 0]","{""intents"":[""Build-Rapport"",""Promote-Coordination""]}"
179-0_utt1_intention,179-0,1,"agent_2: Hi, how are you?",Build-Rapport,"[1, 0, 0, 0, 0, 0, 0, 0, 0]",['Build-Rapport'],"[1, 0, 0, 0, 0, 0, 0, 0, 0]","{""intents"":[""Build-Rapport""]}"
179-0_utt2_intention,179-0,2,"agent_1: Great, how are you?",Build-Rapport,"[1, 0, 0, 0, 0, 0, 0, 0, 0]",['Build-Rapport'],"[1, 0, 0, 0, 0, 0, 0, 0, 0]","{""intents"":[""Build-Rapport""]}"
179-1_utt1_intention,179-1,1,"agent_2: Pretty good, planning my camping trip, checking on supplies.",Build-Rapport,"[1, 0, 0, 0, 0, 0, 0, 0, 0]",['Build-Rapport'],"[1, 0, 0, 0, 0, 0, 0, 0, 0]","{""intents"":[""Build-Rapport""]}"
179-1_utt2_intention,179-1,2,"agent_1: Here too, looks like the weather has changed for us. We won't have enough water to last as we forgot it. Food, we have some snacks, but not enough to get by for our trip. I'm not overly concerned about firewood since it's so hot. But I'm really concerned about water.","Build-Rapport,Describe-Need,No-Need","[1, 0, 1, 0, 0, 1, 0, 0, 0]","['Describe-Need', 'No-Need']","[0, 0, 1, 0, 0, 1, 0, 0, 0]","{""intents"":[""Describe-Need"",""No-Need""]}"
179-2_utt1_intention,179-2,1,"agent_2: Yeah, I'm going to the desert so I'm hoping to have enough water. I'm good on food and I hunt for a lot of it anyways.","Describe-Need,No-Need","[0, 0, 1, 0, 0, 1, 0, 0, 0]","['Describe-Need', 'No-Need']","[0, 0, 1, 0, 0, 1, 0, 0, 0]","{""intents"":[""Describe-Need"",""No-Need""]}"
179-2_utt2_intention,179-2,2,agent_1: I've never been a good hunter. I wish I had those abilities.,"Build-Rapport,Show-Empathy","[1, 0, 0, 0, 0, 0, 0, 1, 0]",['Build-Rapport'],"[1, 0, 0, 0, 0, 0, 0, 0, 0]","{""intents"":[""Build-Rapport""]}"
179-3_utt1_intention,179-3,1,agent_2: I would part with all the food if I could get all the firewood.,No-Intention,"[0, 0, 0, 0, 1, 0, 0, 0, 0]",['Promote-Coordination'],"[0, 0, 0, 0, 0, 0, 1, 0, 0]","{""intents"":[""Promote-Coordination""]}"
179-3_utt2_intention,179-3,2,agent_1: That seems fair. How about water. How would that be split? I'm very concerned.,"Callout-Fairness,Describe-Need","[0, 1, 1, 0, 0, 0, 0, 0, 0]","['Callout-Fairness', 'Describe-Need', 'Discover-Preference']","[0, 1, 1, 1, 0, 0, 0, 0, 0]","{""intents"":[""Callout-Fairness"", ""Describe-Need"", ""Discover-Preference""]}"
179-4_utt1_intention,179-4,1,agent_2: Me too. There is little natural sources where I'm going. ,Describe-Need,"[0, 0, 1, 0, 0, 0, 0, 0, 0]","['Describe-Need', 'Show-Empathy']","[0, 0, 1, 0, 0, 0, 0, 1, 0]","{""intents"":[""Describe-Need"",""Show-Empathy""]}"
179-4_utt2_intention,179-4,2,agent_1: I'm not familiar with my surroundings. None of us going have ever been to this spot.,Describe-Need,"[0, 0, 1, 0, 0, 0, 0, 0, 0]",['Describe-Need'],"[0, 0, 1, 0, 0, 0, 0, 0, 0]","{""intents"":[""Describe-Need""]}"
179-5_utt1_intention,179-5,1,agent_2: I mean I would give two waters if I could get one more food. So 2 water for you and 2 food.,No-Intention,"[0, 0, 0, 0, 1, 0, 0, 0, 0]",['Promote-Coordination'],"[0, 0, 0, 0, 0, 0, 1, 0, 0]","{""intents"":[""Promote-Coordination""]}"
179-5_utt2_intention,179-5,2,agent_2: I'd like to keep all the firewood if I'm giving the majority of the water.,No-Intention,"[0, 0, 0, 0, 1, 0, 0, 0, 0]",['Promote-Coordination'],"[0, 0, 0, 0, 0, 0, 1, 0, 0]","{""intents"":[""Promote-Coordination""]}"
179-6_utt1_intention,179-6,1,"agent_1: Ok, that seems fair.",Callout-Fairness,"[0, 1, 0, 0, 0, 0, 0, 0, 0]",['Callout-Fairness'],"[0, 1, 0, 0, 0, 0, 0, 0, 0]","{""intents"":[""Callout-Fairness""]}"
180-0_utt1_intention,180-0,1,"agent_2: Hello, I would like to have three packages of food. We've decided to stay an extra night but need more food to do so.",Describe-Need,"[0, 0, 1, 0, 0, 0, 0, 0, 0]",['Describe-Need'],"[0, 0, 1, 0, 0, 0, 0, 0, 0]","{""intents"":[""Describe-Need""]}"
180-0_utt2_intention,180-0,2,agent_1: I would be open to that if you could give me three packages of water 🙂,No-Intention,"[0, 0, 0, 0, 1, 0, 0, 0, 0]",['Promote-Coordination'],"[0, 0, 0, 0, 0, 0, 1, 0, 0]","{""intents"":[""Promote-Coordination""]}"
180-1_utt1_intention,180-1,1,"agent_2: Hmmm...I'm pretty muddy due to clumsiness, so I may need one extra. I could give you two waters and all of the firewood. What do you think? 🙂",Describe-Need,"[0, 0, 1, 0, 0, 0, 0, 0, 0]",['Describe-Need'],"[0, 0, 1, 0, 0, 0, 0, 0, 0]","{""intents"":[""Describe-Need""]}"
180-1_utt2_intention,180-1,2,"agent_1: So are you suggesting that I would get 2 waters, 3 firewood, and no food?",No-Intention,"[0, 0, 0, 0, 1, 0, 0, 0, 0]",['Promote-Coordination'],"[0, 0, 0, 0, 0, 0, 1, 0, 0]","{""intents"":[""Promote-Coordination""]}"
180-2_utt1_intention,180-2,1,"agent_2: Right! Well, beyond the food you already have. ",Undermine-Requirements,"[0, 0, 0, 0, 0, 0, 0, 0, 1]",['Promote-Coordination'],"[0, 0, 0, 0, 0, 0, 1, 0, 0]","{""intents"":[""Promote-Coordination""]}"
180-2_utt2_intention,180-2,2,"agent_1: I have an extra person camping with us that I didn't expect when I bought food, so I could use one if you're willing 🙂",Describe-Need,"[0, 0, 1, 0, 0, 0, 0, 0, 0]",['Describe-Need'],"[0, 0, 1, 0, 0, 0, 0, 0, 0]","{""intents"":[""Describe-Need""]}"
180-3_utt1_intention,180-3,1,"agent_2: I understand that! I wasn't expecting to stay an extra night, but the weather is too perfect to leave. I can manage with two packages of food for sure. 🙂","Describe-Need,Show-Empathy","[0, 0, 1, 0, 0, 0, 0, 1, 0]","['Show-Empathy', 'Undermine-Requirements']","[0, 0, 0, 0, 0, 0, 0, 1, 1]","{""intents"":[""Show-Empathy"", ""Undermine-Requirements""]}"
180-3_utt2_intention,180-3,2,agent_1: Great!  Thank you for being so understanding!,No-Intention,"[0, 0, 0, 0, 1, 0, 0, 0, 0]",['Build-Rapport'],"[1, 0, 0, 0, 0, 0, 0, 0, 0]","{""intents"":[""Build-Rapport""]}"
180-4_utt1_intention,180-4,1,"agent_2: No problem! So are we in agreement that I get 2 food, 1 water and you get the reverse? I could also probably use one firewood, but it's not as important to me.",No-Need,"[0, 0, 0, 0, 0, 1, 0, 0, 0]","['Build-Rapport', 'Promote-Coordination', 'Describe-Need']","[1, 0, 1, 0, 0, 0, 1, 0, 0]","{""intents"":[""Build-Rapport"",""Promote-Coordination"",""Describe-Need""]}"
180-4_utt2_intention,180-4,2,"agent_1: I can give you one firewood, so I'll be getting 1 food, 2 water, and 2 firewood?",No-Intention,"[0, 0, 0, 0, 1, 0, 0, 0, 0]",['Promote-Coordination'],"[0, 0, 0, 0, 0, 0, 1, 0, 0]","{""intents"":[""Promote-Coordination""]}"
181-0_utt1_intention,181-0,1,agent_1: Hello! I'm packing for my camping adventure.,Build-Rapport,"[1, 0, 0, 0, 0, 0, 0, 0, 0]",['Build-Rapport'],"[1, 0, 0, 0, 0, 0, 0, 0, 0]","{""intents"":[""Build-Rapport""]}"
181-0_utt2_intention,181-0,2,agent_2: I am too.  I am so looking forward to this.  ,Build-Rapport,"[1, 0, 0, 0, 0, 0, 0, 0, 0]",['Build-Rapport'],"[1, 0, 0, 0, 0, 0, 0, 0, 0]","{""intents"":[""Build-Rapport""]}"
181-1_utt1_intention,181-1,1,agent_1: Yes! I am so on the same page as you. I want to be sure I'm set and prepared. 🙂,Build-Rapport,"[1, 0, 0, 0, 0, 0, 0, 0, 0]",['Build-Rapport'],"[1, 0, 0, 0, 0, 0, 0, 0, 0]","{""intents"":[""Build-Rapport""]}"
181-1_utt2_intention,181-1,2,agent_2: Would you consider letting me have 2 of the 3 extra firewood?  I have health issues and I get really cold sometimes.☹️,Describe-Need,"[0, 0, 1, 0, 0, 0, 0, 0, 0]",['Describe-Need'],"[0, 0, 1, 0, 0, 0, 0, 0, 0]","{""intents"":[""Describe-Need""]}"
181-2_utt1_intention,181-2,1,"agent_1: Yes, I think that would be very fair, since I don't have health issues myself. Would you allow me to have 2 of the 3 food items? I need energy for hiking. 🙂","Describe-Need,No-Need","[0, 0, 1, 0, 0, 1, 0, 0, 0]","['Callout-Fairness', 'Describe-Need']","[0, 1, 1, 0, 0, 0, 0, 0, 0]","{""intents"":[""Callout-Fairness"", ""Describe-Need""]}"
181-2_utt2_intention,181-2,2,"agent_2: That would be perfect.  I am a gourmet cook and if you would like me to help you prepare the evening meal, I would be very happy too.🙂","Build-Rapport,No-Need","[1, 0, 0, 0, 0, 1, 0, 0, 0]","['Build-Rapport', 'Promote-Coordination']","[1, 0, 0, 0, 0, 0, 1, 0, 0]","{""intents"":[""Build-Rapport"",""Promote-Coordination""]}"
181-3_utt1_intention,181-3,1,agent_1: That's so nice of you! I would be delighted to have some great meals during this camping vacay. 🙂🙂,Build-Rapport,"[1, 0, 0, 0, 0, 0, 0, 0, 0]",['Build-Rapport'],"[1, 0, 0, 0, 0, 0, 0, 0, 0]","{""intents"":[""Build-Rapport""]}"
181-3_utt2_intention,181-3,2,agent_2: I have managed to bring pouches of some of my favorite seasonings.  I'm hoping to find some great wild mushrooms in the forest too.  ,Build-Rapport,"[1, 0, 0, 0, 0, 0, 0, 0, 0]",['Build-Rapport'],"[1, 0, 0, 0, 0, 0, 0, 0, 0]","{""intents"":[""Build-Rapport""]}"
181-4_utt1_intention,181-4,1,agent_1: I'm a big fan of well seasoned food and mushrooms! Mmm.. 🙂 Do you think it would also be alright for me to have 2 of the 3 waters since I will be hiking a lot?,"Build-Rapport,Describe-Need","[1, 0, 1, 0, 0, 0, 0, 0, 0]","['Build-Rapport', 'Describe-Need']","[1, 0, 1, 0, 0, 0, 0, 0, 0]","{""intents"":[""Build-Rapport"",""Describe-Need""]}"
181-4_utt2_intention,181-4,2,"agent_2: That would be fine.  I was hoping to have 2 but since I am only walking and you are doing more heavy duty hiking, you take them.  Agreed?","No-Need,Show-Empathy","[0, 0, 0, 0, 0, 1, 0, 1, 0]","['Describe-Need', 'Promote-Coordination']","[0, 0, 1, 0, 0, 0, 1, 0, 0]","{""intents"":[""Describe-Need"",""Promote-Coordination""]}"
181-5_utt1_intention,181-5,1,agent_1: I really appreciate that. Do you think you will be okay with just 1 water since you have health issues?,Show-Empathy,"[0, 0, 0, 0, 0, 0, 0, 1, 0]","['Build-Rapport', 'Show-Empathy']","[1, 0, 0, 0, 0, 0, 0, 1, 0]","{""intents"":[""Build-Rapport"",""Show-Empathy""]}"
181-5_utt2_intention,181-5,2,"agent_2: That would be very nice, but I worry about you not having enough on the trail.  Dehydration would not be good.  I am pretty sure I can ration my supply to make it last.  🙂","No-Need,Show-Empathy","[0, 0, 0, 0, 0, 1, 0, 1, 0]","['Show-Empathy', 'Promote-Coordination']","[0, 0, 0, 0, 0, 0, 1, 1, 0]","{""intents"":[""Show-Empathy"",""Promote-Coordination""]}"
181-6_utt1_intention,181-6,1,agent_1: You're a good friend! I'm excited to embark on this adventure! 🙂🙂🙂,Build-Rapport,"[1, 0, 0, 0, 0, 0, 0, 0, 0]",['Build-Rapport'],"[1, 0, 0, 0, 0, 0, 0, 0, 0]","{""intents"":[""Build-Rapport""]}"
181-6_utt2_intention,181-6,2,"agent_2: Me too!  So let me clarify:  I will take 2 firewood, 1 water and 1 food.  You will take 1 Firewood, 2 water and 2 food.  Is that right.  🙂🙂🙂",Build-Rapport,"[1, 0, 0, 0, 0, 0, 0, 0, 0]","['Build-Rapport', 'Promote-Coordination']","[1, 0, 0, 0, 0, 0, 1, 0, 0]","{""intents"":[""Build-Rapport"",""Promote-Coordination""]}"
181-7_utt1_intention,181-7,1,agent_1: Agreed! 🙂,No-Intention,"[0, 0, 0, 0, 1, 0, 0, 0, 0]",['Promote-Coordination'],"[0, 0, 0, 0, 0, 0, 1, 0, 0]","{""intents"":[""Promote-Coordination""]}"
182-0_utt1_intention,182-0,1,"agent_1: Hello, how are you? Looking forward to camping?",Build-Rapport,"[1, 0, 0, 0, 0, 0, 0, 0, 0]",['Build-Rapport'],"[1, 0, 0, 0, 0, 0, 0, 0, 0]","{""intents"":[""Build-Rapport""]}"
182-0_utt2_intention,182-0,2,"agent_2: Oh yeah, that's for sure. What camping item do you prioritize?","Build-Rapport,Discover-Preference","[1, 0, 0, 1, 0, 0, 0, 0, 0]","['Build-Rapport', 'Discover-Preference']","[1, 0, 0, 1, 0, 0, 0, 0, 0]","{""intents"":[""Build-Rapport"",""Discover-Preference""]}"
182-1_utt1_intention,182-1,1,agent_1: I'm going to need some extra wood because I'm somewhat injured and can't really gather more.,Describe-Need,"[0, 0, 1, 0, 0, 0, 0, 0, 0]",['Describe-Need'],"[0, 0, 1, 0, 0, 0, 0, 0, 0]","{""intents"":[""Describe-Need""]}"
182-1_utt2_intention,182-1,2,"agent_2: Oh, I see. Well, I personally need lots of water to stay hydrated since I drank a lot already.","Describe-Need,Show-Empathy","[0, 0, 1, 0, 0, 0, 0, 1, 0]","['Show-Empathy', 'Describe-Need']","[0, 0, 1, 0, 0, 0, 0, 1, 0]","{""intents"":[""Show-Empathy"",""Describe-Need""]}"
182-2_utt1_intention,182-2,1,"agent_1: Yes, that's important. I don't need much.","No-Need,Show-Empathy","[0, 0, 0, 0, 0, 1, 0, 1, 0]","['Show-Empathy', 'No-Need']","[0, 0, 0, 0, 0, 1, 0, 1, 0]","{""intents"":[""Show-Empathy"", ""No-Need""]}"
182-2_utt2_intention,182-2,2,"agent_2: The thing I need less, but still sort of want some of, is food.",Describe-Need,"[0, 0, 1, 0, 0, 0, 0, 0, 0]",['Describe-Need'],"[0, 0, 1, 0, 0, 0, 0, 0, 0]","{""intents"":[""Describe-Need""]}"
182-3_utt1_intention,182-3,1,"agent_1: I'm like that as well, a small appetite.",Describe-Need,"[0, 0, 1, 0, 0, 0, 0, 0, 0]",['Describe-Need'],"[0, 0, 1, 0, 0, 0, 0, 0, 0]","{""intents"":[""Describe-Need""]}"
182-3_utt2_intention,182-3,2,"agent_2: I need firewood the least of all though, because I have a lot of coats for warmth.",No-Need,"[0, 0, 0, 0, 0, 1, 0, 0, 0]",['No-Need'],"[0, 0, 0, 0, 0, 1, 0, 0, 0]","{""intents"":[""No-Need""]}"
182-4_utt1_intention,182-4,1,agent_1: Are you bringing several coats while camping?,Undermine-Requirements,"[0, 0, 0, 0, 0, 0, 0, 0, 1]",['Build-Rapport'],"[1, 0, 0, 0, 0, 0, 0, 0, 0]","{""intents"":[""Build-Rapport""]}"
182-4_utt2_intention,182-4,2,"agent_2: Yeah, I might even have too many.I still need water the most,so I'm thinking I should take the water and you should take the firewood.",No-Need,"[0, 0, 0, 0, 0, 1, 0, 0, 0]","['Describe-Need', 'Promote-Coordination']","[0, 0, 1, 0, 0, 0, 1, 0, 0]","{""intents"":[""Describe-Need"",""Promote-Coordination""]}"
182-5_utt1_intention,182-5,1,agent_1: I can deal with that. I'd rather a little thirst than being cold.,"Describe-Need,No-Need","[0, 0, 1, 0, 0, 1, 0, 0, 0]",['Promote-Coordination'],"[0, 0, 0, 0, 0, 0, 1, 0, 0]","{""intents"":[""Promote-Coordination""]}"
182-5_utt2_intention,182-5,2,"agent_2: Okay, So I'll take all three water, you'll take all three firewood package and I'll take one food package and you get two. What do you think? 🙂",No-Intention,"[0, 0, 0, 0, 1, 0, 0, 0, 0]",['Promote-Coordination'],"[0, 0, 0, 0, 0, 0, 1, 0, 0]","{""intents"":[""Promote-Coordination""]}"
183-0_utt1_intention,183-0,1,"agent_2: Oh my, it's a bit hotter out here then I expected. I hope that I brought enough water for this camping trip.",Describe-Need,"[0, 0, 1, 0, 0, 0, 0, 0, 0]",['No-Intention'],"[0, 0, 0, 0, 1, 0, 0, 0, 0]","{""intents"":[""No-Intention""]}"
183-0_utt2_intention,183-0,2,agent_1: Hi! Are you excited?,Build-Rapport,"[1, 0, 0, 0, 0, 0, 0, 0, 0]",['Build-Rapport'],"[1, 0, 0, 0, 0, 0, 0, 0, 0]","{""intents"":[""Build-Rapport""]}"
183-1_utt1_intention,183-1,1,"agent_2: Yes, I am but I do have my worries. How about you? ","Build-Rapport,Discover-Preference","[1, 0, 0, 1, 0, 0, 0, 0, 0]",['Build-Rapport'],"[1, 0, 0, 0, 0, 0, 0, 0, 0]","{""intents"":[""Build-Rapport""]}"
183-1_utt2_intention,183-1,2,agent_1: Me too! im bringing my 5 month old baby with me and im worried im not gonna be able to find purified water for his formula!,Describe-Need,"[0, 0, 1, 0, 0, 0, 0, 0, 0]","['Build-Rapport', 'Describe-Need']","[1, 0, 1, 0, 0, 0, 0, 0, 0]","{""intents"":[""Build-Rapport"", ""Describe-Need""]}"
183-2_utt1_intention,183-2,1,"agent_2: Ah, Baby's first camping trip. 🙂 But that is a bit of a big worry. ","Build-Rapport,Show-Empathy","[1, 0, 0, 0, 0, 0, 0, 1, 0]","['Build-Rapport', 'Show-Empathy']","[1, 0, 0, 0, 0, 0, 0, 1, 0]","{""intents"":[""Build-Rapport"",""Show-Empathy""]}"
183-2_utt2_intention,183-2,2,agent_1: Yea so I was hoping i could get 3 of the waters if possible and 1 firewood and you can have the rest!,No-Intention,"[0, 0, 0, 0, 1, 0, 0, 0, 0]",['Describe-Need'],"[0, 0, 1, 0, 0, 0, 0, 0, 0]","{""intents"":[""Describe-Need""]}"
183-3_utt1_intention,183-3,1,"agent_2: I really wish I could take you up on that offer but I could really use some of that water as well. Perhaps, I can get one water while I'll give you some extra food.",Describe-Need,"[0, 0, 1, 0, 0, 0, 0, 0, 0]",['Describe-Need'],"[0, 0, 1, 0, 0, 0, 0, 0, 0]","{""intents"":[""Describe-Need""]}"
183-3_utt2_intention,183-3,2,agent_1: okay so how about i take 2 waters 1 firewood and 2 food?,No-Intention,"[0, 0, 0, 0, 1, 0, 0, 0, 0]",['Promote-Coordination'],"[0, 0, 0, 0, 0, 0, 1, 0, 0]","{""intents"":[""Promote-Coordination""]}"
183-4_utt1_intention,183-4,1,agent_2: Are you sure that's enough firewood for you and the baby? I know that babies can easily get very sick from dropping temperatures.,Show-Empathy,"[0, 0, 0, 0, 0, 0, 0, 1, 0]","['Show-Empathy', 'Describe-Need']","[0, 0, 1, 0, 0, 0, 0, 1, 0]","{""intents"":[""Show-Empathy"",""Describe-Need""]}"
183-4_utt2_intention,183-4,2,agent_1:  would you mind then if i take 2 waters 2 firewood and 1 food? does that work for you?,No-Intention,"[0, 0, 0, 0, 1, 0, 0, 0, 0]",['Promote-Coordination'],"[0, 0, 0, 0, 0, 0, 1, 0, 0]","{""intents"":[""Promote-Coordination""]}"
183-5_utt1_intention,183-5,1,agent_2: That sounds like a deal to me. Please be careful with your baby on your trip.🙂,Show-Empathy,"[0, 0, 0, 0, 0, 0, 0, 1, 0]","['Build-Rapport', 'Promote-Coordination', 'Show-Empathy']","[1, 0, 0, 0, 0, 0, 1, 1, 0]","{""intents"":[""Build-Rapport"", ""Promote-Coordination"", ""Show-Empathy""]}"
184-0_utt1_intention,184-0,1,agent_1: Hi there! I can't wait to go camping! How about you?,Build-Rapport,"[1, 0, 0, 0, 0, 0, 0, 0, 0]","['Build-Rapport', 'Discover-Preference']","[1, 0, 0, 1, 0, 0, 0, 0, 0]","{""intents"":[""Build-Rapport"",""Discover-Preference""]}"
184-0_utt2_intention,184-0,2,agent_2: I am sooooo excited too! I can't wait to sit by the fire! 🙂,"Build-Rapport,Describe-Need","[1, 0, 1, 0, 0, 0, 0, 0, 0]",['Build-Rapport'],"[1, 0, 0, 0, 0, 0, 0, 0, 0]","{""intents"":[""Build-Rapport""]}"
184-1_utt1_intention,184-1,1,agent_1: Me too!!!! That is what I am most excited about. I was actually hoping you might have some firewood to spare?,"Build-Rapport,Describe-Need","[1, 0, 1, 0, 0, 0, 0, 0, 0]","['Build-Rapport', 'Describe-Need']","[1, 0, 1, 0, 0, 0, 0, 0, 0]","{""intents"":[""Build-Rapport"", ""Describe-Need""]}"
184-1_utt2_intention,184-1,2,"agent_2: Gosh, that's a bg favor because I need the firewood. I will give you all of the firewood if you will give me all of the food. How's that?",Describe-Need,"[0, 0, 1, 0, 0, 0, 0, 0, 0]","['Describe-Need', 'Promote-Coordination']","[0, 0, 1, 0, 0, 0, 1, 0, 0]","{""intents"":[""Describe-Need"", ""Promote-Coordination""]}"
184-2_utt1_intention,184-2,1,agent_1: Fair enough! Thank you! I would really appreciate any extra water that you have too?,Callout-Fairness,"[0, 1, 0, 0, 0, 0, 0, 0, 0]","['Build-Rapport', 'Describe-Need']","[1, 0, 1, 0, 0, 0, 0, 0, 0]","{""intents"":[""Build-Rapport"", ""Describe-Need""]}"
184-2_utt2_intention,184-2,2,agent_2: I need some water...I'll give you two of mine so that I can hang on to one.Is that okay with you?,No-Intention,"[0, 0, 0, 0, 1, 0, 0, 0, 0]","['Describe-Need', 'Promote-Coordination']","[0, 0, 1, 0, 0, 0, 1, 0, 0]","{""intents"":[""Describe-Need"",""Promote-Coordination""]}"
184-3_utt1_intention,184-3,1,"agent_1: Yes, that works! Thank you! Where are you heading out to camp?",Build-Rapport,"[1, 0, 0, 0, 0, 0, 0, 0, 0]",['Build-Rapport'],"[1, 0, 0, 0, 0, 0, 0, 0, 0]","{""intents"":[""Build-Rapport""]}"
184-3_utt2_intention,184-3,2,agent_2: Out in the North Carolina mountains! We camp there every summer. So many great memories!,Build-Rapport,"[1, 0, 0, 0, 0, 0, 0, 0, 0]",['Build-Rapport'],"[1, 0, 0, 0, 0, 0, 0, 0, 0]","{""intents"":[""Build-Rapport""]}"
184-4_utt1_intention,184-4,1,"agent_1: How fun! I am somewhat new to camping. I have only been twice. But, I agree - it's a great way to make memories! 🙂",Build-Rapport,"[1, 0, 0, 0, 0, 0, 0, 0, 0]",['Build-Rapport'],"[1, 0, 0, 0, 0, 0, 0, 0, 0]","{""intents"":[""Build-Rapport""]}"
184-4_utt2_intention,184-4,2,"agent_2: No doubt about that! Well, it was nice meeting you. I hope you have lots of fun! 🙂",Build-Rapport,"[1, 0, 0, 0, 0, 0, 0, 0, 0]",['Build-Rapport'],"[1, 0, 0, 0, 0, 0, 0, 0, 0]","{""intents"":[""Build-Rapport""]}"
185-0_utt1_intention,185-0,1,agent_1: hi how are you,Build-Rapport,"[1, 0, 0, 0, 0, 0, 0, 0, 0]",['Build-Rapport'],"[1, 0, 0, 0, 0, 0, 0, 0, 0]","{""intents"":[""Build-Rapport""]}"
185-0_utt2_intention,185-0,2,"agent_2: Hi, I am good. How about you? 🙂",Build-Rapport,"[1, 0, 0, 0, 0, 0, 0, 0, 0]",['Build-Rapport'],"[1, 0, 0, 0, 0, 0, 0, 0, 0]","{""intents"":[""Build-Rapport""]}"
185-1_utt1_intention,185-1,1,"agent_1: same, can I get 3 food, 2 firewood and 0 water, I need 3 food because i need food to survive","Build-Rapport,Describe-Need","[1, 0, 1, 0, 0, 0, 0, 0, 0]","['Build-Rapport', 'Describe-Need']","[1, 0, 1, 0, 0, 0, 0, 0, 0]","{""intents"":[""Build-Rapport"",""Describe-Need""]}"
185-1_utt2_intention,185-1,2,agent_2: That is actually close to perfect for me because I severely need water. Would you consider giving me 2 firewood instead of 1? ,Describe-Need,"[0, 0, 1, 0, 0, 0, 0, 0, 0]","['Describe-Need', 'Promote-Coordination']","[0, 0, 1, 0, 0, 0, 1, 0, 0]","{""intents"":[""Describe-Need"",""Promote-Coordination""]}"
185-2_utt1_intention,185-2,1,agent_1: sure,No-Intention,"[0, 0, 0, 0, 1, 0, 0, 0, 0]",['Promote-Coordination'],"[0, 0, 0, 0, 0, 0, 1, 0, 0]","{""intents"":[""Promote-Coordination""]}"
185-2_utt2_intention,185-2,2,agent_2: That is awesome. I really appreciate it. ,No-Intention,"[0, 0, 0, 0, 1, 0, 0, 0, 0]",['Build-Rapport'],"[1, 0, 0, 0, 0, 0, 0, 0, 0]","{""intents"":[""Build-Rapport""]}"
185-3_utt1_intention,185-3,1,"agent_1: i will get 3 food, 1 firewood and 0 water then",No-Intention,"[0, 0, 0, 0, 1, 0, 0, 0, 0]",['Promote-Coordination'],"[0, 0, 0, 0, 0, 0, 1, 0, 0]","{""intents"":[""Promote-Coordination""]}"
185-3_utt2_intention,185-3,2,agent_2: Sound perfect. Thank you so much. ,No-Intention,"[0, 0, 0, 0, 1, 0, 0, 0, 0]","['Build-Rapport', 'Promote-Coordination']","[1, 0, 0, 0, 0, 0, 1, 0, 0]","{""intents"":[""Build-Rapport"", ""Promote-Coordination""]}"
185-4_utt1_intention,185-4,1,agent_1: lets do the deal then,No-Intention,"[0, 0, 0, 0, 1, 0, 0, 0, 0]",['Promote-Coordination'],"[0, 0, 0, 0, 0, 0, 1, 0, 0]","{""intents"":[""Promote-Coordination""]}"
185-4_utt2_intention,185-4,2,agent_2: I agree. Good luck with your trip!,Build-Rapport,"[1, 0, 0, 0, 0, 0, 0, 0, 0]","['Build-Rapport', 'Promote-Coordination']","[1, 0, 0, 0, 0, 0, 1, 0, 0]","{""intents"":[""Build-Rapport"",""Promote-Coordination""]}"
186-0_utt1_intention,186-0,1,agent_1: Hello,No-Intention,"[0, 0, 0, 0, 1, 0, 0, 0, 0]",['Build-Rapport'],"[1, 0, 0, 0, 0, 0, 0, 0, 0]","{""intents"":[""Build-Rapport""]}"
186-0_utt2_intention,186-0,2,"agent_2: Hello! I am going on an expedition and am in need of provisions. The risk is much, the need is great, but the rewards are even greater! I am asking that you might allow me to have 3 firewood, 2 food, and 2 water.","Build-Rapport,Describe-Need","[1, 0, 1, 0, 0, 0, 0, 0, 0]","['Build-Rapport', 'Describe-Need']","[1, 0, 1, 0, 0, 0, 0, 0, 0]","{""intents"":[""Build-Rapport"",""Describe-Need""]}"
186-1_utt1_intention,186-1,1,agent_1: Why do you need so much firewood?🙂,Discover-Preference,"[0, 0, 0, 1, 0, 0, 0, 0, 0]",['Discover-Preference'],"[0, 0, 0, 1, 0, 0, 0, 0, 0]","{""intents"":[""Discover-Preference""]}"
186-1_utt2_intention,186-1,2,"agent_2: My camping expedition is in the far reaches of the north, away from civilization. I've already lost three fingers to frostbite, and I can ill afford to lose another. In short, I need the firewood - for fire. And warmth.",Describe-Need,"[0, 0, 1, 0, 0, 0, 0, 0, 0]",['Describe-Need'],"[0, 0, 1, 0, 0, 0, 0, 0, 0]","{""intents"":[""Describe-Need""]}"
186-2_utt1_intention,186-2,1,agent_1: Sorry to hear about your problems. Are you going to Canada this time?,"Build-Rapport,Show-Empathy","[1, 0, 0, 0, 0, 0, 0, 1, 0]","['Build-Rapport', 'Show-Empathy']","[1, 0, 0, 0, 0, 0, 0, 1, 0]","{""intents"":[""Build-Rapport"",""Show-Empathy""]}"
186-2_utt2_intention,186-2,2,agent_2: Farther. I'm going so far north that we'll be passing over the north pole and keep going into Siberia.,Build-Rapport,"[1, 0, 0, 0, 0, 0, 0, 0, 0]",['Describe-Need'],"[0, 0, 1, 0, 0, 0, 0, 0, 0]","{""intents"":[""Describe-Need""]}"
186-3_utt1_intention,186-3,1,"agent_1: That sound cool, I mean cold. 🙂",Show-Empathy,"[0, 0, 0, 0, 0, 0, 0, 1, 0]",['Build-Rapport'],"[1, 0, 0, 0, 0, 0, 0, 0, 0]","{""intents"":[""Build-Rapport""]}"
186-3_utt2_intention,186-3,2,agent_2: It will be. And I'm grateful that you recognize the need! Will you do me a solid by permitting me to have these provisions?,No-Intention,"[0, 0, 0, 0, 1, 0, 0, 0, 0]","['Build-Rapport', 'Promote-Coordination']","[1, 0, 0, 0, 0, 0, 1, 0, 0]","{""intents"":[""Build-Rapport"",""Promote-Coordination""]}"
186-4_utt1_intention,186-4,1,"agent_1: I can give you 3 firewood, but only 1 food and no water.",No-Intention,"[0, 0, 0, 0, 1, 0, 0, 0, 0]",['Promote-Coordination'],"[0, 0, 0, 0, 0, 0, 1, 0, 0]","{""intents"":[""Promote-Coordination""]}"
186-4_utt2_intention,186-4,2,agent_2: Good gravy! I will need to cancel the expedition if that's all you have to spare. Can you surely do no better?,Describe-Need,"[0, 0, 1, 0, 0, 0, 0, 0, 0]",['Describe-Need'],"[0, 0, 1, 0, 0, 0, 0, 0, 0]","{""intents"":[""Describe-Need""]}"
186-5_utt1_intention,186-5,1,"agent_1: I do like to have lots of water because I get thirsty on some of my longer hikes. How about I give you 3 firewood, 1 food and 1 water?",Describe-Need,"[0, 0, 1, 0, 0, 0, 0, 0, 0]","['Describe-Need', 'Promote-Coordination']","[0, 0, 1, 0, 0, 0, 1, 0, 0]","{""intents"":[""Describe-Need"", ""Promote-Coordination""]}"
186-5_utt2_intention,186-5,2,"agent_2: I see. I can get by without the water, but I need more food. With 2 food, I will probably need to eat my dog, but I will survive. Will you give me 3 firewood, 2 food, and no water?","Describe-Need,No-Need","[0, 0, 1, 0, 0, 1, 0, 0, 0]",['Describe-Need'],"[0, 0, 1, 0, 0, 0, 0, 0, 0]","{""intents"":[""Describe-Need""]}"
186-6_utt1_intention,186-6,1,agent_1: That sounds good to me. Let's make this deal.,No-Intention,"[0, 0, 0, 0, 1, 0, 0, 0, 0]",['Promote-Coordination'],"[0, 0, 0, 0, 0, 0, 1, 0, 0]","{""intents"":[""Promote-Coordination""]}"
187-0_utt1_intention,187-0,1,agent_1: Hi how are you? I have a few medical issue and do need to stay warm so fire wood is important to me. What is important to you? ,"Build-Rapport,Describe-Need,Discover-Preference","[1, 0, 1, 1, 0, 0, 0, 0, 0]","['Build-Rapport', 'Describe-Need', 'Discover-Preference']","[1, 0, 1, 1, 0, 0, 0, 0, 0]","{""intents"":[""Build-Rapport"",""Describe-Need"",""Discover-Preference""]}"
187-0_utt2_intention,187-0,2,"agent_2: Hello! I also need firewood. It is my highest priority. Then, I need water next as a prority. 🙂",Describe-Need,"[0, 0, 1, 0, 0, 0, 0, 0, 0]","['Build-Rapport', 'Describe-Need']","[1, 0, 1, 0, 0, 0, 0, 0, 0]","{""intents"":[""Build-Rapport"",""Describe-Need""]}"
187-1_utt1_intention,187-1,1,agent_1: Yes that matches with my needs as well I need to stay warm due to health conditions and need plenty of water due to medicines. ,Describe-Need,"[0, 0, 1, 0, 0, 0, 0, 0, 0]",['Describe-Need'],"[0, 0, 1, 0, 0, 0, 0, 0, 0]","{""intents"":[""Describe-Need""]}"
187-1_utt2_intention,187-1,2,agent_2: We could split the firewood and water. I can take two water and one firewood. 🙂,Promote-Coordination,"[0, 0, 0, 0, 0, 0, 1, 0, 0]",['Promote-Coordination'],"[0, 0, 0, 0, 0, 0, 1, 0, 0]","{""intents"":[""Promote-Coordination""]}"
187-2_utt1_intention,187-2,1,agent_1: Ok what about the food? how about you take two and ill take one?,Discover-Preference,"[0, 0, 0, 1, 0, 0, 0, 0, 0]",['Promote-Coordination'],"[0, 0, 0, 0, 0, 0, 1, 0, 0]","{""intents"":[""Promote-Coordination""]}"
187-2_utt2_intention,187-2,2,agent_2: Okay! That sounds good! 🙂,No-Intention,"[0, 0, 0, 0, 1, 0, 0, 0, 0]",['Promote-Coordination'],"[0, 0, 0, 0, 0, 0, 1, 0, 0]","{""intents"":[""Promote-Coordination""]}"
187-3_utt1_intention,187-3,1,"agent_1: Great so we are on the same page. Ill take two fire wood, one water, and one food.",No-Intention,"[0, 0, 0, 0, 1, 0, 0, 0, 0]",['Promote-Coordination'],"[0, 0, 0, 0, 0, 0, 1, 0, 0]","{""intents"":[""Promote-Coordination""]}"
187-3_utt2_intention,187-3,2,agent_2: Okay! Then it's a deal! 🙂,No-Intention,"[0, 0, 0, 0, 1, 0, 0, 0, 0]",['Promote-Coordination'],"[0, 0, 0, 0, 0, 0, 1, 0, 0]","{""intents"":[""Promote-Coordination""]}"
187-4_utt1_intention,187-4,1,"agent_1: Ok you will get one fire wood, two waters, and two foods",No-Intention,"[0, 0, 0, 0, 1, 0, 0, 0, 0]",['Promote-Coordination'],"[0, 0, 0, 0, 0, 0, 1, 0, 0]","{""intents"":[""Promote-Coordination""]}"
187-4_utt2_intention,187-4,2,agent_2: Yes! That is correct! 🙂,No-Intention,"[0, 0, 0, 0, 1, 0, 0, 0, 0]",['Promote-Coordination'],"[0, 0, 0, 0, 0, 0, 1, 0, 0]","{""intents"":[""Promote-Coordination""]}"
188-0_utt1_intention,188-0,1,"agent_2: Hi, what is your highest priority item?",Discover-Preference,"[0, 0, 0, 1, 0, 0, 0, 0, 0]",['Discover-Preference'],"[0, 0, 0, 1, 0, 0, 0, 0, 0]","{""intents"":[""Discover-Preference""]}"
188-0_utt2_intention,188-0,2,"agent_1: I would love to have extra food for my trip, bringing the family! how about you?","Describe-Need,Discover-Preference","[0, 0, 1, 1, 0, 0, 0, 0, 0]","['Describe-Need', 'Discover-Preference']","[0, 0, 1, 1, 0, 0, 0, 0, 0]","{""intents"":[""Describe-Need"",""Discover-Preference""]}"
188-1_utt1_intention,188-1,1,"agent_2: I agree, it will be tricky to find extra food while camping. I'm sure we can figure out something that works for both of us... the water is also very important to me because it's supposed to be hot. There is plenty of wood where I'm going, so you can have the firewood. Would you be willing to take 3 firewood, 1 food and 1 food?","Callout-Fairness,Describe-Need,No-Need,Promote-Coordination","[0, 1, 1, 0, 0, 1, 1, 0, 0]","['Show-Empathy', 'Promote-Coordination', 'Describe-Need', 'No-Need']","[0, 0, 1, 0, 0, 1, 1, 1, 0]","{""intents"":[""Show-Empathy"", ""Promote-Coordination"", ""Describe-Need"", ""No-Need""]}"
188-1_utt2_intention,188-1,2,"agent_1: I would like at least 2 food, how does me getting 2 food, 1 water,2 firewood sound?",No-Intention,"[0, 0, 0, 0, 1, 0, 0, 0, 0]","['Describe-Need', 'Promote-Coordination']","[0, 0, 1, 0, 0, 0, 1, 0, 0]","{""intents"":[""Describe-Need"",""Promote-Coordination""]}"
188-2_utt1_intention,188-2,1,agent_2: I think I can only give away 2 food if you are willing to give up all of the water. How about you take 2 food and 2 firewood? ,Promote-Coordination,"[0, 0, 0, 0, 0, 0, 1, 0, 0]",['Promote-Coordination'],"[0, 0, 0, 0, 0, 0, 1, 0, 0]","{""intents"":[""Promote-Coordination""]}"
188-2_utt2_intention,188-2,2,"agent_1: I think that sounds reasonable, i dont get too thirsty!",No-Need,"[0, 0, 0, 0, 0, 1, 0, 0, 0]",['Promote-Coordination'],"[0, 0, 0, 0, 0, 0, 1, 0, 0]","{""intents"":[""Promote-Coordination""]}"
189-0_utt1_intention,189-0,1,"agent_1: Hello, I'm going camping today and I can't wait!",Build-Rapport,"[1, 0, 0, 0, 0, 0, 0, 0, 0]",['Build-Rapport'],"[1, 0, 0, 0, 0, 0, 0, 0, 0]","{""intents"":[""Build-Rapport""]}"
189-0_utt2_intention,189-0,2,"agent_2: Nice, so are we!",Build-Rapport,"[1, 0, 0, 0, 0, 0, 0, 0, 0]",['Build-Rapport'],"[1, 0, 0, 0, 0, 0, 0, 0, 0]","{""intents"":[""Build-Rapport""]}"
189-1_utt1_intention,189-1,1,agent_1: That is awesome! The one bad thing about my campsite is there's no stream or lake nearby. I'm going to need a lot of it so I can shower/wash up,"Build-Rapport,Describe-Need","[1, 0, 1, 0, 0, 0, 0, 0, 0]","['Build-Rapport', 'Describe-Need']","[1, 0, 1, 0, 0, 0, 0, 0, 0]","{""intents"":[""Build-Rapport"",""Describe-Need""]}"
189-1_utt2_intention,189-1,2,"agent_2: Well I was hoping to grab some extra water as well, Its suppose to be record highs. ",Describe-Need,"[0, 0, 1, 0, 0, 0, 0, 0, 0]",['Describe-Need'],"[0, 0, 1, 0, 0, 0, 0, 0, 0]","{""intents"":[""Describe-Need""]}"
189-2_utt1_intention,189-2,1,agent_1: I'm sure we can figure something out. I'm going to need a good amount of firewood too to cook my food. The good news is I won't need any food 🙂,"Describe-Need,No-Need,Promote-Coordination","[0, 0, 1, 0, 0, 1, 1, 0, 0]","['Promote-Coordination', 'Describe-Need', 'No-Need']","[0, 0, 1, 0, 0, 1, 1, 0, 0]","{""intents"":[""Promote-Coordination"", ""Describe-Need"", ""No-Need""]}"
189-2_utt2_intention,189-2,2,"agent_2: Well I'm not interested in any firewood, I already have plenty, I do need extra food however","Describe-Need,No-Need","[0, 0, 1, 0, 0, 1, 0, 0, 0]","['No-Need', 'Describe-Need']","[0, 0, 1, 0, 0, 1, 0, 0, 0]","{""intents"":[""No-Need"",""Describe-Need""]}"
189-3_utt1_intention,189-3,1,"agent_1: Would you accept 1 water, 1 firewood and 3 food?",No-Intention,"[0, 0, 0, 0, 1, 0, 0, 0, 0]",['Promote-Coordination'],"[0, 0, 0, 0, 0, 0, 1, 0, 0]","{""intents"":[""Promote-Coordination""]}"
189-3_utt2_intention,189-3,2,agent_2: I do believe that will work for me.,No-Intention,"[0, 0, 0, 0, 1, 0, 0, 0, 0]",['Promote-Coordination'],"[0, 0, 0, 0, 0, 0, 1, 0, 0]","{""intents"":[""Promote-Coordination""]}"
189-4_utt1_intention,189-4,1,agent_1: Alright perfect. I appreciate the quick and easy negotiation 🙂,No-Intention,"[0, 0, 0, 0, 1, 0, 0, 0, 0]",['Build-Rapport'],"[1, 0, 0, 0, 0, 0, 0, 0, 0]","{""intents"":[""Build-Rapport""]}"
189-4_utt2_intention,189-4,2,agent_2: Sounds like we have a deal!,No-Intention,"[0, 0, 0, 0, 1, 0, 0, 0, 0]",['Promote-Coordination'],"[0, 0, 0, 0, 0, 0, 1, 0, 0]","{""intents"":[""Promote-Coordination""]}"
190-0_utt1_intention,190-0,1,agent_1: I want all the water and all the food. What do you want?,Discover-Preference,"[0, 0, 0, 1, 0, 0, 0, 0, 0]","['Describe-Need', 'Discover-Preference']","[0, 0, 1, 1, 0, 0, 0, 0, 0]","{""intents"":[""Describe-Need"",""Discover-Preference""]}"
190-0_utt2_intention,190-0,2,agent_2: I would like all food and 1 water,No-Intention,"[0, 0, 0, 0, 1, 0, 0, 0, 0]",['Describe-Need'],"[0, 0, 1, 0, 0, 0, 0, 0, 0]","{""intents"":[""Describe-Need""]}"
190-1_utt1_intention,190-1,1,agent_1: You can have all the water if I can have all the food.,No-Intention,"[0, 0, 0, 0, 1, 0, 0, 0, 0]",['Promote-Coordination'],"[0, 0, 0, 0, 0, 0, 1, 0, 0]","{""intents"":[""Promote-Coordination""]}"
190-1_utt2_intention,190-1,2,"agent_2: how about 2 food for me, 2 water for you?",No-Intention,"[0, 0, 0, 0, 1, 0, 0, 0, 0]",['Promote-Coordination'],"[0, 0, 0, 0, 0, 0, 1, 0, 0]","{""intents"":[""Promote-Coordination""]}"
190-2_utt1_intention,190-2,1,"agent_1: How about 2 food for me, 2 water for me, and you can have everything else",No-Intention,"[0, 0, 0, 0, 1, 0, 0, 0, 0]",['Promote-Coordination'],"[0, 0, 0, 0, 0, 0, 1, 0, 0]","{""intents"":[""Promote-Coordination""]}"
190-2_utt2_intention,190-2,2,agent_2: okay 2 food & 2 water for you 🙂,No-Intention,"[0, 0, 0, 0, 1, 0, 0, 0, 0]",['Promote-Coordination'],"[0, 0, 0, 0, 0, 0, 1, 0, 0]","{""intents"":[""Promote-Coordination""]}"
190-3_utt1_intention,190-3,1,"agent_1: great, that sounds good",No-Intention,"[0, 0, 0, 0, 1, 0, 0, 0, 0]",['Promote-Coordination'],"[0, 0, 0, 0, 0, 0, 1, 0, 0]","{""intents"":[""Promote-Coordination""]}"
190-3_utt2_intention,190-3,2,agent_2: have fun camping,Build-Rapport,"[1, 0, 0, 0, 0, 0, 0, 0, 0]",['Build-Rapport'],"[1, 0, 0, 0, 0, 0, 0, 0, 0]","{""intents"":[""Build-Rapport""]}"
190-4_utt1_intention,190-4,1,"agent_1: I will, my family is big so we wouldn't have had fun  without the extras",Describe-Need,"[0, 0, 1, 0, 0, 0, 0, 0, 0]","['Build-Rapport', 'Describe-Need']","[1, 0, 1, 0, 0, 0, 0, 0, 0]","{""intents"":[""Build-Rapport"",""Describe-Need""]}"
190-4_utt2_intention,190-4,2,agent_2: ha i'll get by,No-Need,"[0, 0, 0, 0, 0, 1, 0, 0, 0]",['No-Intention'],"[0, 0, 0, 0, 1, 0, 0, 0, 0]","{""intents"":[""No-Intention""]}"
191-0_utt1_intention,191-0,1,"agent_2: Hello, I'm hopping I could grab most of the food, I have a lot of hungry mouths to feed.",Describe-Need,"[0, 0, 1, 0, 0, 0, 0, 0, 0]",['Describe-Need'],"[0, 0, 1, 0, 0, 0, 0, 0, 0]","{""intents"":[""Describe-Need""]}"
191-0_utt2_intention,191-0,2,agent_1: Hi - I can understand that. I have quite a few mouths to feed as well,"Describe-Need,Show-Empathy","[0, 0, 1, 0, 0, 0, 0, 1, 0]","['Build-Rapport', 'Describe-Need', 'Show-Empathy']","[1, 0, 1, 0, 0, 0, 0, 1, 0]","{""intents"":[""Build-Rapport"", ""Describe-Need"", ""Show-Empathy""]}"
191-1_utt1_intention,191-1,1,"agent_2: hmmm, well what are you looking to get",Discover-Preference,"[0, 0, 0, 1, 0, 0, 0, 0, 0]",['Discover-Preference'],"[0, 0, 0, 1, 0, 0, 0, 0, 0]","{""intents"":[""Discover-Preference""]}"
191-1_utt2_intention,191-1,2,"agent_1: Well, I think that for us staying warm is more important than having extra food. What if I took extra fire wood and you took extra food?",Describe-Need,"[0, 0, 1, 0, 0, 0, 0, 0, 0]","['Describe-Need', 'Promote-Coordination']","[0, 0, 1, 0, 0, 0, 1, 0, 0]","{""intents"":[""Describe-Need"",""Promote-Coordination""]}"
191-2_utt1_intention,191-2,1,"agent_2: That could work, were not really looking to have a big fire",No-Need,"[0, 0, 0, 0, 0, 1, 0, 0, 0]","['Promote-Coordination', 'No-Need']","[0, 0, 0, 0, 0, 1, 1, 0, 0]","{""intents"":[""Promote-Coordination"", ""No-Need""]}"
191-2_utt2_intention,191-2,2,"agent_1: Where do you stand on water? We're low , and may need extra in case the fires go out of control","Describe-Need,No-Need","[0, 0, 1, 0, 0, 1, 0, 0, 0]","['Describe-Need', 'Discover-Preference']","[0, 0, 1, 1, 0, 0, 0, 0, 0]","{""intents"":[""Describe-Need"", ""Discover-Preference""]}"
191-3_utt1_intention,191-3,1,agent_2: I do need some myself as well,Describe-Need,"[0, 0, 1, 0, 0, 0, 0, 0, 0]",['Describe-Need'],"[0, 0, 1, 0, 0, 0, 0, 0, 0]","{""intents"":[""Describe-Need""]}"
191-3_utt2_intention,191-3,2,agent_1: I suppose it is important - we'll definitely have split that up somehow. ,"Promote-Coordination,Show-Empathy","[0, 0, 0, 0, 0, 0, 1, 1, 0]",['Promote-Coordination'],"[0, 0, 0, 0, 0, 0, 1, 0, 0]","{""intents"":[""Promote-Coordination""]}"
191-4_utt1_intention,191-4,1,"agent_2: Well how about this. I take all the Food, and 1 Water. You get all the Firewood and 2 Water.",No-Intention,"[0, 0, 0, 0, 1, 0, 0, 0, 0]",['Promote-Coordination'],"[0, 0, 0, 0, 0, 0, 1, 0, 0]","{""intents"":[""Promote-Coordination""]}"
191-4_utt2_intention,191-4,2,agent_1: we're definitely thinking alike - That extra water would go a long way to keep us safe and comfortable,Describe-Need,"[0, 0, 1, 0, 0, 0, 0, 0, 0]","['Build-Rapport', 'Describe-Need']","[1, 0, 1, 0, 0, 0, 0, 0, 0]","{""intents"":[""Build-Rapport"", ""Describe-Need""]}"
215-0_utt1_intention,215-0,1,agent_2: Hello!  It will be so nice to go camping and spend some time in nature during this stressful time.,Build-Rapport,"[1, 0, 0, 0, 0, 0, 0, 0, 0]",['Build-Rapport'],"[1, 0, 0, 0, 0, 0, 0, 0, 0]","{""intents"":[""Build-Rapport""]}"
215-0_utt2_intention,215-0,2,agent_1: Yes it is. The scenery is beautiful and it is taking my mind off things. So glad to be here. ,Build-Rapport,"[1, 0, 0, 0, 0, 0, 0, 0, 0]",['Build-Rapport'],"[1, 0, 0, 0, 0, 0, 0, 0, 0]","{""intents"":[""Build-Rapport""]}"
215-1_utt1_intention,215-1,1,agent_2: I am working hard around the camp and getting hungry!,Build-Rapport,"[1, 0, 0, 0, 0, 0, 0, 0, 0]",['Describe-Need'],"[0, 0, 1, 0, 0, 0, 0, 0, 0]","{""intents"":[""Describe-Need""]}"
215-1_utt2_intention,215-1,2,agent_1: You came here to work? I’ve been taking it easy. ,Build-Rapport,"[1, 0, 0, 0, 0, 0, 0, 0, 0]",['Build-Rapport'],"[1, 0, 0, 0, 0, 0, 0, 0, 0]","{""intents"":[""Build-Rapport""]}"
215-2_utt1_intention,215-2,1,"agent_2: LOL, I mean setting up the tent and clearing the area for a campfire. I'll take a break now.",Build-Rapport,"[1, 0, 0, 0, 0, 0, 0, 0, 0]",['Build-Rapport'],"[1, 0, 0, 0, 0, 0, 0, 0, 0]","{""intents"":[""Build-Rapport""]}"
215-2_utt2_intention,215-2,2,agent_1: Sounds good.  I suggest you make a fire and relax. ,Build-Rapport,"[1, 0, 0, 0, 0, 0, 0, 0, 0]","['Build-Rapport', 'Promote-Coordination']","[1, 0, 0, 0, 0, 0, 1, 0, 0]","{""intents"":[""Build-Rapport"",""Promote-Coordination""]}"
215-3_utt1_intention,215-3,1,agent_2: Just need a little more wood.  Then it will be great to cook my dinner on.,Describe-Need,"[0, 0, 1, 0, 0, 0, 0, 0, 0]",['Describe-Need'],"[0, 0, 1, 0, 0, 0, 0, 0, 0]","{""intents"":[""Describe-Need""]}"
215-3_utt2_intention,215-3,2,agent_1: I got some spare wood. I’m a little short on food though. I didn’t pack enough. ,"Describe-Need,Promote-Coordination","[0, 0, 1, 0, 0, 0, 1, 0, 0]","['Promote-Coordination', 'Describe-Need']","[0, 0, 1, 0, 0, 0, 1, 0, 0]","{""intents"":[""Promote-Coordination"",""Describe-Need""]}"
215-4_utt1_intention,215-4,1,"agent_2: Great, we can split the food, how are you on water?","Discover-Preference,Promote-Coordination","[0, 0, 0, 1, 0, 0, 1, 0, 0]","['Promote-Coordination', 'Discover-Preference']","[0, 0, 0, 1, 0, 0, 1, 0, 0]","{""intents"":[""Promote-Coordination"",""Discover-Preference""]}"
215-4_utt2_intention,215-4,2,agent_1: That would be great. I need to have frequent small meals throughout the day so the extra food would help. I have plenty of water. ,"Describe-Need,No-Need","[0, 0, 1, 0, 0, 1, 0, 0, 0]","['Build-Rapport', 'Describe-Need', 'Promote-Coordination']","[1, 0, 1, 0, 0, 0, 1, 0, 0]","{""intents"":[""Build-Rapport"",""Describe-Need"",""Promote-Coordination""]}"
215-5_utt1_intention,215-5,1,"agent_2: alright, so I'll keep the water, and firewood, and give you 2 extra food.  Does that sound like a good deal?","Discover-Preference,Promote-Coordination","[0, 0, 0, 1, 0, 0, 1, 0, 0]",['Promote-Coordination'],"[0, 0, 0, 0, 0, 0, 1, 0, 0]","{""intents"":[""Promote-Coordination""]}"
215-5_utt2_intention,215-5,2,agent_1: I actually need one firewood and one food package. I can give you one water. ,Describe-Need,"[0, 0, 1, 0, 0, 0, 0, 0, 0]",['Describe-Need'],"[0, 0, 1, 0, 0, 0, 0, 0, 0]","{""intents"":[""Describe-Need""]}"
215-6_utt1_intention,215-6,1,agent_2: That sounds great.  Thank you,No-Intention,"[0, 0, 0, 0, 1, 0, 0, 0, 0]",['Build-Rapport'],"[1, 0, 0, 0, 0, 0, 0, 0, 0]","{""intents"":[""Build-Rapport""]}"
216-0_utt1_intention,216-0,1,agent_2: Hello!,Build-Rapport,"[1, 0, 0, 0, 0, 0, 0, 0, 0]",['Build-Rapport'],"[1, 0, 0, 0, 0, 0, 0, 0, 0]","{""intents"":[""Build-Rapport""]}"
216-0_utt2_intention,216-0,2,agent_1: Hey there. How are you doing?,Build-Rapport,"[1, 0, 0, 0, 0, 0, 0, 0, 0]",['Build-Rapport'],"[1, 0, 0, 0, 0, 0, 0, 0, 0]","{""intents"":[""Build-Rapport""]}"
216-1_utt1_intention,216-1,1,agent_2: Great! What do you look for most when camping?,"Build-Rapport,Discover-Preference","[1, 0, 0, 1, 0, 0, 0, 0, 0]","['Build-Rapport', 'Discover-Preference']","[1, 0, 0, 1, 0, 0, 0, 0, 0]","{""intents"":[""Build-Rapport"",""Discover-Preference""]}"
216-1_utt2_intention,216-1,2,agent_1: Definitely water. The weather is so damn hot.,No-Intention,"[0, 0, 0, 0, 1, 0, 0, 0, 0]",['Describe-Need'],"[0, 0, 1, 0, 0, 0, 0, 0, 0]","{""intents"":[""Describe-Need""]}"
216-2_utt1_intention,216-2,1,agent_2: Water is important!! To me firewood is more important as I have anemia and I'm ALWAYS cold lol,Describe-Need,"[0, 0, 1, 0, 0, 0, 0, 0, 0]","['Build-Rapport', 'Describe-Need', 'Show-Empathy']","[1, 0, 1, 0, 0, 0, 0, 1, 0]","{""intents"":[""Build-Rapport"", ""Describe-Need"", ""Show-Empathy""]}"
216-2_utt2_intention,216-2,2,agent_1: Alright. I have a  feeling we will have a deal then. How about you give me two water for a firewood?,Promote-Coordination,"[0, 0, 0, 0, 0, 0, 1, 0, 0]",['Promote-Coordination'],"[0, 0, 0, 0, 0, 0, 1, 0, 0]","{""intents"":[""Promote-Coordination""]}"
216-3_utt1_intention,216-3,1,agent_2: that sounds like a plan,No-Intention,"[0, 0, 0, 0, 1, 0, 0, 0, 0]",['Promote-Coordination'],"[0, 0, 0, 0, 0, 0, 1, 0, 0]","{""intents"":[""Promote-Coordination""]}"
216-3_utt2_intention,216-3,2,agent_1: how many firewood you need? Maybe we could also exchange one food for one more firewood?,Discover-Preference,"[0, 0, 0, 1, 0, 0, 0, 0, 0]","['Discover-Preference', 'Promote-Coordination']","[0, 0, 0, 1, 0, 0, 1, 0, 0]","{""intents"":[""Discover-Preference"",""Promote-Coordination""]}"
216-4_utt1_intention,216-4,1,"agent_2: I would appreciate that, I was thinking of asking that! I would not require much in the way of extra food or water but the fire wood would be important!",No-Need,"[0, 0, 0, 0, 0, 1, 0, 0, 0]",['Describe-Need'],"[0, 0, 1, 0, 0, 0, 0, 0, 0]","{""intents"":[""Describe-Need""]}"
216-4_utt2_intention,216-4,2,agent_1: So I get two water for one firewood and one food for one firewood. So do we have a deal then?,Promote-Coordination,"[0, 0, 0, 0, 0, 0, 1, 0, 0]",['Promote-Coordination'],"[0, 0, 0, 0, 0, 0, 1, 0, 0]","{""intents"":[""Promote-Coordination""]}"
216-5_utt1_intention,216-5,1,"agent_2: sounds like a deal, yes",No-Intention,"[0, 0, 0, 0, 1, 0, 0, 0, 0]",['Promote-Coordination'],"[0, 0, 0, 0, 0, 0, 1, 0, 0]","{""intents"":[""Promote-Coordination""]}"
216-5_utt2_intention,216-5,2,agent_1: Alright sir. It was a pleasure doing business with you.,No-Intention,"[0, 0, 0, 0, 1, 0, 0, 0, 0]",['Build-Rapport'],"[1, 0, 0, 0, 0, 0, 0, 0, 0]","{""intents"":[""Build-Rapport""]}"
217-0_utt1_intention,217-0,1,"agent_2: Hello, how are you? 🙂",Build-Rapport,"[1, 0, 0, 0, 0, 0, 0, 0, 0]",['Build-Rapport'],"[1, 0, 0, 0, 0, 0, 0, 0, 0]","{""intents"":[""Build-Rapport""]}"
217-0_utt2_intention,217-0,2,"agent_1: I'm good, how are you doing today?",Build-Rapport,"[1, 0, 0, 0, 0, 0, 0, 0, 0]",['Build-Rapport'],"[1, 0, 0, 0, 0, 0, 0, 0, 0]","{""intents"":[""Build-Rapport""]}"
217-1_utt1_intention,217-1,1,agent_2: I'm doing great!  I'm on the first camping trip with my five children.,Build-Rapport,"[1, 0, 0, 0, 0, 0, 0, 0, 0]",['Build-Rapport'],"[1, 0, 0, 0, 0, 0, 0, 0, 0]","{""intents"":[""Build-Rapport""]}"
217-1_utt2_intention,217-1,2,"agent_1: Wow, that's amazing. My parents took me camping when I was young. Now we going hiking every other weekend. What do you plan on doing?",Build-Rapport,"[1, 0, 0, 0, 0, 0, 0, 0, 0]","['Build-Rapport', 'Discover-Preference']","[1, 0, 0, 1, 0, 0, 0, 0, 0]","{""intents"":[""Build-Rapport"",""Discover-Preference""]}"
217-2_utt1_intention,217-2,1,"agent_2: That sounds like so much fun!  I hope we get to hike some.  I have my four month old baby with us which is exciting.  I'm worried I didn't bring enough water for his bottles, though.","Build-Rapport,Describe-Need","[1, 0, 1, 0, 0, 0, 0, 0, 0]","['Build-Rapport', 'Describe-Need']","[1, 0, 1, 0, 0, 0, 0, 0, 0]","{""intents"":[""Build-Rapport"", ""Describe-Need""]}"
217-2_utt2_intention,217-2,2,"agent_1: That sucks, you need to be hydrated. What supplies do you require? My family loves to grill, so we do require food.","Describe-Need,Discover-Preference,Show-Empathy","[0, 0, 1, 1, 0, 0, 0, 1, 0]","['Show-Empathy', 'Discover-Preference', 'Describe-Need']","[0, 0, 1, 1, 0, 0, 0, 1, 0]","{""intents"":[""Show-Empathy"", ""Discover-Preference"", ""Describe-Need""]}"
217-3_utt1_intention,217-3,1,agent_2: Grilling is so much fun!  We left our grill at home so we can't really do that.  I will trade you some food for some water if you would like?,"Build-Rapport,Promote-Coordination","[1, 0, 0, 0, 0, 0, 1, 0, 0]","['Build-Rapport', 'Describe-Need', 'Promote-Coordination']","[1, 0, 1, 0, 0, 0, 1, 0, 0]","{""intents"":[""Build-Rapport"", ""Describe-Need"", ""Promote-Coordination""]}"
217-3_utt2_intention,217-3,2,agent_1: sure that sounds fair,Callout-Fairness,"[0, 1, 0, 0, 0, 0, 0, 0, 0]","['Callout-Fairness', 'Promote-Coordination']","[0, 1, 0, 0, 0, 0, 1, 0, 0]","{""intents"":[""Callout-Fairness"",""Promote-Coordination""]}"
217-4_utt1_intention,217-4,1,"agent_2: Ok, do you have any interest in any fire wood?",Discover-Preference,"[0, 0, 0, 1, 0, 0, 0, 0, 0]",['Discover-Preference'],"[0, 0, 0, 1, 0, 0, 0, 0, 0]","{""intents"":[""Discover-Preference""]}"
217-4_utt2_intention,217-4,2,"agent_1: I do need firewood, we cook over open flames. 😮How you get 2 water, 1 food and 1 firewood?",Describe-Need,"[0, 0, 1, 0, 0, 0, 0, 0, 0]","['Describe-Need', 'Promote-Coordination']","[0, 0, 1, 0, 0, 0, 1, 0, 0]","{""intents"":[""Describe-Need"",""Promote-Coordination""]}"
217-5_utt1_intention,217-5,1,"agent_2: How about if I give you 3 food for 3 waters, and then we split the firewood?",Promote-Coordination,"[0, 0, 0, 0, 0, 0, 1, 0, 0]",['Promote-Coordination'],"[0, 0, 0, 0, 0, 0, 1, 0, 0]","{""intents"":[""Promote-Coordination""]}"
217-5_utt2_intention,217-5,2,"agent_1: I do require at least one water, hiking is very physical demanding. Also there are 3 firewoods?",Describe-Need,"[0, 0, 1, 0, 0, 0, 0, 0, 0]","['Describe-Need', 'Discover-Preference']","[0, 0, 1, 1, 0, 0, 0, 0, 0]","{""intents"":[""Describe-Need"",""Discover-Preference""]}"
217-6_utt1_intention,217-6,1,"agent_2: yes there are 3 firewoods.  Okay I understand about the water.  then how about 2 foods for 2 waters, and we somehow divide the three firewoods? 🙂","Promote-Coordination,Show-Empathy","[0, 0, 0, 0, 0, 0, 1, 1, 0]","['Show-Empathy', 'Promote-Coordination']","[0, 0, 0, 0, 0, 0, 1, 1, 0]","{""intents"":[""Show-Empathy"", ""Promote-Coordination""]}"
217-6_utt2_intention,217-6,2,agent_1: Could I possibly get 2 firewoods? Assuming Water is your high value item?,No-Intention,"[0, 0, 0, 0, 1, 0, 0, 0, 0]","['Discover-Preference', 'Promote-Coordination']","[0, 0, 0, 1, 0, 0, 1, 0, 0]","{""intents"":[""Discover-Preference"", ""Promote-Coordination""]}"
217-7_utt1_intention,217-7,1,"agent_2: Sure, we can do that",No-Intention,"[0, 0, 0, 0, 1, 0, 0, 0, 0]",['Promote-Coordination'],"[0, 0, 0, 0, 0, 0, 1, 0, 0]","{""intents"":[""Promote-Coordination""]}"
218-0_utt1_intention,218-0,1,agent_2: Hello I would like to have two bottles of water and in trade will take 1 food and firewood for a higher amount of water.,No-Intention,"[0, 0, 0, 0, 1, 0, 0, 0, 0]",['Discover-Preference'],"[0, 0, 0, 1, 0, 0, 0, 0, 0]","{""intents"":[""Discover-Preference""]}"
218-0_utt2_intention,218-0,2,agent_1: Hello. I would consider giving you 2 waters for 3 firewood and 2 food. I have a large family so the additional firewood will help with warmth and cooking food. 🙂,Describe-Need,"[0, 0, 1, 0, 0, 0, 0, 0, 0]","['Build-Rapport', 'Describe-Need']","[1, 0, 1, 0, 0, 0, 0, 0, 0]","{""intents"":[""Build-Rapport"", ""Describe-Need""]}"
218-1_utt1_intention,218-1,1,agent_2: That sounds like you could  really use the extra warmth for your family,Show-Empathy,"[0, 0, 0, 0, 0, 0, 0, 1, 0]","['Build-Rapport', 'Show-Empathy']","[1, 0, 0, 0, 0, 0, 0, 1, 0]","{""intents"":[""Build-Rapport"",""Show-Empathy""]}"
218-1_utt2_intention,218-1,2,agent_1: Yes it is very much needed. My family doesn't have a lot of extra bedding so having the warmth of a fire will help make sure we don't get cold at night 🙂,Describe-Need,"[0, 0, 1, 0, 0, 0, 0, 0, 0]","['Build-Rapport', 'Describe-Need']","[1, 0, 1, 0, 0, 0, 0, 0, 0]","{""intents"":[""Build-Rapport"",""Describe-Need""]}"
218-2_utt1_intention,218-2,1,agent_2: Okay I am willing to take your offer as I think you need the firewood more than me and I could use the extra water for hygiene related issues.,"Describe-Need,Show-Empathy","[0, 0, 1, 0, 0, 0, 0, 1, 0]","['Describe-Need', 'Promote-Coordination']","[0, 0, 1, 0, 0, 0, 1, 0, 0]","{""intents"":[""Describe-Need"",""Promote-Coordination""]}"
218-2_utt2_intention,218-2,2,agent_1: Thank you! I am grateful! ,No-Intention,"[0, 0, 0, 0, 1, 0, 0, 0, 0]",['Build-Rapport'],"[1, 0, 0, 0, 0, 0, 0, 0, 0]","{""intents"":[""Build-Rapport""]}"
218-3_utt1_intention,218-3,1,agent_2: You are very welcome!,No-Intention,"[0, 0, 0, 0, 1, 0, 0, 0, 0]",['Build-Rapport'],"[1, 0, 0, 0, 0, 0, 0, 0, 0]","{""intents"":[""Build-Rapport""]}"
218-3_utt2_intention,218-3,2,agent_1: I'm looking forward to this camping trip now knowing that we will have enough firewood to last🙂,Build-Rapport,"[1, 0, 0, 0, 0, 0, 0, 0, 0]",['Build-Rapport'],"[1, 0, 0, 0, 0, 0, 0, 0, 0]","{""intents"":[""Build-Rapport""]}"
218-4_utt1_intention,218-4,1,agent_2: Me too. Now that I have everything I really wanted it will be a blast. Have fun maybe I'll see you out there.,Build-Rapport,"[1, 0, 0, 0, 0, 0, 0, 0, 0]",['Build-Rapport'],"[1, 0, 0, 0, 0, 0, 0, 0, 0]","{""intents"":[""Build-Rapport""]}"
218-4_utt2_intention,218-4,2,agent_1: Thank you! You too! Stay safe🙂,No-Intention,"[0, 0, 0, 0, 1, 0, 0, 0, 0]",['Build-Rapport'],"[1, 0, 0, 0, 0, 0, 0, 0, 0]","{""intents"":[""Build-Rapport""]}"
415-0_utt1_intention,415-0,1,"agent_2: I think we'll both need each of the three items, but we can't split them evenly. How about I take 2 waters, 2 firewoods, and a food. You can have two food packages, a water, and a firewood.",Callout-Fairness,"[0, 1, 0, 0, 0, 0, 0, 0, 0]","['Describe-Need', 'Promote-Coordination']","[0, 0, 1, 0, 0, 0, 1, 0, 0]","{""intents"":[""Describe-Need"",""Promote-Coordination""]}"
415-0_utt2_intention,415-0,2,"agent_1: hi bro, 2 water for 2 firewood 1 food for me",No-Intention,"[0, 0, 0, 0, 1, 0, 0, 0, 0]","['Build-Rapport', 'Promote-Coordination']","[1, 0, 0, 0, 0, 0, 1, 0, 0]","{""intents"":[""Build-Rapport"",""Promote-Coordination""]}"
415-1_utt1_intention,415-1,1,"agent_2: Do you need the extra water? I get super thirsty and I'd be willing to give up another firewood to get an extra water, while we still get at least one of each.","Describe-Need,Promote-Coordination,Undermine-Requirements","[0, 0, 1, 0, 0, 0, 1, 0, 1]","['Discover-Preference', 'Describe-Need']","[0, 0, 1, 1, 0, 0, 0, 0, 0]","{""intents"":[""Discover-Preference"", ""Describe-Need""]}"
415-1_utt2_intention,415-1,2,"agent_1: bro pls givene me two water for me,",No-Intention,"[0, 0, 0, 0, 1, 0, 0, 0, 0]",['Describe-Need'],"[0, 0, 1, 0, 0, 0, 0, 0, 0]","{""intents"":[""Describe-Need""]}"
415-2_utt1_intention,415-2,1,"agent_2: Are you sure you won't get hungry? I am open to giving you the two waters, but I want to make sure its the best deal for you. I would want 2 firewoods and 2 foods in exchange.","Promote-Coordination,Show-Empathy","[0, 0, 0, 0, 0, 0, 1, 1, 0]","['Discover-Preference', 'Promote-Coordination']","[0, 0, 0, 1, 0, 0, 1, 0, 0]","{""intents"":[""Discover-Preference"", ""Promote-Coordination""]}"
415-2_utt2_intention,415-2,2,"agent_1: brother  k ,  bro  2 water and 2 wire wood 1 firewood can you given?",No-Intention,"[0, 0, 0, 0, 1, 0, 0, 0, 0]",['Promote-Coordination'],"[0, 0, 0, 0, 0, 0, 1, 0, 0]","{""intents"":[""Promote-Coordination""]}"
415-3_utt1_intention,415-3,1,"agent_2: I think that that is acceptable to me. I want to make sure we both understand: I get 1 Water, 2 Firewood, 2 Food Packages. You get 2 Waters, 1 Firewood, 1 Food Package. I will have to ration my water, but I think the extra comfort is worth it. Does this work for you? ",Callout-Fairness,"[0, 1, 0, 0, 0, 0, 0, 0, 0]",['Promote-Coordination'],"[0, 0, 0, 0, 0, 0, 1, 0, 0]","{""intents"":[""Promote-Coordination""]}"
415-3_utt2_intention,415-3,2,"agent_1: bro its not profitable ratiobro gave 3 water 1 firewood, remaning you can take",Callout-Fairness,"[0, 1, 0, 0, 0, 0, 0, 0, 0]",['Callout-Fairness'],"[0, 1, 0, 0, 0, 0, 0, 0, 0]","{""intents"":[""Callout-Fairness""]}"
415-4_utt1_intention,415-4,1,agent_2: Won't you feel hungry? I'll accept that deal if we can exchange one water for one food package. That still leaves you with two waters. I think that's the least I'm willing to accept.,"Callout-Fairness,Promote-Coordination,Show-Empathy","[0, 1, 0, 0, 0, 0, 1, 1, 0]","['Describe-Need', 'Promote-Coordination']","[0, 0, 1, 0, 0, 0, 1, 0, 0]","{""intents"":[""Describe-Need"",""Promote-Coordination""]}"
415-4_utt2_intention,415-4,2,"agent_1: brother i will try to balancing, can we please go for this deal, 3 water 1 firewood , pls consider me as your sister ",Callout-Fairness,"[0, 1, 0, 0, 0, 0, 0, 0, 0]","['Build-Rapport', 'Promote-Coordination']","[1, 0, 0, 0, 0, 0, 1, 0, 0]","{""intents"":[""Build-Rapport"",""Promote-Coordination""]}"
415-5_utt1_intention,415-5,1,"agent_2: On the next round, I will give you 1 food packages, 2 firewoods, and 2 waters. I will take 1 water, 1 firewood and 2 foods. That is my last offer or I will walk (bad for both of us). Nice negotiating!",No-Intention,"[0, 0, 0, 0, 1, 0, 0, 0, 0]",['Promote-Coordination'],"[0, 0, 0, 0, 0, 0, 1, 0, 0]","{""intents"":[""Promote-Coordination""]}"
415-5_utt2_intention,415-5,2,agent_1: k bro send me it on that table,No-Intention,"[0, 0, 0, 0, 1, 0, 0, 0, 0]",['Promote-Coordination'],"[0, 0, 0, 0, 0, 0, 1, 0, 0]","{""intents"":[""Promote-Coordination""]}"
416-0_utt1_intention,416-0,1,"agent_2: Hello, how are you today?",Build-Rapport,"[1, 0, 0, 0, 0, 0, 0, 0, 0]",['Build-Rapport'],"[1, 0, 0, 0, 0, 0, 0, 0, 0]","{""intents"":[""Build-Rapport""]}"
416-0_utt2_intention,416-0,2,agent_1: Good!  How are you?  Ready to go camping?,Build-Rapport,"[1, 0, 0, 0, 0, 0, 0, 0, 0]",['Build-Rapport'],"[1, 0, 0, 0, 0, 0, 0, 0, 0]","{""intents"":[""Build-Rapport""]}"
416-1_utt1_intention,416-1,1,agent_2: I'm doing well. I can't wait to go camping,Build-Rapport,"[1, 0, 0, 0, 0, 0, 0, 0, 0]",['Build-Rapport'],"[1, 0, 0, 0, 0, 0, 0, 0, 0]","{""intents"":[""Build-Rapport""]}"
416-1_utt2_intention,416-1,2,agent_1: I am usually not much of a camper!  I will start with an offer if that is ok with you.,Build-Rapport,"[1, 0, 0, 0, 0, 0, 0, 0, 0]","['Build-Rapport', 'Promote-Coordination']","[1, 0, 0, 0, 0, 0, 1, 0, 0]","{""intents"":[""Build-Rapport"",""Promote-Coordination""]}"
416-2_utt1_intention,416-2,1,agent_2: sure,No-Intention,"[0, 0, 0, 0, 1, 0, 0, 0, 0]",['Promote-Coordination'],"[0, 0, 0, 0, 0, 0, 1, 0, 0]","{""intents"":[""Promote-Coordination""]}"
416-2_utt2_intention,416-2,2,"agent_1: I suggest I take 2 water, 2 food and 1 firewood.",No-Intention,"[0, 0, 0, 0, 1, 0, 0, 0, 0]",['Promote-Coordination'],"[0, 0, 0, 0, 0, 0, 1, 0, 0]","{""intents"":[""Promote-Coordination""]}"
416-3_utt1_intention,416-3,1,"agent_2: can't do that, I would need 2 water, 2 food don't need firewood.",No-Intention,"[0, 0, 0, 0, 1, 0, 0, 0, 0]","['Describe-Need', 'No-Need']","[0, 0, 1, 0, 0, 1, 0, 0, 0]","{""intents"":[""Describe-Need"",""No-Need""]}"
416-3_utt2_intention,416-3,2,agent_1: No one wants firewood!  Guess no s’mores!,No-Intention,"[0, 0, 0, 0, 1, 0, 0, 0, 0]",['No-Need'],"[0, 0, 0, 0, 0, 1, 0, 0, 0]","{""intents"":[""No-Need""]}"
416-4_utt1_intention,416-4,1,agent_2: It's bad for the environment,No-Intention,"[0, 0, 0, 0, 1, 0, 0, 0, 0]",['Undermine-Requirements'],"[0, 0, 0, 0, 0, 0, 0, 0, 1]","{""intents"":[""Undermine-Requirements""]}"
416-4_utt2_intention,416-4,2,"agent_1: How about I take 1 water, 2 food and 3 firewood",No-Intention,"[0, 0, 0, 0, 1, 0, 0, 0, 0]",['Promote-Coordination'],"[0, 0, 0, 0, 0, 0, 1, 0, 0]","{""intents"":[""Promote-Coordination""]}"
416-5_utt1_intention,416-5,1,agent_2: I'm good with that,No-Intention,"[0, 0, 0, 0, 1, 0, 0, 0, 0]",['Promote-Coordination'],"[0, 0, 0, 0, 0, 0, 1, 0, 0]","{""intents"":[""Promote-Coordination""]}"
417-0_utt1_intention,417-0,1,"agent_2: Hi! I am interesting in claiming all 3 of the water, as well as 2 firewood and 1 food. Does this work for you?",No-Intention,"[0, 0, 0, 0, 1, 0, 0, 0, 0]",['Promote-Coordination'],"[0, 0, 0, 0, 0, 0, 1, 0, 0]","{""intents"":[""Promote-Coordination""]}"
417-0_utt2_intention,417-0,2,agent_1: No I need more firewood,No-Intention,"[0, 0, 0, 0, 1, 0, 0, 0, 0]",['Describe-Need'],"[0, 0, 1, 0, 0, 0, 0, 0, 0]","{""intents"":[""Describe-Need""]}"
417-1_utt1_intention,417-1,1,"agent_2: Okay, can I ask why the firewood is important for you? 🙂",No-Intention,"[0, 0, 0, 0, 1, 0, 0, 0, 0]",['Discover-Preference'],"[0, 0, 0, 1, 0, 0, 0, 0, 0]","{""intents"":[""Discover-Preference""]}"
417-1_utt2_intention,417-1,2,agent_1: You can find more wood in the forest but I'm going somewhere where there's not a loot of trees ☹️,"Describe-Need,Undermine-Requirements","[0, 0, 1, 0, 0, 0, 0, 0, 1]",['Describe-Need'],"[0, 0, 1, 0, 0, 0, 0, 0, 0]","{""intents"":[""Describe-Need""]}"
417-2_utt1_intention,417-2,1,agent_2: That makes sense. What if you took 2 firewood in exchange for 1 additional food?,Promote-Coordination,"[0, 0, 0, 0, 0, 0, 1, 0, 0]","['Show-Empathy', 'Promote-Coordination']","[0, 0, 0, 0, 0, 0, 1, 1, 0]","{""intents"":[""Show-Empathy"",""Promote-Coordination""]}"
417-2_utt2_intention,417-2,2,agent_1: you can have 3 food,No-Intention,"[0, 0, 0, 0, 1, 0, 0, 0, 0]",['Promote-Coordination'],"[0, 0, 0, 0, 0, 0, 1, 0, 0]","{""intents"":[""Promote-Coordination""]}"
417-3_utt1_intention,417-3,1,"agent_2: Alright🙂 From what I understand, that means that you would take 3 firewood, and I would take 3 water and 3 food. Is this your understanding as well?",No-Intention,"[0, 0, 0, 0, 1, 0, 0, 0, 0]",['Promote-Coordination'],"[0, 0, 0, 0, 0, 0, 1, 0, 0]","{""intents"":[""Promote-Coordination""]}"
417-3_utt2_intention,417-3,2,agent_1: Can we split the water? You can have 2,Callout-Fairness,"[0, 1, 0, 0, 0, 0, 0, 0, 0]",['Promote-Coordination'],"[0, 0, 0, 0, 0, 0, 1, 0, 0]","{""intents"":[""Promote-Coordination""]}"
417-4_utt1_intention,417-4,1,"agent_2: I would prefer to have all 3 water, but I think I can make an exception since you have offered me all 3 food 🙂 Just to confirm, this means that you get 3 firewood and 1 water and I get 2 water and 3 food. Correct?",Callout-Fairness,"[0, 1, 0, 0, 0, 0, 0, 0, 0]",['Promote-Coordination'],"[0, 0, 0, 0, 0, 0, 1, 0, 0]","{""intents"":[""Promote-Coordination""]}"
417-4_utt2_intention,417-4,2,agent_1: Yes 🙂 Do you want to make a deal?,No-Intention,"[0, 0, 0, 0, 1, 0, 0, 0, 0]",['Promote-Coordination'],"[0, 0, 0, 0, 0, 0, 1, 0, 0]","{""intents"":[""Promote-Coordination""]}"
417-5_utt1_intention,417-5,1,agent_2: Sure 🙂,No-Intention,"[0, 0, 0, 0, 1, 0, 0, 0, 0]",['Promote-Coordination'],"[0, 0, 0, 0, 0, 0, 1, 0, 0]","{""intents"":[""Promote-Coordination""]}"
417-5_utt2_intention,417-5,2,agent_1: Thanks good negotiating with you! 😮,Build-Rapport,"[1, 0, 0, 0, 0, 0, 0, 0, 0]",['Build-Rapport'],"[1, 0, 0, 0, 0, 0, 0, 0, 0]","{""intents"":[""Build-Rapport""]}"
418-0_utt1_intention,418-0,1,agent_2: Hi. Can you help me get supplies for my camping trip?🙂,Build-Rapport,"[1, 0, 0, 0, 0, 0, 0, 0, 0]","['Build-Rapport', 'Describe-Need']","[1, 0, 1, 0, 0, 0, 0, 0, 0]","{""intents"":[""Build-Rapport"",""Describe-Need""]}"
418-0_utt2_intention,418-0,2,agent_1: Hello fellow camper! I'm pretty sure I can help you. 🙂,Build-Rapport,"[1, 0, 0, 0, 0, 0, 0, 0, 0]",['Build-Rapport'],"[1, 0, 0, 0, 0, 0, 0, 0, 0]","{""intents"":[""Build-Rapport""]}"
418-1_utt1_intention,418-1,1,"agent_2: Okay, great! What do you need the most?",Discover-Preference,"[0, 0, 0, 1, 0, 0, 0, 0, 0]",['Discover-Preference'],"[0, 0, 0, 1, 0, 0, 0, 0, 0]","{""intents"":[""Discover-Preference""]}"
418-1_utt2_intention,418-1,2,"agent_1: I am looking for food, me and the kiddos need to eat many snacks for energy while exploring hiking trails. What about?","Describe-Need,Discover-Preference","[0, 0, 1, 1, 0, 0, 0, 0, 0]","['Describe-Need', 'Discover-Preference']","[0, 0, 1, 1, 0, 0, 0, 0, 0]","{""intents"":[""Describe-Need"",""Discover-Preference""]}"
418-2_utt1_intention,418-2,1,"agent_2: Okay, that makes sense. I really need water. I am willing to trade you all 3 of the food if you will give me all of the water. What do you think?",Promote-Coordination,"[0, 0, 0, 0, 0, 0, 1, 0, 0]","['Describe-Need', 'Promote-Coordination']","[0, 0, 1, 0, 0, 0, 1, 0, 0]","{""intents"":[""Describe-Need"", ""Promote-Coordination""]}"
418-2_utt2_intention,418-2,2,agent_1: I think that sounds okay but I need at least one water please?,Callout-Fairness,"[0, 1, 0, 0, 0, 0, 0, 0, 0]",['Describe-Need'],"[0, 0, 1, 0, 0, 0, 0, 0, 0]","{""intents"":[""Describe-Need""]}"
418-3_utt1_intention,418-3,1,agent_2: If you want one water you can only have 2 foods. Do you really need the water? It sounds like food is a much more important item to you🙂,Undermine-Requirements,"[0, 0, 0, 0, 0, 0, 0, 0, 1]",['Discover-Preference'],"[0, 0, 0, 1, 0, 0, 0, 0, 0]","{""intents"":[""Discover-Preference""]}"
418-3_utt2_intention,418-3,2,agent_1: Ok I will take 3 food and 3 firewood and you can all 3 water? 🙂,No-Intention,"[0, 0, 0, 0, 1, 0, 0, 0, 0]",['Promote-Coordination'],"[0, 0, 0, 0, 0, 0, 1, 0, 0]","{""intents"":[""Promote-Coordination""]}"
418-4_utt1_intention,418-4,1,agent_2: No. I will need 1 firewood to agree to this deal. Otherwise it seems a bit unfair to me.,Callout-Fairness,"[0, 1, 0, 0, 0, 0, 0, 0, 0]","['Callout-Fairness', 'Describe-Need']","[0, 1, 1, 0, 0, 0, 0, 0, 0]","{""intents"":[""Callout-Fairness"",""Describe-Need""]}"
418-4_utt2_intention,418-4,2,agent_1: Ok I can work with that. I am so excited for my camping trip I can't seem to type a clear sentence lol 🙂,Build-Rapport,"[1, 0, 0, 0, 0, 0, 0, 0, 0]","['Build-Rapport', 'Promote-Coordination']","[1, 0, 0, 0, 0, 0, 1, 0, 0]","{""intents"":[""Build-Rapport"",""Promote-Coordination""]}"
419-0_utt1_intention,419-0,1,agent_1: Hi - I'm so excited for our camping trip.  I'm most excited about getting to eat food that I normally don't when I am home,"Build-Rapport,Describe-Need","[1, 0, 1, 0, 0, 0, 0, 0, 0]",['Build-Rapport'],"[1, 0, 0, 0, 0, 0, 0, 0, 0]","{""intents"":[""Build-Rapport""]}"
419-0_utt2_intention,419-0,2,agent_2: Ooh what kind of food?! Like MRE? I'm going to need lots of water because I'm going to the High Desert.,Describe-Need,"[0, 0, 1, 0, 0, 0, 0, 0, 0]","['Discover-Preference', 'Describe-Need']","[0, 0, 1, 1, 0, 0, 0, 0, 0]","{""intents"":[""Discover-Preference"", ""Describe-Need""]}"
419-1_utt1_intention,419-1,1,"agent_1: Hello! camper, how are you? I need us to make a deal where we all benefit.","Build-Rapport,Callout-Fairness,Promote-Coordination","[1, 1, 0, 0, 0, 0, 1, 0, 0]","['Build-Rapport', 'Promote-Coordination']","[1, 0, 0, 0, 0, 0, 1, 0, 0]","{""intents"":[""Build-Rapport"",""Promote-Coordination""]}"
419-1_utt2_intention,419-1,2,"agent_2: Yes, I expect that! You need food most and I need water, so let's propose an exact trade? 3 for 3?",Promote-Coordination,"[0, 0, 0, 0, 0, 0, 1, 0, 0]","['Describe-Need', 'Promote-Coordination']","[0, 0, 1, 0, 0, 0, 1, 0, 0]","{""intents"":[""Describe-Need"",""Promote-Coordination""]}"
419-2_utt1_intention,419-2,1,"agent_1: My main objective for the camp is food and firewood, since I have a large family and the amount of food they give in the camp is very small for all my family and my wife and I have to cook with firewood in the camp.",Describe-Need,"[0, 0, 1, 0, 0, 0, 0, 0, 0]",['Describe-Need'],"[0, 0, 1, 0, 0, 0, 0, 0, 0]","{""intents"":[""Describe-Need""]}"
419-2_utt2_intention,419-2,2,"agent_2: I understand completely. I would like to have all three water, and I'm only traveling with just me, so how about 1 firewood? The rest for you.",Show-Empathy,"[0, 0, 0, 0, 0, 0, 0, 1, 0]","['Show-Empathy', 'Describe-Need', 'Promote-Coordination']","[0, 0, 1, 0, 0, 0, 1, 1, 0]","{""intents"":[""Show-Empathy"", ""Describe-Need"", ""Promote-Coordination""]}"
419-3_utt1_intention,419-3,1,"agent_1: No me gusta mucho el trato, pero para eso debemos hablar y decidir como adultos un buen trato para los dos. Lo que queremos es disfrutar en el campamento.","Build-Rapport,Callout-Fairness","[1, 1, 0, 0, 0, 0, 0, 0, 0]","['Callout-Fairness', 'Promote-Coordination']","[0, 1, 0, 0, 0, 0, 1, 0, 0]","{""intents"":[""Callout-Fairness"",""Promote-Coordination""]}"
419-3_utt2_intention,419-3,2,agent_2: I do not understand spanish. Please speak to me in English.,Build-Rapport,"[1, 0, 0, 0, 0, 0, 0, 0, 0]",['Promote-Coordination'],"[0, 0, 0, 0, 0, 0, 1, 0, 0]","{""intents"":[""Promote-Coordination""]}"
419-4_utt1_intention,419-4,1,"agent_1: Sorry I'm practicing my Spanish for the camp. I do not like the deal very much, but for that we must talk and decide as adults a good deal for both of us. What we want is to enjoy in the camp.","Build-Rapport,Callout-Fairness","[1, 1, 0, 0, 0, 0, 0, 0, 0]","['Callout-Fairness', 'Promote-Coordination']","[0, 1, 0, 0, 0, 0, 1, 0, 0]","{""intents"":[""Callout-Fairness"",""Promote-Coordination""]}"
419-4_utt2_intention,419-4,2,"agent_2: By giving you all three food and 2 of the three firewood, you're definitely getting much more than I am.",No-Intention,"[0, 0, 0, 0, 1, 0, 0, 0, 0]",['Callout-Fairness'],"[0, 1, 0, 0, 0, 0, 0, 0, 0]","{""intents"":[""Callout-Fairness""]}"
419-5_utt1_intention,419-5,1,"agent_1: I can give you all the food you need (3), if you give me all the firewood I need (3) and we agree on the amount of water.",Promote-Coordination,"[0, 0, 0, 0, 0, 0, 1, 0, 0]",['Promote-Coordination'],"[0, 0, 0, 0, 0, 0, 1, 0, 0]","{""intents"":[""Promote-Coordination""]}"
419-5_utt2_intention,419-5,2,"agent_1: I can give him all the water he needs (3), and I keep all the firewood I need (3) and we just need to agree on the food.",Callout-Fairness,"[0, 1, 0, 0, 0, 0, 0, 0, 0]","['Describe-Need', 'Promote-Coordination']","[0, 0, 1, 0, 0, 0, 1, 0, 0]","{""intents"":[""Describe-Need"",""Promote-Coordination""]}"
420-0_utt1_intention,420-0,1,agent_1: Hello!,No-Intention,"[0, 0, 0, 0, 1, 0, 0, 0, 0]",['Build-Rapport'],"[1, 0, 0, 0, 0, 0, 0, 0, 0]","{""intents"":[""Build-Rapport""]}"
420-0_utt2_intention,420-0,2,"agent_2: Hello! Yay, we get to camp!",Build-Rapport,"[1, 0, 0, 0, 0, 0, 0, 0, 0]",['Build-Rapport'],"[1, 0, 0, 0, 0, 0, 0, 0, 0]","{""intents"":[""Build-Rapport""]}"
420-1_utt1_intention,420-1,1,agent_1: Heck yes! I am excited. How about you?,Build-Rapport,"[1, 0, 0, 0, 0, 0, 0, 0, 0]",['Build-Rapport'],"[1, 0, 0, 0, 0, 0, 0, 0, 0]","{""intents"":[""Build-Rapport""]}"
420-1_utt2_intention,420-1,2,"agent_2: I can't wait 🙂 Let's talk about these supplies. I've got hungry mouths to feed, Can I take the food and you can have half the firewood and all the water?","Build-Rapport,Describe-Need","[1, 0, 1, 0, 0, 0, 0, 0, 0]","['Build-Rapport', 'Describe-Need', 'Promote-Coordination']","[1, 0, 1, 0, 0, 0, 1, 0, 0]","{""intents"":[""Build-Rapport"",""Describe-Need"",""Promote-Coordination""]}"
420-2_utt1_intention,420-2,1,"agent_1: Hmm, I need food too. I am willing to split. I will give you 2 food since you claimed it first. Can I have 2 waters then?",Promote-Coordination,"[0, 0, 0, 0, 0, 0, 1, 0, 0]","['Describe-Need', 'Promote-Coordination']","[0, 0, 1, 0, 0, 0, 1, 0, 0]","{""intents"":[""Describe-Need"",""Promote-Coordination""]}"
420-2_utt2_intention,420-2,2,"agent_2: That's fair, but I have wiggle room on the water, how about I take two food, two firewood and you take 3 water, 1 food, 1 firewood?",Callout-Fairness,"[0, 1, 0, 0, 0, 0, 0, 0, 0]","['Callout-Fairness', 'Promote-Coordination']","[0, 1, 0, 0, 0, 0, 1, 0, 0]","{""intents"":[""Callout-Fairness"",""Promote-Coordination""]}"
420-3_utt1_intention,420-3,1,"agent_1: Is there anyway you will go with that I get two firewood? I need food the most but since you get most of that can I get most of the firewood? So 1 food, 2 firewood, and 2 water for me?","Promote-Coordination,Undermine-Requirements","[0, 0, 0, 0, 0, 0, 1, 0, 1]",['Describe-Need'],"[0, 0, 1, 0, 0, 0, 0, 0, 0]","{""intents"":[""Describe-Need""]}"
420-3_utt2_intention,420-3,2,agent_2: You drive a hard bargain. I could really use that firewood. It's going to get cold tonight and these sleeping bags are not worth the price I paid ;),Describe-Need,"[0, 0, 1, 0, 0, 0, 0, 0, 0]",['Describe-Need'],"[0, 0, 1, 0, 0, 0, 0, 0, 0]","{""intents"":[""Describe-Need""]}"
420-4_utt1_intention,420-4,1,"agent_1: Haha, I know but I am in the same situation! ☹️ and since I am getting less food I feel like it is fair I get on more firewood since I truly need that 🙂","Callout-Fairness,Undermine-Requirements","[0, 1, 0, 0, 0, 0, 0, 0, 1]","['Build-Rapport', 'Callout-Fairness', 'Describe-Need']","[1, 1, 1, 0, 0, 0, 0, 0, 0]","{""intents"":[""Build-Rapport"", ""Callout-Fairness"", ""Describe-Need""]}"
420-4_utt2_intention,420-4,2,"agent_2: Some extra water for coffee might keep us warm, would you consider taking 1 food, 2 wood, 1 water?","Describe-Need,Promote-Coordination","[0, 0, 1, 0, 0, 0, 1, 0, 0]","['Describe-Need', 'Promote-Coordination']","[0, 0, 1, 0, 0, 0, 1, 0, 0]","{""intents"":[""Describe-Need"",""Promote-Coordination""]}"
420-5_utt1_intention,420-5,1,agent_1: Sure I can do that 🙂,No-Intention,"[0, 0, 0, 0, 1, 0, 0, 0, 0]",['Promote-Coordination'],"[0, 0, 0, 0, 0, 0, 1, 0, 0]","{""intents"":[""Promote-Coordination""]}"
420-5_utt2_intention,420-5,2,agent_2: I think we have a deal!!,No-Intention,"[0, 0, 0, 0, 1, 0, 0, 0, 0]",['Promote-Coordination'],"[0, 0, 0, 0, 0, 0, 1, 0, 0]","{""intents"":[""Promote-Coordination""]}"
420-6_utt1_intention,420-6,1,agent_1: Awesome! Enjoy your trip! And stay warm ;),Build-Rapport,"[1, 0, 0, 0, 0, 0, 0, 0, 0]",['Build-Rapport'],"[1, 0, 0, 0, 0, 0, 0, 0, 0]","{""intents"":[""Build-Rapport""]}"
421-0_utt1_intention,421-0,1,"agent_2: HI 🙂I would like all the food and 1 wood, you can have the rest",No-Intention,"[0, 0, 0, 0, 1, 0, 0, 0, 0]","['Build-Rapport', 'Describe-Need']","[1, 0, 1, 0, 0, 0, 0, 0, 0]","{""intents"":[""Build-Rapport"",""Describe-Need""]}"
421-0_utt2_intention,421-0,2,agent_1: I need 2 woods first ,No-Intention,"[0, 0, 0, 0, 1, 0, 0, 0, 0]",['Describe-Need'],"[0, 0, 1, 0, 0, 0, 0, 0, 0]","{""intents"":[""Describe-Need""]}"
421-1_utt1_intention,421-1,1,agent_2: That is fine since there are 3 wood and I want 1. ,Callout-Fairness,"[0, 1, 0, 0, 0, 0, 0, 0, 0]",['Promote-Coordination'],"[0, 0, 0, 0, 0, 0, 1, 0, 0]","{""intents"":[""Promote-Coordination""]}"
421-1_utt2_intention,421-1,2,"agent_1: Then it is good deal.  I need two wood, 1 food, and 1 water.",No-Intention,"[0, 0, 0, 0, 1, 0, 0, 0, 0]",['Describe-Need'],"[0, 0, 1, 0, 0, 0, 0, 0, 0]","{""intents"":[""Describe-Need""]}"
421-2_utt1_intention,421-2,1,"agent_2: I really need all the food, I have a lot of people to feed",Describe-Need,"[0, 0, 1, 0, 0, 0, 0, 0, 0]",['Describe-Need'],"[0, 0, 1, 0, 0, 0, 0, 0, 0]","{""intents"":[""Describe-Need""]}"
421-2_utt2_intention,421-2,2,"agent_1: I will provide you the food, but I am asking only one for my people.",Undermine-Requirements,"[0, 0, 0, 0, 0, 0, 0, 0, 1]",['Describe-Need'],"[0, 0, 1, 0, 0, 0, 0, 0, 0]","{""intents"":[""Describe-Need""]}"
421-3_utt1_intention,421-3,1,"agent_2: I am giving you all the water,  how come you need the food? ","Discover-Preference,Undermine-Requirements","[0, 0, 0, 1, 0, 0, 0, 0, 1]",['Discover-Preference'],"[0, 0, 0, 1, 0, 0, 0, 0, 0]","{""intents"":[""Discover-Preference""]}"
421-3_utt2_intention,421-3,2,"agent_1: The main reason is to prevent us from cold.  Please provide three wood and three water.  If this is okay, then I will provide you three food.","Describe-Need,Promote-Coordination","[0, 0, 1, 0, 0, 0, 1, 0, 0]",['Describe-Need'],"[0, 0, 1, 0, 0, 0, 0, 0, 0]","{""intents"":[""Describe-Need""]}"
421-4_utt1_intention,421-4,1,agent_2: Food doesn't prevent cold. Thank you for giving me all the food but I need 1 wood to cook the additional food. You still end up with more items in the  end  ,"Describe-Need,Undermine-Requirements","[0, 0, 1, 0, 0, 0, 0, 0, 1]","['Describe-Need', 'Callout-Fairness']","[0, 1, 1, 0, 0, 0, 0, 0, 0]","{""intents"":[""Describe-Need"",""Callout-Fairness""]}"
421-4_utt2_intention,421-4,2,agent_1: Okay I accept the deal.,No-Intention,"[0, 0, 0, 0, 1, 0, 0, 0, 0]",['Promote-Coordination'],"[0, 0, 0, 0, 0, 0, 1, 0, 0]","{""intents"":[""Promote-Coordination""]}"
421-5_utt1_intention,421-5,1,agent_2: 🙂awesome thank you,No-Intention,"[0, 0, 0, 0, 1, 0, 0, 0, 0]",['Build-Rapport'],"[1, 0, 0, 0, 0, 0, 0, 0, 0]","{""intents"":[""Build-Rapport""]}"
421-5_utt2_intention,421-5,2,"agent_1: Sorry, I thought that I can manage with two woods, but the temperature is very loo and many people need to save their life.  Please change the deal and provide us 3 wood.","Callout-Fairness,Describe-Need","[0, 1, 1, 0, 0, 0, 0, 0, 0]",['Describe-Need'],"[0, 0, 1, 0, 0, 0, 0, 0, 0]","{""intents"":[""Describe-Need""]}"
422-0_utt1_intention,422-0,1,"agent_2: hello, how are you today?",Build-Rapport,"[1, 0, 0, 0, 0, 0, 0, 0, 0]",['Build-Rapport'],"[1, 0, 0, 0, 0, 0, 0, 0, 0]","{""intents"":[""Build-Rapport""]}"
422-0_utt2_intention,422-0,2,agent_1: Great.  Though I am a bit stressed.  I could use a camping trip. ,Build-Rapport,"[1, 0, 0, 0, 0, 0, 0, 0, 0]","['Build-Rapport', 'Describe-Need']","[1, 0, 1, 0, 0, 0, 0, 0, 0]","{""intents"":[""Build-Rapport"",""Describe-Need""]}"
422-1_utt1_intention,422-1,1,"agent_2: yes, me too. i am going to one. but i need some food.",Build-Rapport,"[1, 0, 0, 0, 0, 0, 0, 0, 0]","['Build-Rapport', 'Describe-Need']","[1, 0, 1, 0, 0, 0, 0, 0, 0]","{""intents"":[""Build-Rapport"", ""Describe-Need""]}"
422-1_utt2_intention,422-1,2,agent_1: Yeah.  I like to go for long hikes so for that I need water and food.  ,Describe-Need,"[0, 0, 1, 0, 0, 0, 0, 0, 0]",['Describe-Need'],"[0, 0, 1, 0, 0, 0, 0, 0, 0]","{""intents"":[""Describe-Need""]}"
422-2_utt1_intention,422-2,1,"agent_2: i have plenty of water, if you have firewood and some food",No-Intention,"[0, 0, 0, 0, 1, 0, 0, 0, 0]","['Describe-Need', 'Promote-Coordination']","[0, 0, 1, 0, 0, 0, 1, 0, 0]","{""intents"":[""Describe-Need"",""Promote-Coordination""]}"
422-2_utt2_intention,422-2,2,agent_1: I have plenty of firewood.  I need two pieces of food though for my hiking.  ,Describe-Need,"[0, 0, 1, 0, 0, 0, 0, 0, 0]",['Describe-Need'],"[0, 0, 1, 0, 0, 0, 0, 0, 0]","{""intents"":[""Describe-Need""]}"
422-3_utt1_intention,422-3,1,agent_2: one piece wouldn't be enough? i will give all the water,Undermine-Requirements,"[0, 0, 0, 0, 0, 0, 0, 0, 1]","['Undermine-Requirements', 'Promote-Coordination']","[0, 0, 0, 0, 0, 0, 1, 0, 1]","{""intents"":[""Undermine-Requirements"", ""Promote-Coordination""]}"
422-3_utt2_intention,422-3,2,"agent_1: Nope, I need two.  I can give you all of the firewood. ",No-Intention,"[0, 0, 0, 0, 1, 0, 0, 0, 0]","['Describe-Need', 'Promote-Coordination']","[0, 0, 1, 0, 0, 0, 1, 0, 0]","{""intents"":[""Describe-Need"",""Promote-Coordination""]}"
422-4_utt1_intention,422-4,1,"agent_2: all the firewood and one food then, not ideal but i can work with that.",Callout-Fairness,"[0, 1, 0, 0, 0, 0, 0, 0, 0]",['Promote-Coordination'],"[0, 0, 0, 0, 0, 0, 1, 0, 0]","{""intents"":[""Promote-Coordination""]}"
422-4_utt2_intention,422-4,2,agent_1: I appreciate it.  I am looking forward to this trip. ,Build-Rapport,"[1, 0, 0, 0, 0, 0, 0, 0, 0]",['Build-Rapport'],"[1, 0, 0, 0, 0, 0, 0, 0, 0]","{""intents"":[""Build-Rapport""]}"
423-0_utt1_intention,423-0,1,"agent_2: Hello, how are you? 🙂, we are excited to go camping for 2 weeks. I was wondering, if its okay with you, if I can get all 3 waters? what are your thoughts? we have a large group, lots of kids, need the extra water for cooking, putting out camp fire, and keeping all of us warm at night. ","Build-Rapport,Describe-Need,Promote-Coordination","[1, 0, 1, 0, 0, 0, 1, 0, 0]","['Build-Rapport', 'Describe-Need']","[1, 0, 1, 0, 0, 0, 0, 0, 0]","{""intents"":[""Build-Rapport"",""Describe-Need""]}"
423-0_utt2_intention,423-0,2,"agent_1: Hi, I am great 🙂 How are you? I would be happy for you to have two waters if I can have one. I would also like to have three things of food. I love cooking outside, so I would love to make large delicious meals for my group to enjoy","Build-Rapport,Describe-Need","[1, 0, 1, 0, 0, 0, 0, 0, 0]","['Build-Rapport', 'Describe-Need']","[1, 0, 1, 0, 0, 0, 0, 0, 0]","{""intents"":[""Build-Rapport"", ""Describe-Need""]}"
423-1_utt1_intention,423-1,1,"agent_2: That sounds amazing and delicious! maybe we can compromise? Maybe, I can get all 3 waters and you can have all 3 Foods? what do you think? ",Promote-Coordination,"[0, 0, 0, 0, 0, 0, 1, 0, 0]","['Build-Rapport', 'Promote-Coordination']","[1, 0, 0, 0, 0, 0, 1, 0, 0]","{""intents"":[""Build-Rapport"",""Promote-Coordination""]}"
423-1_utt2_intention,423-1,2,"agent_1:  I would agree to that if I can also have two things of firewood. I am going to need a lot of wood, so I can cook the meals I am making 🙂",Describe-Need,"[0, 0, 1, 0, 0, 0, 0, 0, 0]",['Describe-Need'],"[0, 0, 1, 0, 0, 0, 0, 0, 0]","{""intents"":[""Describe-Need""]}"
423-2_utt1_intention,423-2,1,"agent_2: I completely understand, thank you for compromising with water and food. Wished we had 4 firewoods to divide and share it equaly, may I ask how long will you be camping for? Im afraid I need 2 firewoods as well, maybe we can see who has the greater need? ","Build-Rapport,Callout-Fairness,Promote-Coordination,Show-Empathy","[1, 1, 0, 0, 0, 0, 1, 1, 0]","['Show-Empathy', 'Callout-Fairness', 'Discover-Preference', 'Describe-Need']","[0, 1, 1, 1, 0, 0, 0, 1, 0]","{""intents"":[""Show-Empathy"", ""Callout-Fairness"", ""Discover-Preference"", ""Describe-Need""]}"
423-2_utt2_intention,423-2,2,"agent_1: I am going to be camping for a couple of weeks, so I will need quite a bit. I also realized some additional water would be good, because I have some meals that need me to boil water. Maybe you can have 2 firewood in exchange for me having one of your waters? Then you would still have plenty of water, but also plenty of firewood 🙂","Build-Rapport,Describe-Need,Promote-Coordination","[1, 0, 1, 0, 0, 0, 1, 0, 0]","['Describe-Need', 'Promote-Coordination']","[0, 0, 1, 0, 0, 0, 1, 0, 0]","{""intents"":[""Describe-Need"",""Promote-Coordination""]}"
423-3_utt1_intention,423-3,1,"agent_2: So sorry, I just realized you did not agree to the 3 waters in exchange of 3 foods. if you want a water, i will also will need one food. just to make things more fair on my end. If not i am looking at 2 waters, 0 foods, and 1 firewood. But i am willing to compromise for 3 waters, 1 firewood, and 0 foods. and you'll get 3 foods, 2 firewoods, and 0 waters, what do you think?","Callout-Fairness,Promote-Coordination","[0, 1, 0, 0, 0, 0, 1, 0, 0]","['Callout-Fairness', 'Promote-Coordination']","[0, 1, 0, 0, 0, 0, 1, 0, 0]","{""intents"":[""Callout-Fairness"",""Promote-Coordination""]}"
423-3_utt2_intention,423-3,2,"agent_1:  I appreciate your willingness to discuss this, so we both get a fair deal. I would really like if I get 3 food, 1 water, and 1 firewood. Then you would get 2 water and 2 firewood. You said that you really need water and food, so I think that would work best for both of us to get what we need most. What do you think? 🙂","Callout-Fairness,Promote-Coordination,Undermine-Requirements","[0, 1, 0, 0, 0, 0, 1, 0, 1]","['Build-Rapport', 'Callout-Fairness', 'Promote-Coordination']","[1, 1, 0, 0, 0, 0, 1, 0, 0]","{""intents"":[""Build-Rapport"",""Callout-Fairness"",""Promote-Coordination""]}"
423-4_utt1_intention,423-4,1,"agent_2: Np, problem, water is high in demand on my end with the amount of kiddos I am taking. Water is my main concern, will you be okay with 3 Foods, 2 Firewoods and no water?",Describe-Need,"[0, 0, 1, 0, 0, 0, 0, 0, 0]",['Describe-Need'],"[0, 0, 1, 0, 0, 0, 0, 0, 0]","{""intents"":[""Describe-Need""]}"
423-4_utt2_intention,423-4,2,"agent_1: I would really like 3 food, 1 water, and 1 firewood if possible. Would you agree to that instead?",Promote-Coordination,"[0, 0, 0, 0, 0, 0, 1, 0, 0]","['Describe-Need', 'Promote-Coordination']","[0, 0, 1, 0, 0, 0, 1, 0, 0]","{""intents"":[""Describe-Need"",""Promote-Coordination""]}"
423-5_utt1_intention,423-5,1,"agent_2: If you were me would you be happy with 0 Foods, 2 waters, and 2 Firewoods? when water is your priority? maybe we can make it even, your highest priority is Food and mine is water? you can have all firewood? I will be shorten out on everything except the water and youll get 3 foods and 3 firewoods, while i only get 3 waters?","Callout-Fairness,Undermine-Requirements","[0, 1, 0, 0, 0, 0, 0, 0, 1]","['Callout-Fairness', 'Describe-Need', 'Promote-Coordination']","[0, 1, 1, 0, 0, 0, 1, 0, 0]","{""intents"":[""Callout-Fairness"",""Describe-Need"",""Promote-Coordination""]}"
423-5_utt2_intention,423-5,2,"agent_1: Ok, I will agree to me getting 3 food and 3 firewood. Thank you for discussing this with me! 🙂",No-Intention,"[0, 0, 0, 0, 1, 0, 0, 0, 0]","['Build-Rapport', 'Promote-Coordination']","[1, 0, 0, 0, 0, 0, 1, 0, 0]","{""intents"":[""Build-Rapport"",""Promote-Coordination""]}"
423-6_utt1_intention,423-6,1,agent_2: yay! submitting deal!,No-Intention,"[0, 0, 0, 0, 1, 0, 0, 0, 0]",['Promote-Coordination'],"[0, 0, 0, 0, 0, 0, 1, 0, 0]","{""intents"":[""Promote-Coordination""]}"
424-0_utt1_intention,424-0,1,agent_2: Hello how are you?,Build-Rapport,"[1, 0, 0, 0, 0, 0, 0, 0, 0]",['Build-Rapport'],"[1, 0, 0, 0, 0, 0, 0, 0, 0]","{""intents"":[""Build-Rapport""]}"
424-0_utt2_intention,424-0,2,agent_1: Hey there fellow camper! I am great! How are you?,Build-Rapport,"[1, 0, 0, 0, 0, 0, 0, 0, 0]",['Build-Rapport'],"[1, 0, 0, 0, 0, 0, 0, 0, 0]","{""intents"":[""Build-Rapport""]}"
424-1_utt1_intention,424-1,1,agent_2: I'm doing well and very excited about my camping trip.,Build-Rapport,"[1, 0, 0, 0, 0, 0, 0, 0, 0]",['Build-Rapport'],"[1, 0, 0, 0, 0, 0, 0, 0, 0]","{""intents"":[""Build-Rapport""]}"
424-1_utt2_intention,424-1,2,agent_1: Me as well. What item is your greatest priority for your trip?,Discover-Preference,"[0, 0, 0, 1, 0, 0, 0, 0, 0]","['Build-Rapport', 'Discover-Preference']","[1, 0, 0, 1, 0, 0, 0, 0, 0]","{""intents"":[""Build-Rapport"",""Discover-Preference""]}"
424-2_utt1_intention,424-2,1,agent_2: Firewood and my second priority is water.  I'm open to negotiating though.,Promote-Coordination,"[0, 0, 0, 0, 0, 0, 1, 0, 0]","['Describe-Need', 'Promote-Coordination']","[0, 0, 1, 0, 0, 0, 1, 0, 0]","{""intents"":[""Describe-Need"",""Promote-Coordination""]}"
424-2_utt2_intention,424-2,2,agent_1: Glad to hear because I really need firewood and food. What do you propose?,Promote-Coordination,"[0, 0, 0, 0, 0, 0, 1, 0, 0]","['Describe-Need', 'Promote-Coordination']","[0, 0, 1, 0, 0, 0, 1, 0, 0]","{""intents"":[""Describe-Need"",""Promote-Coordination""]}"
424-3_utt1_intention,424-3,1,agent_2: I can give you 3 packages of food but I really need the additional firewood.,No-Intention,"[0, 0, 0, 0, 1, 0, 0, 0, 0]",['Describe-Need'],"[0, 0, 1, 0, 0, 0, 0, 0, 0]","{""intents"":[""Describe-Need""]}"
424-3_utt2_intention,424-3,2,agent_1: I like that. How about 3 water for you and 1 firewood?,No-Intention,"[0, 0, 0, 0, 1, 0, 0, 0, 0]",['Promote-Coordination'],"[0, 0, 0, 0, 0, 0, 1, 0, 0]","{""intents"":[""Promote-Coordination""]}"
424-4_utt1_intention,424-4,1,agent_2: I can give 3 packages of food and 1 water.  ,No-Intention,"[0, 0, 0, 0, 1, 0, 0, 0, 0]",['Promote-Coordination'],"[0, 0, 0, 0, 0, 0, 1, 0, 0]","{""intents"":[""Promote-Coordination""]}"
424-4_utt2_intention,424-4,2,"agent_1: So 1 firewood, 0 food and 3 water for you?",No-Intention,"[0, 0, 0, 0, 1, 0, 0, 0, 0]",['Promote-Coordination'],"[0, 0, 0, 0, 0, 0, 1, 0, 0]","{""intents"":[""Promote-Coordination""]}"
424-5_utt1_intention,424-5,1,"agent_2: No 3 packages of firewood, 1 package of water, and I can give you 3 packages of food.  I need the Firewood the most.",No-Intention,"[0, 0, 0, 0, 1, 0, 0, 0, 0]",['Describe-Need'],"[0, 0, 1, 0, 0, 0, 0, 0, 0]","{""intents"":[""Describe-Need""]}"
424-5_utt2_intention,424-5,2,agent_1: Tell me why you need so much firewood?,Discover-Preference,"[0, 0, 0, 1, 0, 0, 0, 0, 0]",['Discover-Preference'],"[0, 0, 0, 1, 0, 0, 0, 0, 0]","{""intents"":[""Discover-Preference""]}"
424-6_utt1_intention,424-6,1,agent_2: I have other people coming with me and we don't have insulated sleeping bags.  The temperature also drops drastically at night.,Describe-Need,"[0, 0, 1, 0, 0, 0, 0, 0, 0]",['Describe-Need'],"[0, 0, 1, 0, 0, 0, 0, 0, 0]","{""intents"":[""Describe-Need""]}"
424-6_utt2_intention,424-6,2,agent_1: Well i need at least 1 firewood so we have to make that work,Callout-Fairness,"[0, 1, 0, 0, 0, 0, 0, 0, 0]","['Describe-Need', 'Promote-Coordination']","[0, 0, 1, 0, 0, 0, 1, 0, 0]","{""intents"":[""Describe-Need"",""Promote-Coordination""]}"
424-7_utt1_intention,424-7,1,agent_2: How about this I get 2 packages of firewood and 2 packages of water.  You can have all my packages of food. This will be a hunting camp trip for me.,No-Need,"[0, 0, 0, 0, 0, 1, 0, 0, 0]","['Describe-Need', 'Promote-Coordination']","[0, 0, 1, 0, 0, 0, 1, 0, 0]","{""intents"":[""Describe-Need"",""Promote-Coordination""]}"
425-0_utt1_intention,425-0,1,agent_1: Hi! How are you today?,Build-Rapport,"[1, 0, 0, 0, 0, 0, 0, 0, 0]",['Build-Rapport'],"[1, 0, 0, 0, 0, 0, 0, 0, 0]","{""intents"":[""Build-Rapport""]}"
425-0_utt2_intention,425-0,2,agent_2: I'm doing well! How are you?,Build-Rapport,"[1, 0, 0, 0, 0, 0, 0, 0, 0]",['Build-Rapport'],"[1, 0, 0, 0, 0, 0, 0, 0, 0]","{""intents"":[""Build-Rapport""]}"
425-1_utt1_intention,425-1,1,agent_1: I am doing quite well myself. Why are you camping today?,Build-Rapport,"[1, 0, 0, 0, 0, 0, 0, 0, 0]",['Build-Rapport'],"[1, 0, 0, 0, 0, 0, 0, 0, 0]","{""intents"":[""Build-Rapport""]}"
425-1_utt2_intention,425-1,2,agent_2: Well my sister and her husband are celebrating their anniversary this weekend so we volunteered to watch her daughters. We decided it would be fun to take her kids and ours camping! What about you? 🙂,Build-Rapport,"[1, 0, 0, 0, 0, 0, 0, 0, 0]",['Build-Rapport'],"[1, 0, 0, 0, 0, 0, 0, 0, 0]","{""intents"":[""Build-Rapport""]}"
425-2_utt1_intention,425-2,1,agent_1: That is really nice of you! I hope they have fun! My family had this trip planned for quite awhile. We have an extra person with us because my son begged me for his friend to come. I couldn't say no. 🙂,Build-Rapport,"[1, 0, 0, 0, 0, 0, 0, 0, 0]","['Build-Rapport', 'Show-Empathy']","[1, 0, 0, 0, 0, 0, 0, 1, 0]","{""intents"":[""Build-Rapport"",""Show-Empathy""]}"
425-2_utt2_intention,425-2,2,agent_2: I have definitely been there before! With taking all the kids I'm worried about them getting dehydrated. I also have a 7 month old that needs water to make her bottles! I was hoping to get 3 extra packaged of water for sure. ,Describe-Need,"[0, 0, 1, 0, 0, 0, 0, 0, 0]","['Show-Empathy', 'Describe-Need']","[0, 0, 1, 0, 0, 0, 0, 1, 0]","{""intents"":[""Show-Empathy"",""Describe-Need""]}"
425-3_utt1_intention,425-3,1,agent_1: That is one of my fears as well. Does you seven month old breast feed? I am hoping for the water as well. I would love to give them to you if I had extra. Is there anything else you need?,"Discover-Preference,Show-Empathy,Undermine-Requirements","[0, 0, 0, 1, 0, 0, 0, 1, 1]","['Show-Empathy', 'Describe-Need', 'Discover-Preference']","[0, 0, 1, 1, 0, 0, 0, 1, 0]","{""intents"":[""Show-Empathy"", ""Describe-Need"", ""Discover-Preference""]}"
425-3_utt2_intention,425-3,2,"agent_2: No they don't ☹️ She is starting to eat a few solid food items. So if I had some extra food that would help. I think if I had 2 waters, 2 food, and 1 firewood to be able to cook and keep things clean I would have enough. ",Describe-Need,"[0, 0, 1, 0, 0, 0, 0, 0, 0]",['Describe-Need'],"[0, 0, 1, 0, 0, 0, 0, 0, 0]","{""intents"":[""Describe-Need""]}"
425-4_utt1_intention,425-4,1,"agent_1: I can give you 2 waters, but I would need all the food because my group is bigger. You can have two firewood.",Describe-Need,"[0, 0, 1, 0, 0, 0, 0, 0, 0]",['Promote-Coordination'],"[0, 0, 0, 0, 0, 0, 1, 0, 0]","{""intents"":[""Promote-Coordination""]}"
425-4_utt2_intention,425-4,2,agent_2: I would need at least 1 food. ,No-Intention,"[0, 0, 0, 0, 1, 0, 0, 0, 0]",['Describe-Need'],"[0, 0, 1, 0, 0, 0, 0, 0, 0]","{""intents"":[""Describe-Need""]}"
425-5_utt1_intention,425-5,1,"agent_1: I could give you one food, but I would need to have 2 waters to make my food last by making soup.","Describe-Need,Promote-Coordination","[0, 0, 1, 0, 0, 0, 1, 0, 0]","['Describe-Need', 'Promote-Coordination']","[0, 0, 1, 0, 0, 0, 1, 0, 0]","{""intents"":[""Describe-Need"",""Promote-Coordination""]}"
425-5_utt2_intention,425-5,2,agent_2: How about I get 2 waters and 3 firewood?,No-Intention,"[0, 0, 0, 0, 1, 0, 0, 0, 0]",['Promote-Coordination'],"[0, 0, 0, 0, 0, 0, 1, 0, 0]","{""intents"":[""Promote-Coordination""]}"
425-6_utt1_intention,425-6,1,"agent_1: I think I can give you two waters, and 2 firewood.",No-Intention,"[0, 0, 0, 0, 1, 0, 0, 0, 0]",['Promote-Coordination'],"[0, 0, 0, 0, 0, 0, 1, 0, 0]","{""intents"":[""Promote-Coordination""]}"
426-0_utt1_intention,426-0,1,agent_2: HI. I'd love to get 2 additional packs of firewood. The weather forecast was for much warmer weather here and I just didn't bring enough with me. I also left my additional sweatshirt at home. I'd be happy to give you one additional water and two of food.  🙂🙂,"Describe-Need,Promote-Coordination","[0, 0, 1, 0, 0, 0, 1, 0, 0]",['Describe-Need'],"[0, 0, 1, 0, 0, 0, 0, 0, 0]","{""intents"":[""Describe-Need""]}"
426-0_utt2_intention,426-0,2,agent_1: Well I had a really great day fishing today and I would like to have some extra firewood so I can cook all of this fish.  How about I take the 3 packages of firewood and you can keep 2 additional food packages in return.,Describe-Need,"[0, 0, 1, 0, 0, 0, 0, 0, 0]","['Build-Rapport', 'Describe-Need']","[1, 0, 1, 0, 0, 0, 0, 0, 0]","{""intents"":[""Build-Rapport"", ""Describe-Need""]}"
426-1_utt1_intention,426-1,1,agent_2: You really did have a good day didn't you! Sounds like fun. How many fish can one person eat? If I don't have the extra firewood I'm going to be really cold tonight. ☹️,"Build-Rapport,Describe-Need,Undermine-Requirements","[1, 0, 1, 0, 0, 0, 0, 0, 1]","['Build-Rapport', 'Describe-Need']","[1, 0, 1, 0, 0, 0, 0, 0, 0]","{""intents"":[""Build-Rapport"",""Describe-Need""]}"
426-1_utt2_intention,426-1,2,agent_1: I am here with my family and we love to eat fish.🙂  Maybe if you spend tonight sleeping in your car or camper I can keep the fire wood. In exchange I will give you the 2 additional food packages and all 3 of the water packages. It's only for 1 night.,"Describe-Need,Promote-Coordination,Undermine-Requirements","[0, 0, 1, 0, 0, 0, 1, 0, 1]","['Build-Rapport', 'Describe-Need', 'Promote-Coordination']","[1, 0, 1, 0, 0, 0, 1, 0, 0]","{""intents"":[""Build-Rapport"",""Describe-Need"",""Promote-Coordination""]}"
426-2_utt1_intention,426-2,1,agent_2: Why would you want to give up all that water? You're going to need extra water for your family to drink. All the sodium in the fish is going to make you all thirsty!,"Show-Empathy,Undermine-Requirements","[0, 0, 0, 0, 0, 0, 0, 1, 1]",['Discover-Preference'],"[0, 0, 0, 1, 0, 0, 0, 0, 0]","{""intents"":[""Discover-Preference""]}"
426-2_utt2_intention,426-2,2,"agent_1: Your right,😮  I didn't think about that. But will probably only need 1 extra package of water so, in exchange I will offer you 1 package of firewood.",Promote-Coordination,"[0, 0, 0, 0, 0, 0, 1, 0, 0]","['Show-Empathy', 'Describe-Need', 'Promote-Coordination']","[0, 0, 1, 0, 0, 0, 1, 1, 0]","{""intents"":[""Show-Empathy"", ""Describe-Need"", ""Promote-Coordination""]}"
426-3_utt1_intention,426-3,1,"agent_2: I know this isn't your problem, but I'm a student and I had to come up here to take photos of the night sky for my astronomy class. I slept really late today as I have to sit up all night to get the different stars, and possibly even the space station if it's clear enough out. I have to sit by a fire to stay warm so I can get these pictures to hand in to my professor tomorrow.","Build-Rapport,Describe-Need","[1, 0, 1, 0, 0, 0, 0, 0, 0]",['Describe-Need'],"[0, 0, 1, 0, 0, 0, 0, 0, 0]","{""intents"":[""Describe-Need""]}"
426-3_utt2_intention,426-3,2,agent_1: You know that is very impressive.  I admire your determination and effort you put into your class.  You must be very passionate about astronomy.,Build-Rapport,"[1, 0, 0, 0, 0, 0, 0, 0, 0]","['Build-Rapport', 'Show-Empathy']","[1, 0, 0, 0, 0, 0, 0, 1, 0]","{""intents"":[""Build-Rapport"",""Show-Empathy""]}"
426-4_utt1_intention,426-4,1,"agent_2: I am. My favorite personality is Neil DeGrasse Tyson. He's amazing, funny and incredibly smart. I'm hoping to get an internship at the Planetarium in my senior year 🙂",Build-Rapport,"[1, 0, 0, 0, 0, 0, 0, 0, 0]",['Build-Rapport'],"[1, 0, 0, 0, 0, 0, 0, 0, 0]","{""intents"":[""Build-Rapport""]}"
426-4_utt2_intention,426-4,2,agent_1: That's amazing!!!  So here is the deal...I'll give you the 2 firewood packages so you can sleep under the stars tonight.  In return I'll have to keep 2 water packages and 2 food packages since I won't be able to cook all of this fish and I still have a family to feed.  ,"Build-Rapport,Describe-Need,Promote-Coordination","[1, 0, 1, 0, 0, 0, 1, 0, 0]","['Build-Rapport', 'Describe-Need', 'Promote-Coordination']","[1, 0, 1, 0, 0, 0, 1, 0, 0]","{""intents"":[""Build-Rapport"",""Describe-Need"",""Promote-Coordination""]}"
426-5_utt1_intention,426-5,1,agent_2: I'm glad you understand my problem. But I really need those 3 firewood packages. I'd be happy to give you 2 water packages and all the food in exchange.,Promote-Coordination,"[0, 0, 0, 0, 0, 0, 1, 0, 0]","['Build-Rapport', 'Describe-Need']","[1, 0, 1, 0, 0, 0, 0, 0, 0]","{""intents"":[""Build-Rapport"", ""Describe-Need""]}"
426-5_utt2_intention,426-5,2,agent_1: Initially you were willing to take the 2 packages of firewood. If you have all three I won't be able to cook any of this fish and it will all go to waste. ☹️,"Callout-Fairness,Describe-Need","[0, 1, 1, 0, 0, 0, 0, 0, 0]",['Describe-Need'],"[0, 0, 1, 0, 0, 0, 0, 0, 0]","{""intents"":[""Describe-Need""]}"
426-6_utt1_intention,426-6,1,agent_2: Didn't you bring any firewood at all with you?,Undermine-Requirements,"[0, 0, 0, 0, 0, 0, 0, 0, 1]",['Discover-Preference'],"[0, 0, 0, 1, 0, 0, 0, 0, 0]","{""intents"":[""Discover-Preference""]}"
426-6_utt2_intention,426-6,2,"agent_1: Yes, but the firewood I have will be used to keep us warm tonight.  Like you mentioned before it will be a bit chilly tonight.",Describe-Need,"[0, 0, 1, 0, 0, 0, 0, 0, 0]",['Describe-Need'],"[0, 0, 1, 0, 0, 0, 0, 0, 0]","{""intents"":[""Describe-Need""]}"
426-7_utt1_intention,426-7,1,"agent_2: Ahh, I forgot about that. OK. I'll take 2 packages of firewood, give you 2 waters, and 1 food packages as you do have some fish to cook and I don't. Do we have a deal?",Callout-Fairness,"[0, 1, 0, 0, 0, 0, 0, 0, 0]",['Promote-Coordination'],"[0, 0, 0, 0, 0, 0, 1, 0, 0]","{""intents"":[""Promote-Coordination""]}"
426-7_utt2_intention,426-7,2,"agent_1: OK, we have a deal.🙂",No-Intention,"[0, 0, 0, 0, 1, 0, 0, 0, 0]",['Promote-Coordination'],"[0, 0, 0, 0, 0, 0, 1, 0, 0]","{""intents"":[""Promote-Coordination""]}"
426-8_utt1_intention,426-8,1,agent_2: 🙂,No-Intention,"[0, 0, 0, 0, 1, 0, 0, 0, 0]",['No-Intention'],"[0, 0, 0, 0, 1, 0, 0, 0, 0]","{""intents"":[""No-Intention""]}"
427-0_utt1_intention,427-0,1,agent_1: hi how are you?,Build-Rapport,"[1, 0, 0, 0, 0, 0, 0, 0, 0]",['Build-Rapport'],"[1, 0, 0, 0, 0, 0, 0, 0, 0]","{""intents"":[""Build-Rapport""]}"
427-0_utt2_intention,427-0,2,"agent_2: Im good thanks, and you? 🙂",Build-Rapport,"[1, 0, 0, 0, 0, 0, 0, 0, 0]",['Build-Rapport'],"[1, 0, 0, 0, 0, 0, 0, 0, 0]","{""intents"":[""Build-Rapport""]}"
427-1_utt1_intention,427-1,1,agent_1: I'm good. Just preparing to go on a camping trip,Build-Rapport,"[1, 0, 0, 0, 0, 0, 0, 0, 0]",['Build-Rapport'],"[1, 0, 0, 0, 0, 0, 0, 0, 0]","{""intents"":[""Build-Rapport""]}"
427-1_utt2_intention,427-1,2,"agent_2: Same with me, good time of year",Build-Rapport,"[1, 0, 0, 0, 0, 0, 0, 0, 0]",['Build-Rapport'],"[1, 0, 0, 0, 0, 0, 0, 0, 0]","{""intents"":[""Build-Rapport""]}"
427-2_utt1_intention,427-2,1,agent_1: Yeah I'm hoping to relax with my family and enjoy the outdoors ,Build-Rapport,"[1, 0, 0, 0, 0, 0, 0, 0, 0]",['Build-Rapport'],"[1, 0, 0, 0, 0, 0, 0, 0, 0]","{""intents"":[""Build-Rapport""]}"
427-2_utt2_intention,427-2,2,"agent_2: Same, i do ask though as i have a medical condition if i can have all the water, it is really hard for me to stay hydrated",Describe-Need,"[0, 0, 1, 0, 0, 0, 0, 0, 0]","['Build-Rapport', 'Describe-Need']","[1, 0, 1, 0, 0, 0, 0, 0, 0]","{""intents"":[""Build-Rapport"",""Describe-Need""]}"
427-3_utt1_intention,427-3,1,agent_1: oh that is tough. I am also looking for water. I need it to cook our food and it is going to be extra hot and I need to keep my family hydrated,Describe-Need,"[0, 0, 1, 0, 0, 0, 0, 0, 0]","['Show-Empathy', 'Describe-Need']","[0, 0, 1, 0, 0, 0, 0, 1, 0]","{""intents"":[""Show-Empathy"",""Describe-Need""]}"
427-3_utt2_intention,427-3,2,agent_2: May i atleast have 2? I can get siezures if i dont get enough hydration,Describe-Need,"[0, 0, 1, 0, 0, 0, 0, 0, 0]",['Describe-Need'],"[0, 0, 1, 0, 0, 0, 0, 0, 0]","{""intents"":[""Describe-Need""]}"
427-4_utt1_intention,427-4,1,agent_1: would you trade 2 water for 3 firewood and 1 food?,Promote-Coordination,"[0, 0, 0, 0, 0, 0, 1, 0, 0]",['Promote-Coordination'],"[0, 0, 0, 0, 0, 0, 1, 0, 0]","{""intents"":[""Promote-Coordination""]}"
427-4_utt2_intention,427-4,2,agent_2: I would need 2 food then,No-Intention,"[0, 0, 0, 0, 1, 0, 0, 0, 0]",['Describe-Need'],"[0, 0, 1, 0, 0, 0, 0, 0, 0]","{""intents"":[""Describe-Need""]}"
427-5_utt1_intention,427-5,1,agent_1: ok,No-Intention,"[0, 0, 0, 0, 1, 0, 0, 0, 0]",['Promote-Coordination'],"[0, 0, 0, 0, 0, 0, 1, 0, 0]","{""intents"":[""Promote-Coordination""]}"
428-0_utt1_intention,428-0,1,agent_2: Hello! I want to make a purchase of some essential needs for me and my family.,No-Intention,"[0, 0, 0, 0, 1, 0, 0, 0, 0]","['Build-Rapport', 'Describe-Need']","[1, 0, 1, 0, 0, 0, 0, 0, 0]","{""intents"":[""Build-Rapport"",""Describe-Need""]}"
428-0_utt2_intention,428-0,2,"agent_1: Hello, the trip sounds like it will be a lot of fun.  What is the most important essential package for you and your family?  I know we didnt bring a lot of food so I am looking for more of that than anything else.","Build-Rapport,Describe-Need,Discover-Preference","[1, 0, 1, 1, 0, 0, 0, 0, 0]","['Build-Rapport', 'Discover-Preference', 'Describe-Need']","[1, 0, 1, 1, 0, 0, 0, 0, 0]","{""intents"":[""Build-Rapport"", ""Discover-Preference"", ""Describe-Need""]}"
428-1_utt1_intention,428-1,1,agent_2: Yes! Hope for lot of fun. Is there any special deal can you offer for maximum order.,"Build-Rapport,Promote-Coordination","[1, 0, 0, 0, 0, 0, 1, 0, 0]","['Build-Rapport', 'Discover-Preference']","[1, 0, 0, 1, 0, 0, 0, 0, 0]","{""intents"":[""Build-Rapport"",""Discover-Preference""]}"
428-1_utt2_intention,428-1,2,agent_1: What item are you looking for the most of?  ,Discover-Preference,"[0, 0, 0, 1, 0, 0, 0, 0, 0]",['Discover-Preference'],"[0, 0, 0, 1, 0, 0, 0, 0, 0]","{""intents"":[""Discover-Preference""]}"
428-2_utt1_intention,428-2,1,agent_2: Water and food is on high need than the firewood. Expect for the best combo for food and water.,No-Intention,"[0, 0, 0, 0, 1, 0, 0, 0, 0]",['Describe-Need'],"[0, 0, 1, 0, 0, 0, 0, 0, 0]","{""intents"":[""Describe-Need""]}"
428-2_utt2_intention,428-2,2,agent_1: I brought plenty of water.  I think I could give you all 3 water. Food is what I need the most of so wonder if I took 2 packages of food and left you 1?,No-Need,"[0, 0, 0, 0, 0, 1, 0, 0, 0]","['Describe-Need', 'Promote-Coordination']","[0, 0, 1, 0, 0, 0, 1, 0, 0]","{""intents"":[""Describe-Need"",""Promote-Coordination""]}"
428-3_utt1_intention,428-3,1,agent_2: It's better to give 2 packages on both ,No-Intention,"[0, 0, 0, 0, 1, 0, 0, 0, 0]",['Describe-Need'],"[0, 0, 1, 0, 0, 0, 0, 0, 0]","{""intents"":[""Describe-Need""]}"
428-3_utt2_intention,428-3,2,agent_1: 2 packages of both of what?  Water and food?,No-Intention,"[0, 0, 0, 0, 1, 0, 0, 0, 0]",['Promote-Coordination'],"[0, 0, 0, 0, 0, 0, 1, 0, 0]","{""intents"":[""Promote-Coordination""]}"
428-4_utt1_intention,428-4,1,agent_2: I mean water and food,No-Intention,"[0, 0, 0, 0, 1, 0, 0, 0, 0]",['Describe-Need'],"[0, 0, 1, 0, 0, 0, 0, 0, 0]","{""intents"":[""Describe-Need""]}"
428-4_utt2_intention,428-4,2,agent_1: Is food something you need the most of or is it water?,Discover-Preference,"[0, 0, 0, 1, 0, 0, 0, 0, 0]",['Discover-Preference'],"[0, 0, 0, 1, 0, 0, 0, 0, 0]","{""intents"":[""Discover-Preference""]}"
428-5_utt1_intention,428-5,1,agent_2: I need 2 packages of both food and water on each,No-Intention,"[0, 0, 0, 0, 1, 0, 0, 0, 0]",['Describe-Need'],"[0, 0, 1, 0, 0, 0, 0, 0, 0]","{""intents"":[""Describe-Need""]}"
428-5_utt2_intention,428-5,2,agent_1: Food is a hard one to give 2 packes of since I dont have very much and need to feed my family.  We do have plenty of water though.  Would you be willing to take 3 packages of water and only get 1 package of food?,"Describe-Need,No-Need,Promote-Coordination","[0, 0, 1, 0, 0, 1, 1, 0, 0]","['Describe-Need', 'Promote-Coordination']","[0, 0, 1, 0, 0, 0, 1, 0, 0]","{""intents"":[""Describe-Need"", ""Promote-Coordination""]}"
428-6_utt1_intention,428-6,1,agent_2: Is any other item is left with you to add ,No-Intention,"[0, 0, 0, 0, 1, 0, 0, 0, 0]",['Discover-Preference'],"[0, 0, 0, 1, 0, 0, 0, 0, 0]","{""intents"":[""Discover-Preference""]}"
428-6_utt2_intention,428-6,2,"agent_1: I would be willing to give you 3 water, 1 food, and 1 firewood which we be 5 packages for you.  I would take 2 food and 2 firewood which would be 4 packages for me",Promote-Coordination,"[0, 0, 0, 0, 0, 0, 1, 0, 0]",['Promote-Coordination'],"[0, 0, 0, 0, 0, 0, 1, 0, 0]","{""intents"":[""Promote-Coordination""]}"
428-7_utt1_intention,428-7,1,agent_2: Someone have to be compromise and I agreed to the above said one.,Promote-Coordination,"[0, 0, 0, 0, 0, 0, 1, 0, 0]","['Callout-Fairness', 'Promote-Coordination']","[0, 1, 0, 0, 0, 0, 1, 0, 0]","{""intents"":[""Callout-Fairness"",""Promote-Coordination""]}"
429-0_utt1_intention,429-0,1,"agent_1: Hi there, I really need some water because I don't have enough to get by",Describe-Need,"[0, 0, 1, 0, 0, 0, 0, 0, 0]","['Build-Rapport', 'Describe-Need']","[1, 0, 1, 0, 0, 0, 0, 0, 0]","{""intents"":[""Build-Rapport"",""Describe-Need""]}"
429-0_utt2_intention,429-0,2,"agent_2: Good afternoon. Ok, water is a medium need for me. I have some to get by. I really need firewood. It's cold.",Describe-Need,"[0, 0, 1, 0, 0, 0, 0, 0, 0]","['Build-Rapport', 'Describe-Need']","[1, 0, 1, 0, 0, 0, 0, 0, 0]","{""intents"":[""Build-Rapport"", ""Describe-Need""]}"
429-1_utt1_intention,429-1,1,agent_1: I'd be willing to give up all the firewood in exchange for the water. I also am low on Food and would need at least 2.,Promote-Coordination,"[0, 0, 0, 0, 0, 0, 1, 0, 0]","['Describe-Need', 'Promote-Coordination']","[0, 0, 1, 0, 0, 0, 1, 0, 0]","{""intents"":[""Describe-Need"",""Promote-Coordination""]}"
429-1_utt2_intention,429-1,2,agent_2: That doesn't sound like something I can agree to. Do you have any other ideas?,"Callout-Fairness,Promote-Coordination","[0, 1, 0, 0, 0, 0, 1, 0, 0]",['Discover-Preference'],"[0, 0, 0, 1, 0, 0, 0, 0, 0]","{""intents"":[""Discover-Preference""]}"
429-2_utt1_intention,429-2,1,"agent_1: I can keep 2 of the firewood then and offer you 2 of the food. I'd take the water, 2 firewood and 1 water",No-Intention,"[0, 0, 0, 0, 1, 0, 0, 0, 0]",['Describe-Need'],"[0, 0, 1, 0, 0, 0, 0, 0, 0]","{""intents"":[""Describe-Need""]}"
429-2_utt2_intention,429-2,2,"agent_2: I would do 3 firewood, 2 water and 2 food.",No-Intention,"[0, 0, 0, 0, 1, 0, 0, 0, 0]",['Promote-Coordination'],"[0, 0, 0, 0, 0, 0, 1, 0, 0]","{""intents"":[""Promote-Coordination""]}"
429-3_utt1_intention,429-3,1,"agent_1: I can't do that. Truth is I need the firewood and I was hoping you didn't need it. I propose I keep 1 firewood, 3 waters and 2 food and you take the rest?","Callout-Fairness,Undermine-Requirements","[0, 1, 0, 0, 0, 0, 0, 0, 1]",['Describe-Need'],"[0, 0, 1, 0, 0, 0, 0, 0, 0]","{""intents"":[""Describe-Need""]}"
429-3_utt2_intention,429-3,2,"agent_2: I would do this instead: 3 firewood, 1 water and 2 food.",No-Intention,"[0, 0, 0, 0, 1, 0, 0, 0, 0]",['Promote-Coordination'],"[0, 0, 0, 0, 0, 0, 1, 0, 0]","{""intents"":[""Promote-Coordination""]}"
429-4_utt1_intention,429-4,1,"agent_1: That's not going to be a fair offer, you'll need to do better than that or I don't think we can come to an agreement","Callout-Fairness,Promote-Coordination","[0, 1, 0, 0, 0, 0, 1, 0, 0]",['Callout-Fairness'],"[0, 1, 0, 0, 0, 0, 0, 0, 0]","{""intents"":[""Callout-Fairness""]}"
429-4_utt2_intention,429-4,2,"agent_2: 3 firewood, 1 water, 0 food",No-Intention,"[0, 0, 0, 0, 1, 0, 0, 0, 0]",['Promote-Coordination'],"[0, 0, 0, 0, 0, 0, 1, 0, 0]","{""intents"":[""Promote-Coordination""]}"
429-5_utt1_intention,429-5,1,"agent_1: so I'll get 2 water, 3 food and 0 firewood?",No-Intention,"[0, 0, 0, 0, 1, 0, 0, 0, 0]",['Promote-Coordination'],"[0, 0, 0, 0, 0, 0, 1, 0, 0]","{""intents"":[""Promote-Coordination""]}"
429-5_utt2_intention,429-5,2,agent_2: Incorrect. ,No-Intention,"[0, 0, 0, 0, 1, 0, 0, 0, 0]",['No-Intention'],"[0, 0, 0, 0, 1, 0, 0, 0, 0]","{""intents"":[""No-Intention""]}"
429-6_utt1_intention,429-6,1,agent_1: In order to make it work I need at least 3 water and 2 food. Or I could do 3 firewood and 2 food and 0 water. I don't see any other way around it,"Callout-Fairness,Promote-Coordination","[0, 1, 0, 0, 0, 0, 1, 0, 0]",['Describe-Need'],"[0, 0, 1, 0, 0, 0, 0, 0, 0]","{""intents"":[""Describe-Need""]}"
429-6_utt2_intention,429-6,2,agent_2: It has to be fair. Right now I don't think you are being fair. The last offer I gave was great for you. You all all of the food and 2 water.You wanted 3 food in your last offer so thats a great offer I suggested.,Callout-Fairness,"[0, 1, 0, 0, 0, 0, 0, 0, 0]",['Callout-Fairness'],"[0, 1, 0, 0, 0, 0, 0, 0, 0]","{""intents"":[""Callout-Fairness""]}"
429-7_utt1_intention,429-7,1,agent_1: I will agree to 2 water and 3 food for me and the rest for you.,No-Intention,"[0, 0, 0, 0, 1, 0, 0, 0, 0]",['Promote-Coordination'],"[0, 0, 0, 0, 0, 0, 1, 0, 0]","{""intents"":[""Promote-Coordination""]}"
430-0_utt1_intention,430-0,1,"agent_2: How about I take all the water and firewood, you can have all the food.",No-Intention,"[0, 0, 0, 0, 1, 0, 0, 0, 0]",['Promote-Coordination'],"[0, 0, 0, 0, 0, 0, 1, 0, 0]","{""intents"":[""Promote-Coordination""]}"
430-0_utt2_intention,430-0,2,agent_1: I need water and firewood. I don't need as much food. I need water for my dog and firewood for warmth since I am camping during the winter,Describe-Need,"[0, 0, 1, 0, 0, 0, 0, 0, 0]",['Describe-Need'],"[0, 0, 1, 0, 0, 0, 0, 0, 0]","{""intents"":[""Describe-Need""]}"
430-1_utt1_intention,430-1,1,"agent_2: I need water because I'm going hiking, and the water from streams isn't safe to drink.",Describe-Need,"[0, 0, 1, 0, 0, 0, 0, 0, 0]",['Describe-Need'],"[0, 0, 1, 0, 0, 0, 0, 0, 0]","{""intents"":[""Describe-Need""]}"
430-1_utt2_intention,430-1,2,"agent_1: I can give you 2 units of water, but I need at least 1. ",No-Intention,"[0, 0, 0, 0, 1, 0, 0, 0, 0]","['Describe-Need', 'Promote-Coordination']","[0, 0, 1, 0, 0, 0, 1, 0, 0]","{""intents"":[""Describe-Need"",""Promote-Coordination""]}"
430-2_utt1_intention,430-2,1,"agent_2: I also need firewood, I have some health issues.  I need the wood to keep warm at night, and for cooking fish.",Describe-Need,"[0, 0, 1, 0, 0, 0, 0, 0, 0]",['Describe-Need'],"[0, 0, 1, 0, 0, 0, 0, 0, 0]","{""intents"":[""Describe-Need""]}"
430-2_utt2_intention,430-2,2,"agent_1: I can give you 2 units of firewood, but I need at least 1 as well. ",No-Intention,"[0, 0, 0, 0, 1, 0, 0, 0, 0]","['Promote-Coordination', 'Describe-Need']","[0, 0, 1, 0, 0, 0, 1, 0, 0]","{""intents"":[""Promote-Coordination"",""Describe-Need""]}"
430-3_utt1_intention,430-3,1,agent_2: How much food do you need?,No-Intention,"[0, 0, 0, 0, 1, 0, 0, 0, 0]",['Discover-Preference'],"[0, 0, 0, 1, 0, 0, 0, 0, 0]","{""intents"":[""Discover-Preference""]}"
430-3_utt2_intention,430-3,2,"agent_1: If you give me 1 unit each of water and firewood, I'll give you 2 units of food for helping me out",No-Intention,"[0, 0, 0, 0, 1, 0, 0, 0, 0]",['Promote-Coordination'],"[0, 0, 0, 0, 0, 0, 1, 0, 0]","{""intents"":[""Promote-Coordination""]}"
430-4_utt1_intention,430-4,1,"agent_2: I may need two food, I don't know how much fish I can catch.",Describe-Need,"[0, 0, 1, 0, 0, 0, 0, 0, 0]",['Describe-Need'],"[0, 0, 1, 0, 0, 0, 0, 0, 0]","{""intents"":[""Describe-Need""]}"
430-4_utt2_intention,430-4,2,"agent_1: I can give you 2 of everything, but I want and need at least one of everything so my dog and I can be ok during the winter trip","Callout-Fairness,Describe-Need","[0, 1, 1, 0, 0, 0, 0, 0, 0]","['Describe-Need', 'Promote-Coordination']","[0, 0, 1, 0, 0, 0, 1, 0, 0]","{""intents"":[""Describe-Need"",""Promote-Coordination""]}"
430-5_utt1_intention,430-5,1,agent_2: I think we may have a deal!,No-Intention,"[0, 0, 0, 0, 1, 0, 0, 0, 0]",['Promote-Coordination'],"[0, 0, 0, 0, 0, 0, 1, 0, 0]","{""intents"":[""Promote-Coordination""]}"
431-0_utt1_intention,431-0,1,agent_2: Hello there,No-Intention,"[0, 0, 0, 0, 1, 0, 0, 0, 0]",['Build-Rapport'],"[1, 0, 0, 0, 0, 0, 0, 0, 0]","{""intents"":[""Build-Rapport""]}"
431-0_utt2_intention,431-0,2,agent_1: Hello,No-Intention,"[0, 0, 0, 0, 1, 0, 0, 0, 0]",['Build-Rapport'],"[1, 0, 0, 0, 0, 0, 0, 0, 0]","{""intents"":[""Build-Rapport""]}"
431-1_utt1_intention,431-1,1,agent_2: What kind of items do you need?  I especially need water because I would like to do extra hiking and would need to hydrate.  ,"Describe-Need,Discover-Preference","[0, 0, 1, 1, 0, 0, 0, 0, 0]","['Discover-Preference', 'Describe-Need']","[0, 0, 1, 1, 0, 0, 0, 0, 0]","{""intents"":[""Discover-Preference"",""Describe-Need""]}"
431-1_utt2_intention,431-1,2,"agent_1: I need all three, but need food the most",No-Intention,"[0, 0, 0, 0, 1, 0, 0, 0, 0]",['Describe-Need'],"[0, 0, 1, 0, 0, 0, 0, 0, 0]","{""intents"":[""Describe-Need""]}"
431-2_utt1_intention,431-2,1,agent_2: I would give you all of the additional food if you gave me all of the additional water. ,No-Intention,"[0, 0, 0, 0, 1, 0, 0, 0, 0]",['Promote-Coordination'],"[0, 0, 0, 0, 0, 0, 1, 0, 0]","{""intents"":[""Promote-Coordination""]}"
431-2_utt2_intention,431-2,2,agent_1: That sounds like a deal,No-Intention,"[0, 0, 0, 0, 1, 0, 0, 0, 0]",['Promote-Coordination'],"[0, 0, 0, 0, 0, 0, 1, 0, 0]","{""intents"":[""Promote-Coordination""]}"
431-3_utt1_intention,431-3,1,agent_2: Shall we divide the firewood two to one? ,Promote-Coordination,"[0, 0, 0, 0, 0, 0, 1, 0, 0]",['Promote-Coordination'],"[0, 0, 0, 0, 0, 0, 1, 0, 0]","{""intents"":[""Promote-Coordination""]}"
431-3_utt2_intention,431-3,2,agent_1: sure as long as I am getting two wood.   It gets very cold at night where I go camping,Describe-Need,"[0, 0, 1, 0, 0, 0, 0, 0, 0]","['Describe-Need', 'Promote-Coordination']","[0, 0, 1, 0, 0, 0, 1, 0, 0]","{""intents"":[""Describe-Need"",""Promote-Coordination""]}"
431-4_utt1_intention,431-4,1,"agent_2: Sure, since you were so willing to accommodate my need for water, I would be happy to oblige. ",Promote-Coordination,"[0, 0, 0, 0, 0, 0, 1, 0, 0]",['Build-Rapport'],"[1, 0, 0, 0, 0, 0, 0, 0, 0]","{""intents"":[""Build-Rapport""]}"
431-4_utt2_intention,431-4,2,"agent_1: Thanks, these extra supplies will really help me",Build-Rapport,"[1, 0, 0, 0, 0, 0, 0, 0, 0]",['Build-Rapport'],"[1, 0, 0, 0, 0, 0, 0, 0, 0]","{""intents"":[""Build-Rapport""]}"
432-0_utt1_intention,432-0,1,"agent_2: Hi, 🙂 can we make a deal for me having 3 water, 2 food, and 2 firewood?",No-Intention,"[0, 0, 0, 0, 1, 0, 0, 0, 0]","['Build-Rapport', 'Promote-Coordination']","[1, 0, 0, 0, 0, 0, 1, 0, 0]","{""intents"":[""Build-Rapport"",""Promote-Coordination""]}"
432-0_utt2_intention,432-0,2,"agent_1: no what about this, I get 3 firewood then rest is yours",Callout-Fairness,"[0, 1, 0, 0, 0, 0, 0, 0, 0]",['Promote-Coordination'],"[0, 0, 0, 0, 0, 0, 1, 0, 0]","{""intents"":[""Promote-Coordination""]}"
432-1_utt1_intention,432-1,1,"agent_2: I think can highly consider it, why do you prefer the firewood? ",Discover-Preference,"[0, 0, 0, 1, 0, 0, 0, 0, 0]",['Discover-Preference'],"[0, 0, 0, 1, 0, 0, 0, 0, 0]","{""intents"":[""Discover-Preference""]}"
432-1_utt2_intention,432-1,2,"agent_1: for me, firewood is more useful ",No-Intention,"[0, 0, 0, 0, 1, 0, 0, 0, 0]",['Describe-Need'],"[0, 0, 1, 0, 0, 0, 0, 0, 0]","{""intents"":[""Describe-Need""]}"
432-2_utt1_intention,432-2,1,agent_2: I see. What do things would you use the firewood for?,Discover-Preference,"[0, 0, 0, 1, 0, 0, 0, 0, 0]",['Discover-Preference'],"[0, 0, 0, 1, 0, 0, 0, 0, 0]","{""intents"":[""Discover-Preference""]}"
432-2_utt2_intention,432-2,2,"agent_1: cooking, and sometimes I put firewood in the fireplace to keep me warm",Describe-Need,"[0, 0, 1, 0, 0, 0, 0, 0, 0]",['Describe-Need'],"[0, 0, 1, 0, 0, 0, 0, 0, 0]","{""intents"":[""Describe-Need""]}"
432-3_utt1_intention,432-3,1,agent_2: Those are good uses. I think can make a deal. Three firewood for you and I get three water and three food?,No-Intention,"[0, 0, 0, 0, 1, 0, 0, 0, 0]","['Build-Rapport', 'Promote-Coordination']","[1, 0, 0, 0, 0, 0, 1, 0, 0]","{""intents"":[""Build-Rapport"",""Promote-Coordination""]}"
432-3_utt2_intention,432-3,2,agent_1: that's right,No-Intention,"[0, 0, 0, 0, 1, 0, 0, 0, 0]",['Promote-Coordination'],"[0, 0, 0, 0, 0, 0, 1, 0, 0]","{""intents"":[""Promote-Coordination""]}"
432-4_utt1_intention,432-4,1,"agent_2: Alright a deal it's, thank you for cooperating ",Build-Rapport,"[1, 0, 0, 0, 0, 0, 0, 0, 0]","['Build-Rapport', 'Promote-Coordination']","[1, 0, 0, 0, 0, 0, 1, 0, 0]","{""intents"":[""Build-Rapport"",""Promote-Coordination""]}"
432-4_utt2_intention,432-4,2,agent_1: 🙂,No-Intention,"[0, 0, 0, 0, 1, 0, 0, 0, 0]",['Build-Rapport'],"[1, 0, 0, 0, 0, 0, 0, 0, 0]","{""intents"":[""Build-Rapport""]}"
433-0_utt1_intention,433-0,1,agent_2: Hi  I have an extra guest that will be camping with me and was wondering if you had an extra food package that you could spare?,Describe-Need,"[0, 0, 1, 0, 0, 0, 0, 0, 0]",['Describe-Need'],"[0, 0, 1, 0, 0, 0, 0, 0, 0]","{""intents"":[""Describe-Need""]}"
433-0_utt2_intention,433-0,2,"agent_1: I don't have much food, but you can take one package and I can take two? ",Callout-Fairness,"[0, 1, 0, 0, 0, 0, 0, 0, 0]",['Promote-Coordination'],"[0, 0, 0, 0, 0, 0, 1, 0, 0]","{""intents"":[""Promote-Coordination""]}"
433-1_utt1_intention,433-1,1,"agent_2: thanks  that would be great!  I also need an extra package of firewood, I will probably need it cooking.  Do you have a spare package of it as well?",Describe-Need,"[0, 0, 1, 0, 0, 0, 0, 0, 0]","['Build-Rapport', 'Describe-Need']","[1, 0, 1, 0, 0, 0, 0, 0, 0]","{""intents"":[""Build-Rapport"",""Describe-Need""]}"
433-1_utt2_intention,433-1,2,"agent_1: I don't need much firework, so you could have two packages. Could I take all of the water so I can wash my clothes? ",Describe-Need,"[0, 0, 1, 0, 0, 0, 0, 0, 0]","['No-Need', 'Promote-Coordination', 'Describe-Need']","[0, 0, 1, 0, 0, 1, 1, 0, 0]","{""intents"":[""No-Need"",""Promote-Coordination"",""Describe-Need""]}"
433-2_utt1_intention,433-2,1,"agent_2: Sure, I can wash whatever that needs to be washed out in the lake or river.  🙂",No-Need,"[0, 0, 0, 0, 0, 1, 0, 0, 0]",['Promote-Coordination'],"[0, 0, 0, 0, 0, 0, 1, 0, 0]","{""intents"":[""Promote-Coordination""]}"
433-2_utt2_intention,433-2,2,"agent_1: Alright, can you repeat the deal with me so we can make sure we are on the same page? ",No-Intention,"[0, 0, 0, 0, 1, 0, 0, 0, 0]",['Promote-Coordination'],"[0, 0, 0, 0, 0, 0, 1, 0, 0]","{""intents"":[""Promote-Coordination""]}"
433-3_utt1_intention,433-3,1,"agent_2: ok, I am getting 1 food package, two packages of firewood, and all of the water.  Is this correct?  ",No-Intention,"[0, 0, 0, 0, 1, 0, 0, 0, 0]",['Promote-Coordination'],"[0, 0, 0, 0, 0, 0, 1, 0, 0]","{""intents"":[""Promote-Coordination""]}"
433-3_utt2_intention,433-3,2,"agent_1: I thought I was taking 2 food packages, 3 waters and 1 firewood package. ",No-Intention,"[0, 0, 0, 0, 1, 0, 0, 0, 0]",['Promote-Coordination'],"[0, 0, 0, 0, 0, 0, 1, 0, 0]","{""intents"":[""Promote-Coordination""]}"
433-4_utt1_intention,433-4,1,"agent_2: Right, I typed in what that I was getting  lol  ",No-Intention,"[0, 0, 0, 0, 1, 0, 0, 0, 0]",['Build-Rapport'],"[1, 0, 0, 0, 0, 0, 0, 0, 0]","{""intents"":[""Build-Rapport""]}"
433-4_utt2_intention,433-4,2,"agent_1: Okay, this seems like a deal. 🙂",No-Intention,"[0, 0, 0, 0, 1, 0, 0, 0, 0]",['Promote-Coordination'],"[0, 0, 0, 0, 0, 0, 1, 0, 0]","{""intents"":[""Promote-Coordination""]}"
433-5_utt1_intention,433-5,1,"agent_2: Yes, it does.  Thanks and have a great afternoon!",Build-Rapport,"[1, 0, 0, 0, 0, 0, 0, 0, 0]",['Build-Rapport'],"[1, 0, 0, 0, 0, 0, 0, 0, 0]","{""intents"":[""Build-Rapport""]}"
434-0_utt1_intention,434-0,1,agent_2: Hello. I really just need firewood for my wife and daughter and some extra water for myself.,Describe-Need,"[0, 0, 1, 0, 0, 0, 0, 0, 0]",['Describe-Need'],"[0, 0, 1, 0, 0, 0, 0, 0, 0]","{""intents"":[""Describe-Need""]}"
434-0_utt2_intention,434-0,2,"agent_1: Hello, i also need firewood, i have a medical condition where it is very hard to maintain my body temperature. ",Describe-Need,"[0, 0, 1, 0, 0, 0, 0, 0, 0]",['Describe-Need'],"[0, 0, 1, 0, 0, 0, 0, 0, 0]","{""intents"":[""Describe-Need""]}"
434-1_utt1_intention,434-1,1,agent_2: My wife is in the same boat. That sucks. I wonder if it will be cold.,Build-Rapport,"[1, 0, 0, 0, 0, 0, 0, 0, 0]","['Build-Rapport', 'Show-Empathy']","[1, 0, 0, 0, 0, 0, 0, 1, 0]","{""intents"":[""Build-Rapport"",""Show-Empathy""]}"
434-1_utt2_intention,434-1,2,agent_1: Well i do not need the water at all as i have a distiller,No-Need,"[0, 0, 0, 0, 0, 1, 0, 0, 0]",['No-Need'],"[0, 0, 0, 0, 0, 1, 0, 0, 0]","{""intents"":[""No-Need""]}"
434-2_utt1_intention,434-2,1,agent_2: And I have plenty of food as I'm the only over eater of the group.,No-Need,"[0, 0, 0, 0, 0, 1, 0, 0, 0]",['No-Need'],"[0, 0, 0, 0, 0, 1, 0, 0, 0]","{""intents"":[""No-Need""]}"
434-2_utt2_intention,434-2,2,agent_1: OK how about 2 firewoods me 2 foods me 1 firewood you 1 food 3 water,No-Intention,"[0, 0, 0, 0, 1, 0, 0, 0, 0]",['Promote-Coordination'],"[0, 0, 0, 0, 0, 0, 1, 0, 0]","{""intents"":[""Promote-Coordination""]}"
434-3_utt1_intention,434-3,1,"agent_2: If I'm only getting 1 firewood let me have 1 extra food then. So you can have the 2 firewoods, plus 1 food. I'll get 1 firewood, 2 foods and 3 waters. You get the most important item so I'm thinking that's fair.","Callout-Fairness,Promote-Coordination","[0, 1, 0, 0, 0, 0, 1, 0, 0]","['Callout-Fairness', 'Promote-Coordination']","[0, 1, 0, 0, 0, 0, 1, 0, 0]","{""intents"":[""Callout-Fairness"",""Promote-Coordination""]}"
434-3_utt2_intention,434-3,2,agent_1: No in the end i will only be getting 3 items where you get 6 i think my way is more fair,Callout-Fairness,"[0, 1, 0, 0, 0, 0, 0, 0, 0]",['Callout-Fairness'],"[0, 1, 0, 0, 0, 0, 0, 0, 0]","{""intents"":[""Callout-Fairness""]}"
434-4_utt1_intention,434-4,1,agent_2: Yeah but my 6 aren't worth all that much. I'm the one who will have to answer to my family for not getting enough firewood. 🙂,No-Intention,"[0, 0, 0, 0, 1, 0, 0, 0, 0]","['Describe-Need', 'Callout-Fairness']","[0, 1, 1, 0, 0, 0, 0, 0, 0]","{""intents"":[""Describe-Need"",""Callout-Fairness""]}"
434-4_utt2_intention,434-4,2,agent_1: Well then if the firewood is that importants you can have 2 but i need 2 food and 2 water then,Promote-Coordination,"[0, 0, 0, 0, 0, 0, 1, 0, 0]",['Promote-Coordination'],"[0, 0, 0, 0, 0, 0, 1, 0, 0]","{""intents"":[""Promote-Coordination""]}"
434-5_utt1_intention,434-5,1,agent_2: That sounds good. Let's go with that.,No-Intention,"[0, 0, 0, 0, 1, 0, 0, 0, 0]",['Promote-Coordination'],"[0, 0, 0, 0, 0, 0, 1, 0, 0]","{""intents"":[""Promote-Coordination""]}"
435-0_utt1_intention,435-0,1,agent_1: Hi!  I am excited to go camping!  I would love to get 3 extra food and 3 water since we will be canoe camping and won't be able to purchase more.  ,"Build-Rapport,Describe-Need","[1, 0, 1, 0, 0, 0, 0, 0, 0]","['Build-Rapport', 'Describe-Need']","[1, 0, 1, 0, 0, 0, 0, 0, 0]","{""intents"":[""Build-Rapport"",""Describe-Need""]}"
435-0_utt2_intention,435-0,2,agent_2: I am going camping too.  May I ask where you are going canoe camping?,Build-Rapport,"[1, 0, 0, 0, 0, 0, 0, 0, 0]","['Build-Rapport', 'Discover-Preference']","[1, 0, 0, 1, 0, 0, 0, 0, 0]","{""intents"":[""Build-Rapport"",""Discover-Preference""]}"
435-1_utt1_intention,435-1,1,agent_1: We are going to camp in Oregon.  We are looking forward to it.  The views and scenery should be gorgeous.  How about you?,Build-Rapport,"[1, 0, 0, 0, 0, 0, 0, 0, 0]",['Build-Rapport'],"[1, 0, 0, 0, 0, 0, 0, 0, 0]","{""intents"":[""Build-Rapport""]}"
435-1_utt2_intention,435-1,2,agent_2: I am going to the Allegheny mountains in Pennsylvania.  I'm going to be hiking a lot so I will need some extra food.  Let's balance out the food and water somehow....,"Callout-Fairness,Describe-Need","[0, 1, 1, 0, 0, 0, 0, 0, 0]","['Build-Rapport', 'Describe-Need', 'Promote-Coordination']","[1, 0, 1, 0, 0, 0, 1, 0, 0]","{""intents"":[""Build-Rapport"",""Describe-Need"",""Promote-Coordination""]}"
435-2_utt1_intention,435-2,1,agent_1: Sounds good.  We will also be hiking a bunch and I have little kids who go through water and food like crazy.,Describe-Need,"[0, 0, 1, 0, 0, 0, 0, 0, 0]","['Build-Rapport', 'Describe-Need']","[1, 0, 1, 0, 0, 0, 0, 0, 0]","{""intents"":[""Build-Rapport"",""Describe-Need""]}"
435-2_utt2_intention,435-2,2,agent_2: What if I get 2 food packages and 1 water package....and you would get 1 food package and 2 waters?,No-Intention,"[0, 0, 0, 0, 1, 0, 0, 0, 0]",['Promote-Coordination'],"[0, 0, 0, 0, 0, 0, 1, 0, 0]","{""intents"":[""Promote-Coordination""]}"
435-3_utt1_intention,435-3,1,"agent_1: I think we will need more extra food than that.  How about the reverse, I get 2 food and 1 water and you get 1 food and 2 water.",Promote-Coordination,"[0, 0, 0, 0, 0, 0, 1, 0, 0]","['Describe-Need', 'Promote-Coordination']","[0, 0, 1, 0, 0, 0, 1, 0, 0]","{""intents"":[""Describe-Need"",""Promote-Coordination""]}"
435-3_utt2_intention,435-3,2,agent_2: I could do that if I could then get 2 packages of wood as well because it's been bitterly cold this time of year at night in the Alleghenies.,Describe-Need,"[0, 0, 1, 0, 0, 0, 0, 0, 0]",['Describe-Need'],"[0, 0, 1, 0, 0, 0, 0, 0, 0]","{""intents"":[""Describe-Need""]}"
435-4_utt1_intention,435-4,1,"agent_1: That sounds fair.  So I would get 2 food, 1 water, and 1 firewood.",Callout-Fairness,"[0, 1, 0, 0, 0, 0, 0, 0, 0]","['Callout-Fairness', 'Promote-Coordination']","[0, 1, 0, 0, 0, 0, 1, 0, 0]","{""intents"":[""Callout-Fairness"",""Promote-Coordination""]}"
435-4_utt2_intention,435-4,2,agent_2: Yes.  That's mighty kind of you and I'm glad we both got what we needed.,Build-Rapport,"[1, 0, 0, 0, 0, 0, 0, 0, 0]",['Build-Rapport'],"[1, 0, 0, 0, 0, 0, 0, 0, 0]","{""intents"":[""Build-Rapport""]}"
436-0_utt1_intention,436-0,1,"agent_1: Hi there, how's it going?",Build-Rapport,"[1, 0, 0, 0, 0, 0, 0, 0, 0]",['Build-Rapport'],"[1, 0, 0, 0, 0, 0, 0, 0, 0]","{""intents"":[""Build-Rapport""]}"
436-0_utt2_intention,436-0,2,"agent_2: hi, i am doing well",Build-Rapport,"[1, 0, 0, 0, 0, 0, 0, 0, 0]",['Build-Rapport'],"[1, 0, 0, 0, 0, 0, 0, 0, 0]","{""intents"":[""Build-Rapport""]}"
436-1_utt1_intention,436-1,1,"agent_1: cool, the family is looking forward to the camping trip this weekend",Build-Rapport,"[1, 0, 0, 0, 0, 0, 0, 0, 0]",['Build-Rapport'],"[1, 0, 0, 0, 0, 0, 0, 0, 0]","{""intents"":[""Build-Rapport""]}"
436-1_utt2_intention,436-1,2,"agent_2: same, I will need 3 food as I need food to survive, in return, you can have all the water",Describe-Need,"[0, 0, 1, 0, 0, 0, 0, 0, 0]","['Build-Rapport', 'Describe-Need', 'Promote-Coordination']","[1, 0, 1, 0, 0, 0, 1, 0, 0]","{""intents"":[""Build-Rapport"",""Describe-Need"",""Promote-Coordination""]}"
436-2_utt1_intention,436-2,1,agent_1: My kids are really eager to make s'mores and tell stories by the campfire. They do need some food though. But i am willing to give you the 3 food for 3 firewood and 2 water if that works for you?,"Build-Rapport,Describe-Need,Promote-Coordination","[1, 0, 1, 0, 0, 0, 1, 0, 0]","['Build-Rapport', 'Describe-Need']","[1, 0, 1, 0, 0, 0, 0, 0, 0]","{""intents"":[""Build-Rapport"", ""Describe-Need""]}"
436-2_utt2_intention,436-2,2,agent_2: how about 2 firewood and 3 water?,No-Intention,"[0, 0, 0, 0, 1, 0, 0, 0, 0]",['Promote-Coordination'],"[0, 0, 0, 0, 0, 0, 1, 0, 0]","{""intents"":[""Promote-Coordination""]}"
436-3_utt1_intention,436-3,1,"agent_1: so you'll get 3 food, 1 firewood and I'll get 2 firewood and 3 water?",No-Intention,"[0, 0, 0, 0, 1, 0, 0, 0, 0]",['Promote-Coordination'],"[0, 0, 0, 0, 0, 0, 1, 0, 0]","{""intents"":[""Promote-Coordination""]}"
436-3_utt2_intention,436-3,2,agent_2: correct,No-Intention,"[0, 0, 0, 0, 1, 0, 0, 0, 0]",['Promote-Coordination'],"[0, 0, 0, 0, 0, 0, 1, 0, 0]","{""intents"":[""Promote-Coordination""]}"
436-4_utt1_intention,436-4,1,agent_1: ok I can do that. after the next message I am happy to send over the proposal,No-Intention,"[0, 0, 0, 0, 1, 0, 0, 0, 0]",['Promote-Coordination'],"[0, 0, 0, 0, 0, 0, 1, 0, 0]","{""intents"":[""Promote-Coordination""]}"
436-4_utt2_intention,436-4,2,agent_2: sure thing,No-Intention,"[0, 0, 0, 0, 1, 0, 0, 0, 0]",['Promote-Coordination'],"[0, 0, 0, 0, 0, 0, 1, 0, 0]","{""intents"":[""Promote-Coordination""]}"
437-0_utt1_intention,437-0,1,"agent_1: Hi, how is your trip going? hopefully better than mine",Build-Rapport,"[1, 0, 0, 0, 0, 0, 0, 0, 0]",['Build-Rapport'],"[1, 0, 0, 0, 0, 0, 0, 0, 0]","{""intents"":[""Build-Rapport""]}"
437-0_utt2_intention,437-0,2,agent_2: My trip is going pretty so so too  im sorry to hear that about yours!! sounds like we both are gonna need some extra stuff? I was wondering if we could start with the water? any chance i could have it all and you can have all of something else? thoughts? im open to discussion,"Build-Rapport,Callout-Fairness,Promote-Coordination","[1, 1, 0, 0, 0, 0, 1, 0, 0]","['Build-Rapport', 'Show-Empathy', 'Describe-Need', 'Promote-Coordination', 'Discover-Preference']","[1, 0, 1, 1, 0, 0, 1, 1, 0]","{""intents"":[""Build-Rapport"", ""Show-Empathy"", ""Describe-Need"", ""Promote-Coordination"", ""Discover-Preference""]}"
437-1_utt1_intention,437-1,1,agent_1: I am actually very much in need of water. I fell while I was hiking during this trip. I have a really bad wound I need to clean on my leg. ,Describe-Need,"[0, 0, 1, 0, 0, 0, 0, 0, 0]",['Describe-Need'],"[0, 0, 1, 0, 0, 0, 0, 0, 0]","{""intents"":[""Describe-Need""]}"
437-1_utt2_intention,437-1,2,agent_2: yikes that stinks. i got some extra people with me and we dont hve enough either. could i take 2 since we will be drinking it and maybe you can have 1 to get that wound cleaned up,"Describe-Need,Show-Empathy,Undermine-Requirements","[0, 0, 1, 0, 0, 0, 0, 1, 1]","['Show-Empathy', 'Describe-Need', 'Promote-Coordination']","[0, 0, 1, 0, 0, 0, 1, 1, 0]","{""intents"":[""Show-Empathy"", ""Describe-Need"", ""Promote-Coordination""]}"
437-2_utt1_intention,437-2,1,agent_1: There is a lot of blood on my wound and if I don't get it cleaned I am afraid I would have to have it amputated. It's likely I'll be stationary a long time. Maybe I can give you 2 water in exchange for 2 foods since I'll be stuck up here for a long time? ,"Build-Rapport,Describe-Need,Promote-Coordination","[1, 0, 1, 0, 0, 0, 1, 0, 0]","['Describe-Need', 'Promote-Coordination']","[0, 0, 1, 0, 0, 0, 1, 0, 0]","{""intents"":[""Describe-Need"", ""Promote-Coordination""]}"
437-2_utt2_intention,437-2,2,agent_2: oh no!!!!! sounds like you shouldnt be camping at all. thats insane that happened. youre definitely in my thoughts. uhm i guess i have no choice since your situation is dire. so to be clear youre saying i can have two water and you can have two wood? if so thats ok with me,"Build-Rapport,Show-Empathy","[1, 0, 0, 0, 0, 0, 0, 1, 0]","['Build-Rapport', 'Show-Empathy', 'Promote-Coordination']","[1, 0, 0, 0, 0, 0, 1, 1, 0]","{""intents"":[""Build-Rapport"", ""Show-Empathy"", ""Promote-Coordination""]}"
437-3_utt1_intention,437-3,1,agent_1: I would give you 2 water in exchange for 2 of your food supplies,Promote-Coordination,"[0, 0, 0, 0, 0, 0, 1, 0, 0]",['Promote-Coordination'],"[0, 0, 0, 0, 0, 0, 1, 0, 0]","{""intents"":[""Promote-Coordination""]}"
437-3_utt2_intention,437-3,2,agent_2: im sorry i mistyped. okay yes thats a deal. so last we have to talk about the wood. what do you think,Promote-Coordination,"[0, 0, 0, 0, 0, 0, 1, 0, 0]","['Promote-Coordination', 'Discover-Preference']","[0, 0, 0, 1, 0, 0, 1, 0, 0]","{""intents"":[""Promote-Coordination"",""Discover-Preference""]}"
437-4_utt1_intention,437-4,1,"agent_1: Oh yes, sorry I am so caught up with my wound I completely forgot about that. I can spare 1 firewood so you would get 2, do you think you could spare another water in exchange for the wood?","Build-Rapport,Promote-Coordination","[1, 0, 0, 0, 0, 0, 1, 0, 0]","['Describe-Need', 'Promote-Coordination']","[0, 0, 1, 0, 0, 0, 1, 0, 0]","{""intents"":[""Describe-Need"",""Promote-Coordination""]}"
437-4_utt2_intention,437-4,2,agent_2: i cant unfortunately i really need the two water im sorry. ,"Callout-Fairness,Show-Empathy","[0, 1, 0, 0, 0, 0, 0, 1, 0]",['Describe-Need'],"[0, 0, 1, 0, 0, 0, 0, 0, 0]","{""intents"":[""Describe-Need""]}"
437-5_utt1_intention,437-5,1,agent_2: im so sorrry unfortunately i am in dire need of two wood we are in a very cold climate,Describe-Need,"[0, 0, 1, 0, 0, 0, 0, 0, 0]",['Describe-Need'],"[0, 0, 1, 0, 0, 0, 0, 0, 0]","{""intents"":[""Describe-Need""]}"
437-5_utt2_intention,437-5,2,"agent_1: how about i get 1 water, 2 food, and 2 firewood since I'll be here so long? because of my leg i likely won't be able to leave anytime soon","Callout-Fairness,Undermine-Requirements","[0, 1, 0, 0, 0, 0, 0, 0, 1]",['Describe-Need'],"[0, 0, 1, 0, 0, 0, 0, 0, 0]","{""intents"":[""Describe-Need""]}"
437-6_utt1_intention,437-6,1,agent_1: What about I give you more food in exchange for you giving me more water? I could give you 2 food and you give me an extra water?,Promote-Coordination,"[0, 0, 0, 0, 0, 0, 1, 0, 0]",['Promote-Coordination'],"[0, 0, 0, 0, 0, 0, 1, 0, 0]","{""intents"":[""Promote-Coordination""]}"
437-6_utt2_intention,437-6,2,agent_2: unfortunately that doesnt work for me. i am afraid i will not be able to discuss this any further my final offer is i get 2water 2food and 1wood,Callout-Fairness,"[0, 1, 0, 0, 0, 0, 0, 0, 0]",['No-Need'],"[0, 0, 0, 0, 0, 1, 0, 0, 0]","{""intents"":[""No-Need""]}"
437-7_utt1_intention,437-7,1,agent_1: can we meet in the middle? if we cannot come to an agreement we both get nothing and we both lose. i am in dire need of the water to keep my leg from having to be amputated. i have children at home i take care of and i can't live without my leg,"Callout-Fairness,Describe-Need","[0, 1, 1, 0, 0, 0, 0, 0, 0]","['Callout-Fairness', 'Describe-Need', 'Promote-Coordination']","[0, 1, 1, 0, 0, 0, 1, 0, 0]","{""intents"":[""Callout-Fairness"", ""Describe-Need"", ""Promote-Coordination""]}"
438-0_utt1_intention,438-0,1,agent_1: Hi there fellow camper!,Build-Rapport,"[1, 0, 0, 0, 0, 0, 0, 0, 0]",['Build-Rapport'],"[1, 0, 0, 0, 0, 0, 0, 0, 0]","{""intents"":[""Build-Rapport""]}"
438-0_utt2_intention,438-0,2,agent_2: Howdy 🙂 How are things?,Build-Rapport,"[1, 0, 0, 0, 0, 0, 0, 0, 0]",['Build-Rapport'],"[1, 0, 0, 0, 0, 0, 0, 0, 0]","{""intents"":[""Build-Rapport""]}"
438-1_utt1_intention,438-1,1,agent_1: I can't complain since I have a fun trip coming up! How about you?,Build-Rapport,"[1, 0, 0, 0, 0, 0, 0, 0, 0]",['Build-Rapport'],"[1, 0, 0, 0, 0, 0, 0, 0, 0]","{""intents"":[""Build-Rapport""]}"
438-1_utt2_intention,438-1,2,agent_2: I'm pretty decent.  I just had a bit of a problem with my blood sugar level but otherwise I'm doing fine.,Build-Rapport,"[1, 0, 0, 0, 0, 0, 0, 0, 0]",['Build-Rapport'],"[1, 0, 0, 0, 0, 0, 0, 0, 0]","{""intents"":[""Build-Rapport""]}"
438-2_utt1_intention,438-2,1,agent_1: Oh no! I hope you are okay! ,Build-Rapport,"[1, 0, 0, 0, 0, 0, 0, 0, 0]","['Build-Rapport', 'Show-Empathy']","[1, 0, 0, 0, 0, 0, 0, 1, 0]","{""intents"":[""Build-Rapport"",""Show-Empathy""]}"
438-2_utt2_intention,438-2,2,"agent_2: Yeah, I'm okay now.  It's just that I need to have a lot of food around to be able to manage it properly.  Like on this camping trip.",Describe-Need,"[0, 0, 1, 0, 0, 0, 0, 0, 0]",['Describe-Need'],"[0, 0, 1, 0, 0, 0, 0, 0, 0]","{""intents"":[""Describe-Need""]}"
438-3_utt1_intention,438-3,1,"agent_1: I totally understand! I am in need of food too, but it sounds like you really need it so I am hapy to give you all of the food if I can have all of the firewood?","Promote-Coordination,Show-Empathy","[0, 0, 0, 0, 0, 0, 1, 1, 0]","['Show-Empathy', 'Describe-Need', 'Promote-Coordination']","[0, 0, 1, 0, 0, 0, 1, 1, 0]","{""intents"":[""Show-Empathy"", ""Describe-Need"", ""Promote-Coordination""]}"
438-3_utt2_intention,438-3,2,"agent_2: What is your need for water?  I could use some of that, too.",Discover-Preference,"[0, 0, 0, 1, 0, 0, 0, 0, 0]","['Describe-Need', 'Discover-Preference']","[0, 0, 1, 1, 0, 0, 0, 0, 0]","{""intents"":[""Describe-Need"", ""Discover-Preference""]}"
438-4_utt1_intention,438-4,1,agent_1: I am pretty desperate for water! I tend to get thrisy when camping. Can I have 2 of the water?,Describe-Need,"[0, 0, 1, 0, 0, 0, 0, 0, 0]",['Describe-Need'],"[0, 0, 1, 0, 0, 0, 0, 0, 0]","{""intents"":[""Describe-Need""]}"
438-4_utt2_intention,438-4,2,"agent_2: I could live with that but I'd need to get one firewood.  I don't feel comfortable going with so little water but then also not having any firewood, since that's potentially useful for both food and water.","Callout-Fairness,Promote-Coordination","[0, 1, 0, 0, 0, 0, 1, 0, 0]",['Describe-Need'],"[0, 0, 1, 0, 0, 0, 0, 0, 0]","{""intents"":[""Describe-Need""]}"
439-0_utt1_intention,439-0,1,agent_1: Hello! Do you have any sort of preference regarding the 3 camping items?,Discover-Preference,"[0, 0, 0, 1, 0, 0, 0, 0, 0]","['Build-Rapport', 'Discover-Preference']","[1, 0, 0, 1, 0, 0, 0, 0, 0]","{""intents"":[""Build-Rapport"",""Discover-Preference""]}"
439-0_utt2_intention,439-0,2,"agent_2: Hello there! It's nice to meet you. Truthfully, I need to get some food and some firewood. What do you need?","Build-Rapport,Discover-Preference","[1, 0, 0, 1, 0, 0, 0, 0, 0]","['Build-Rapport', 'Describe-Need', 'Discover-Preference']","[1, 0, 1, 1, 0, 0, 0, 0, 0]","{""intents"":[""Build-Rapport"",""Describe-Need"",""Discover-Preference""]}"
439-1_utt1_intention,439-1,1,"agent_1: The main thing I like to do when camping is a lot of hiking (pretty much all day), so I was hoping to get as much food as possible so I can remain active.",Describe-Need,"[0, 0, 1, 0, 0, 0, 0, 0, 0]",['Describe-Need'],"[0, 0, 1, 0, 0, 0, 0, 0, 0]","{""intents"":[""Describe-Need""]}"
439-1_utt2_intention,439-1,2,agent_2: I'm sure we can come up with a compromise! I understand the need for extra food with exercise. Sometimes I get low blood sugar and need an extra snack. I'll give you 2 food if I can get 1.,Promote-Coordination,"[0, 0, 0, 0, 0, 0, 1, 0, 0]","['Build-Rapport', 'Show-Empathy', 'Describe-Need', 'Promote-Coordination']","[1, 0, 1, 0, 0, 0, 1, 1, 0]","{""intents"":[""Build-Rapport"", ""Show-Empathy"", ""Describe-Need"", ""Promote-Coordination""]}"
439-2_utt1_intention,439-2,1,agent_1: I think that is a totally fair split for the food. And I actually don't need a lot of firewood. I would be willing to give you all of it in exchange for the water.,"Callout-Fairness,Promote-Coordination","[0, 1, 0, 0, 0, 0, 1, 0, 0]","['Callout-Fairness', 'No-Need', 'Promote-Coordination']","[0, 1, 0, 0, 0, 1, 1, 0, 0]","{""intents"":[""Callout-Fairness"", ""No-Need"", ""Promote-Coordination""]}"
439-2_utt2_intention,439-2,2,"agent_2: I think so, too. I'm glad you offered that - we got stuck in the rain and need the firewood to dry our clothes. I'd be more than happy to give you all the water for all the firewood.","Describe-Need,Promote-Coordination","[0, 0, 1, 0, 0, 0, 1, 0, 0]","['Build-Rapport', 'Describe-Need', 'Promote-Coordination']","[1, 0, 1, 0, 0, 0, 1, 0, 0]","{""intents"":[""Build-Rapport"", ""Describe-Need"", ""Promote-Coordination""]}"
439-3_utt1_intention,439-3,1,"agent_1: Great! I get dehydrated very easily, so I am pretty jumpy at the thought of running out! 🙂",Build-Rapport,"[1, 0, 0, 0, 0, 0, 0, 0, 0]",['Describe-Need'],"[0, 0, 1, 0, 0, 0, 0, 0, 0]","{""intents"":[""Describe-Need""]}"
439-3_utt2_intention,439-3,2,"agent_2: That's not good! ☹️ We don't want that to happen. So to confirm, you get 2 food and all the water, and I get 1 food and all the firewood? 🙂",Show-Empathy,"[0, 0, 0, 0, 0, 0, 0, 1, 0]","['Show-Empathy', 'Promote-Coordination']","[0, 0, 0, 0, 0, 0, 1, 1, 0]","{""intents"":[""Show-Empathy"", ""Promote-Coordination""]}"
439-4_utt1_intention,439-4,1,"agent_1: Yes. I would get 2 food and 3 water, and you would get 1 food and 3 firewood. Hopefully this works for you!",No-Intention,"[0, 0, 0, 0, 1, 0, 0, 0, 0]",['Promote-Coordination'],"[0, 0, 0, 0, 0, 0, 1, 0, 0]","{""intents"":[""Promote-Coordination""]}"
439-4_utt2_intention,439-4,2,agent_2: You have yourself a deal!,No-Intention,"[0, 0, 0, 0, 1, 0, 0, 0, 0]",['Promote-Coordination'],"[0, 0, 0, 0, 0, 0, 1, 0, 0]","{""intents"":[""Promote-Coordination""]}"
440-0_utt1_intention,440-0,1,agent_2: Hello.  I am very interested in the firewood and would be very willing to forfeit all the water.,Promote-Coordination,"[0, 0, 0, 0, 0, 0, 1, 0, 0]","['Build-Rapport', 'Describe-Need']","[1, 0, 1, 0, 0, 0, 0, 0, 0]","{""intents"":[""Build-Rapport"",""Describe-Need""]}"
440-0_utt2_intention,440-0,2,agent_1: oh really.  i am willing to make a negotiation with you on that for sure.  where are you plannign to camp?,"Build-Rapport,Promote-Coordination","[1, 0, 0, 0, 0, 0, 1, 0, 0]","['Build-Rapport', 'Discover-Preference']","[1, 0, 0, 1, 0, 0, 0, 0, 0]","{""intents"":[""Build-Rapport"", ""Discover-Preference""]}"
440-1_utt1_intention,440-1,1,agent_2: I'm camping near a natural spring and will have all the water I need.  How are you planning to eat?,"Build-Rapport,No-Need","[1, 0, 0, 0, 0, 1, 0, 0, 0]","['No-Need', 'Discover-Preference']","[0, 0, 0, 1, 0, 1, 0, 0, 0]","{""intents"":[""No-Need"",""Discover-Preference""]}"
440-1_utt2_intention,440-1,2,agent_1: i have some spare cans but i am not too worried about it.  its a low prioirty for me ,No-Need,"[0, 0, 0, 0, 0, 1, 0, 0, 0]",['No-Need'],"[0, 0, 0, 0, 0, 1, 0, 0, 0]","{""intents"":[""No-Need""]}"
440-2_utt1_intention,440-2,1,agent_2: How about your water?  Won't you be going through a lot of water where you are going?,Discover-Preference,"[0, 0, 0, 1, 0, 0, 0, 0, 0]","['Discover-Preference', 'Undermine-Requirements']","[0, 0, 0, 1, 0, 0, 0, 0, 1]","{""intents"":[""Discover-Preference"",""Undermine-Requirements""]}"
440-2_utt2_intention,440-2,2,"agent_1: i am good on that,  i dont think i will be but its second on my to do list",No-Intention,"[0, 0, 0, 0, 1, 0, 0, 0, 0]",['No-Need'],"[0, 0, 0, 0, 0, 1, 0, 0, 0]","{""intents"":[""No-Need""]}"
440-3_utt1_intention,440-3,1,agent_2: Are you willing to take 1 firewood and 2 waters?  I also don't need the food.,Promote-Coordination,"[0, 0, 0, 0, 0, 0, 1, 0, 0]","['Discover-Preference', 'No-Need']","[0, 0, 0, 1, 0, 1, 0, 0, 0]","{""intents"":[""Discover-Preference"", ""No-Need""]}"
440-3_utt2_intention,440-3,2,agent_1: yeah for sure.  sounds liek a godo trade to me honestly,No-Intention,"[0, 0, 0, 0, 1, 0, 0, 0, 0]",['Promote-Coordination'],"[0, 0, 0, 0, 0, 0, 1, 0, 0]","{""intents"":[""Promote-Coordination""]}"
440-4_utt1_intention,440-4,1,agent_2: Great!  Sounds like a deal.  Enjoy your camping trip!,Build-Rapport,"[1, 0, 0, 0, 0, 0, 0, 0, 0]","['Build-Rapport', 'Promote-Coordination']","[1, 0, 0, 0, 0, 0, 1, 0, 0]","{""intents"":[""Build-Rapport"",""Promote-Coordination""]}"
440-4_utt2_intention,440-4,2,agent_1: you too thanks,Build-Rapport,"[1, 0, 0, 0, 0, 0, 0, 0, 0]",['Build-Rapport'],"[1, 0, 0, 0, 0, 0, 0, 0, 0]","{""intents"":[""Build-Rapport""]}"
441-0_utt1_intention,441-0,1,"agent_2: Hello, are you excited for your camping trip?",Build-Rapport,"[1, 0, 0, 0, 0, 0, 0, 0, 0]",['Build-Rapport'],"[1, 0, 0, 0, 0, 0, 0, 0, 0]","{""intents"":[""Build-Rapport""]}"
441-0_utt2_intention,441-0,2,agent_1: hii,No-Intention,"[0, 0, 0, 0, 1, 0, 0, 0, 0]",['Build-Rapport'],"[1, 0, 0, 0, 0, 0, 0, 0, 0]","{""intents"":[""Build-Rapport""]}"
441-1_utt1_intention,441-1,1,agent_2: Do you have an idea of how you'd like to split up the extra supplies?,"Callout-Fairness,Promote-Coordination","[0, 1, 0, 0, 0, 0, 1, 0, 0]","['Discover-Preference', 'Promote-Coordination']","[0, 0, 0, 1, 0, 0, 1, 0, 0]","{""intents"":[""Discover-Preference"",""Promote-Coordination""]}"
441-1_utt2_intention,441-1,2,agent_1: yes food mostly must of one. and the used of firewood.,No-Intention,"[0, 0, 0, 0, 1, 0, 0, 0, 0]",['Describe-Need'],"[0, 0, 1, 0, 0, 0, 0, 0, 0]","{""intents"":[""Describe-Need""]}"
441-2_utt1_intention,441-2,1,agent_2: I was hoping to get some extra food just in case my kids get hungry. Would you be ok if I took 2 food and you could have 2 of the rest?,Describe-Need,"[0, 0, 1, 0, 0, 0, 0, 0, 0]","['Describe-Need', 'Promote-Coordination']","[0, 0, 1, 0, 0, 0, 1, 0, 0]","{""intents"":[""Describe-Need"",""Promote-Coordination""]}"
441-2_utt2_intention,441-2,2,agent_1: yes child is not hoping. u hive me a all extra food to the child.,No-Intention,"[0, 0, 0, 0, 1, 0, 0, 0, 0]",['Promote-Coordination'],"[0, 0, 0, 0, 0, 0, 1, 0, 0]","{""intents"":[""Promote-Coordination""]}"
441-3_utt1_intention,441-3,1,agent_2: You're good with the extra water and firewood?,No-Intention,"[0, 0, 0, 0, 1, 0, 0, 0, 0]",['Discover-Preference'],"[0, 0, 0, 1, 0, 0, 0, 0, 0]","{""intents"":[""Discover-Preference""]}"
441-3_utt2_intention,441-3,2,agent_1: yes extra water and firewood of my self.,No-Intention,"[0, 0, 0, 0, 1, 0, 0, 0, 0]",['Promote-Coordination'],"[0, 0, 0, 0, 0, 0, 1, 0, 0]","{""intents"":[""Promote-Coordination""]}"
441-4_utt1_intention,441-4,1,"agent_2: Perfect. So I'll submit 2 food for me, 1 water, and 1 firewood?",No-Intention,"[0, 0, 0, 0, 1, 0, 0, 0, 0]",['Promote-Coordination'],"[0, 0, 0, 0, 0, 0, 1, 0, 0]","{""intents"":[""Promote-Coordination""]}"
441-4_utt2_intention,441-4,2,agent_1: i have good thinking most of water must.,No-Intention,"[0, 0, 0, 0, 1, 0, 0, 0, 0]",['Describe-Need'],"[0, 0, 1, 0, 0, 0, 0, 0, 0]","{""intents"":[""Describe-Need""]}"
442-0_utt1_intention,442-0,1,"agent_2: Hi!  I want some additional packages of firewood, water, and food",No-Intention,"[0, 0, 0, 0, 1, 0, 0, 0, 0]",['Describe-Need'],"[0, 0, 1, 0, 0, 0, 0, 0, 0]","{""intents"":[""Describe-Need""]}"
442-0_utt2_intention,442-0,2,agent_1: Are you bringing guest?,Build-Rapport,"[1, 0, 0, 0, 0, 0, 0, 0, 0]",['Discover-Preference'],"[0, 0, 0, 1, 0, 0, 0, 0, 0]","{""intents"":[""Discover-Preference""]}"
442-1_utt1_intention,442-1,1,agent_2: I am a campaign partner,Build-Rapport,"[1, 0, 0, 0, 0, 0, 0, 0, 0]",['Describe-Need'],"[0, 0, 1, 0, 0, 0, 0, 0, 0]","{""intents"":[""Describe-Need""]}"
442-1_utt2_intention,442-1,2,agent_1: Oh. What does that mean?,Build-Rapport,"[1, 0, 0, 0, 0, 0, 0, 0, 0]",['Discover-Preference'],"[0, 0, 0, 1, 0, 0, 0, 0, 0]","{""intents"":[""Discover-Preference""]}"
442-2_utt1_intention,442-2,1,agent_2: No I am the only person who come with you,Build-Rapport,"[1, 0, 0, 0, 0, 0, 0, 0, 0]",['No-Need'],"[0, 0, 0, 0, 0, 1, 0, 0, 0]","{""intents"":[""No-Need""]}"
442-2_utt2_intention,442-2,2,"agent_1: Oh.  Well, which items exactly do you want?",Discover-Preference,"[0, 0, 0, 1, 0, 0, 0, 0, 0]",['Discover-Preference'],"[0, 0, 0, 1, 0, 0, 0, 0, 0]","{""intents"":[""Discover-Preference""]}"
442-3_utt1_intention,442-3,1,"agent_2: I want 3 packages of firewood, 2 packages of water, and a package of food",No-Intention,"[0, 0, 0, 0, 1, 0, 0, 0, 0]",['Describe-Need'],"[0, 0, 1, 0, 0, 0, 0, 0, 0]","{""intents"":[""Describe-Need""]}"
442-3_utt2_intention,442-3,2,agent_1: Not happening,Callout-Fairness,"[0, 1, 0, 0, 0, 0, 0, 0, 0]",['No-Intention'],"[0, 0, 0, 0, 1, 0, 0, 0, 0]","{""intents"":[""No-Intention""]}"
442-4_utt1_intention,442-4,1,agent_2: If you do not come with a deal I would walk away,No-Intention,"[0, 0, 0, 0, 1, 0, 0, 0, 0]",['Undermine-Requirements'],"[0, 0, 0, 0, 0, 0, 0, 0, 1]","{""intents"":[""Undermine-Requirements""]}"
442-4_utt2_intention,442-4,2,agent_1: Bye then,No-Intention,"[0, 0, 0, 0, 1, 0, 0, 0, 0]",['No-Intention'],"[0, 0, 0, 0, 1, 0, 0, 0, 0]","{""intents"":[""No-Intention""]}"
442-5_utt1_intention,442-5,1,agent_2: Your decision could not use both of us,No-Intention,"[0, 0, 0, 0, 1, 0, 0, 0, 0]",['Promote-Coordination'],"[0, 0, 0, 0, 0, 0, 1, 0, 0]","{""intents"":[""Promote-Coordination""]}"
442-5_utt2_intention,442-5,2,agent_1: I will give you 3 firewoods and I will take 3 water and 3 food.,No-Intention,"[0, 0, 0, 0, 1, 0, 0, 0, 0]",['Promote-Coordination'],"[0, 0, 0, 0, 0, 0, 1, 0, 0]","{""intents"":[""Promote-Coordination""]}"
442-6_utt1_intention,442-6,1,agent_2: This is not work for me at least give me one more water package,Callout-Fairness,"[0, 1, 0, 0, 0, 0, 0, 0, 0]",['Describe-Need'],"[0, 0, 1, 0, 0, 0, 0, 0, 0]","{""intents"":[""Describe-Need""]}"
442-6_utt2_intention,442-6,2,"agent_1: Nope, take it or leave it.",Promote-Coordination,"[0, 0, 0, 0, 0, 0, 1, 0, 0]",['No-Intention'],"[0, 0, 0, 0, 1, 0, 0, 0, 0]","{""intents"":[""No-Intention""]}"
442-7_utt1_intention,442-7,1,agent_2: That's okay thank for your deal,No-Intention,"[0, 0, 0, 0, 1, 0, 0, 0, 0]",['Build-Rapport'],"[1, 0, 0, 0, 0, 0, 0, 0, 0]","{""intents"":[""Build-Rapport""]}"
442-7_utt2_intention,442-7,2,agent_1: Okay then deal!🙂,No-Intention,"[0, 0, 0, 0, 1, 0, 0, 0, 0]",['Promote-Coordination'],"[0, 0, 0, 0, 0, 0, 1, 0, 0]","{""intents"":[""Promote-Coordination""]}"
442-8_utt1_intention,442-8,1,agent_2: 🙂,No-Intention,"[0, 0, 0, 0, 1, 0, 0, 0, 0]",['Build-Rapport'],"[1, 0, 0, 0, 0, 0, 0, 0, 0]","{""intents"":[""Build-Rapport""]}"
443-0_utt1_intention,443-0,1,agent_1: food is necessary for all living beings. ,No-Intention,"[0, 0, 0, 0, 1, 0, 0, 0, 0]",['Describe-Need'],"[0, 0, 1, 0, 0, 0, 0, 0, 0]","{""intents"":[""Describe-Need""]}"
443-0_utt2_intention,443-0,2,agent_2: I am traveling with a big group so we need more water.,Describe-Need,"[0, 0, 1, 0, 0, 0, 0, 0, 0]",['Describe-Need'],"[0, 0, 1, 0, 0, 0, 0, 0, 0]","{""intents"":[""Describe-Need""]}"
443-1_utt1_intention,443-1,1,agent_1: lots of water only for when u have thirsty,Undermine-Requirements,"[0, 0, 0, 0, 0, 0, 0, 0, 1]",['Undermine-Requirements'],"[0, 0, 0, 0, 0, 0, 0, 0, 1]","{""intents"":[""Undermine-Requirements""]}"
443-1_utt2_intention,443-1,2,agent_2: That's true but we don't want to be dehydrated either since we have so many people haha. Here's my suggestion: 2 waters for me and 2 food items for you?,No-Intention,"[0, 0, 0, 0, 1, 0, 0, 0, 0]","['Describe-Need', 'Promote-Coordination']","[0, 0, 1, 0, 0, 0, 1, 0, 0]","{""intents"":[""Describe-Need"",""Promote-Coordination""]}"
443-2_utt1_intention,443-2,1,agent_1: if u had hungry means what will u do. u need food. right. hehehe,Undermine-Requirements,"[0, 0, 0, 0, 0, 0, 0, 0, 1]",['Describe-Need'],"[0, 0, 1, 0, 0, 0, 0, 0, 0]","{""intents"":[""Describe-Need""]}"
443-2_utt2_intention,443-2,2,"agent_2: I'm willing to give more food to you in exchange for more water since not everybody in my group eats a lot. How about this: I take 2 waters, 1 food, 1 firewood and you can get everything else?",Promote-Coordination,"[0, 0, 0, 0, 0, 0, 1, 0, 0]","['Describe-Need', 'Promote-Coordination']","[0, 0, 1, 0, 0, 0, 1, 0, 0]","{""intents"":[""Describe-Need"",""Promote-Coordination""]}"
443-3_utt1_intention,443-3,1,agent_1: ok i accept  ur thoughts.sharing is good habit,Callout-Fairness,"[0, 1, 0, 0, 0, 0, 0, 0, 0]","['Build-Rapport', 'Promote-Coordination']","[1, 0, 0, 0, 0, 0, 1, 0, 0]","{""intents"":[""Build-Rapport"",""Promote-Coordination""]}"
443-3_utt2_intention,443-3,2,agent_2: Perfect 🙂 I think that sounds like a good deal for both of us!,No-Intention,"[0, 0, 0, 0, 1, 0, 0, 0, 0]",['Build-Rapport'],"[1, 0, 0, 0, 0, 0, 0, 0, 0]","{""intents"":[""Build-Rapport""]}"
443-4_utt1_intention,443-4,1,agent_1: yes i deal with u,Build-Rapport,"[1, 0, 0, 0, 0, 0, 0, 0, 0]",['Promote-Coordination'],"[0, 0, 0, 0, 0, 0, 1, 0, 0]","{""intents"":[""Promote-Coordination""]}"
443-4_utt2_intention,443-4,2,"agent_2: Ok so when we can submit, this will be the breakdown: ",Build-Rapport,"[1, 0, 0, 0, 0, 0, 0, 0, 0]",['Promote-Coordination'],"[0, 0, 0, 0, 0, 0, 1, 0, 0]","{""intents"":[""Promote-Coordination""]}"
443-5_utt1_intention,443-5,1,"agent_2: I thought we agreed that I get 2 waters, 1 food, 1 firewood and you get the rest?",No-Intention,"[0, 0, 0, 0, 1, 0, 0, 0, 0]",['Promote-Coordination'],"[0, 0, 0, 0, 0, 0, 1, 0, 0]","{""intents"":[""Promote-Coordination""]}"
443-5_utt2_intention,443-5,2,agent_1: ok,No-Intention,"[0, 0, 0, 0, 1, 0, 0, 0, 0]",['Promote-Coordination'],"[0, 0, 0, 0, 0, 0, 1, 0, 0]","{""intents"":[""Promote-Coordination""]}"
444-0_utt1_intention,444-0,1,agent_1: Hello,No-Intention,"[0, 0, 0, 0, 1, 0, 0, 0, 0]",['Build-Rapport'],"[1, 0, 0, 0, 0, 0, 0, 0, 0]","{""intents"":[""Build-Rapport""]}"
444-0_utt2_intention,444-0,2,"agent_2: Hi there.. how are you doing today?  I hope well!  🙂  So, it looks like we need to divy up these supplies, huh?  Do you have any thoughts on the issue?","Build-Rapport,Discover-Preference","[1, 0, 0, 1, 0, 0, 0, 0, 0]","['Build-Rapport', 'Discover-Preference', 'Promote-Coordination']","[1, 0, 0, 1, 0, 0, 1, 0, 0]","{""intents"":[""Build-Rapport"", ""Discover-Preference"", ""Promote-Coordination""]}"
444-1_utt1_intention,444-1,1,"agent_1: I'm doing fine thank you, how about you? Well for my trip I'm most interesting in socializing so a great campfire a night would be great, I'd prefer not to boil water either so want extra of that too. Food less so as I will go fishing and know wild vegetables, fruits and mushrooms I can pick. How about you?","Build-Rapport,Describe-Need,Discover-Preference,No-Need","[1, 0, 1, 1, 0, 1, 0, 0, 0]","['Build-Rapport', 'Describe-Need', 'Discover-Preference']","[1, 0, 1, 1, 0, 0, 0, 0, 0]","{""intents"":[""Build-Rapport"", ""Describe-Need"", ""Discover-Preference""]}"
444-1_utt2_intention,444-1,2,agent_2: Awesome.. it seems like we're kind of on the same page here then as I'm going to need food for my people since they're not real self-sufficient but I'm less neurotic about the water or the firewood.. we're from Florida so we actually kind of like the cooler weather anyway.. lol,"Describe-Need,No-Need","[0, 0, 1, 0, 0, 1, 0, 0, 0]","['Build-Rapport', 'Describe-Need']","[1, 0, 1, 0, 0, 0, 0, 0, 0]","{""intents"":[""Build-Rapport"", ""Describe-Need""]}"
444-2_utt1_intention,444-2,1,agent_1: Seems like we can come to good terms here. How much of the 3 food packages do you want?,Promote-Coordination,"[0, 0, 0, 0, 0, 0, 1, 0, 0]","['Build-Rapport', 'Discover-Preference']","[1, 0, 0, 1, 0, 0, 0, 0, 0]","{""intents"":[""Build-Rapport"",""Discover-Preference""]}"
444-2_utt2_intention,444-2,2,"agent_2: So, I'd love to take 2 of the food, 1 of the water, and one of the firewood.. that would leave you 1 food, 2 water, and 2 firewood.. so technically, you're actually netting a higher item count 🙂",No-Intention,"[0, 0, 0, 0, 1, 0, 0, 0, 0]","['Describe-Need', 'Callout-Fairness']","[0, 1, 1, 0, 0, 0, 0, 0, 0]","{""intents"":[""Describe-Need"",""Callout-Fairness""]}"
444-3_utt1_intention,444-3,1,agent_1: That is a very fair deal. Sure you could join us at our campfire if you wanted some heat.,"Build-Rapport,Callout-Fairness","[1, 1, 0, 0, 0, 0, 0, 0, 0]","['Build-Rapport', 'Callout-Fairness']","[1, 1, 0, 0, 0, 0, 0, 0, 0]","{""intents"":[""Build-Rapport"", ""Callout-Fairness""]}"
444-3_utt2_intention,444-3,2,agent_2: That would be awesome.. I'm looking forward to it.  Glad we could come up to such an amicable and easy arrangement 🙂,Build-Rapport,"[1, 0, 0, 0, 0, 0, 0, 0, 0]",['Build-Rapport'],"[1, 0, 0, 0, 0, 0, 0, 0, 0]","{""intents"":[""Build-Rapport""]}"
444-4_utt1_intention,444-4,1,"agent_1: Indeed, glad we could agree without any fuss. Sure I could catch you some fish too 🙂",Build-Rapport,"[1, 0, 0, 0, 0, 0, 0, 0, 0]",['Build-Rapport'],"[1, 0, 0, 0, 0, 0, 0, 0, 0]","{""intents"":[""Build-Rapport""]}"
444-4_utt2_intention,444-4,2,"agent_2: Rock on.. we love fish.. well at least I do 🙂  Not sure about everyone else.. but if not, oh well, more fish for me 🙂",Build-Rapport,"[1, 0, 0, 0, 0, 0, 0, 0, 0]",['Build-Rapport'],"[1, 0, 0, 0, 0, 0, 0, 0, 0]","{""intents"":[""Build-Rapport""]}"
444-5_utt1_intention,444-5,1,agent_1: Well if they don't like fish more for us :) So we are 100% agreed now?,Build-Rapport,"[1, 0, 0, 0, 0, 0, 0, 0, 0]","['Build-Rapport', 'Promote-Coordination']","[1, 0, 0, 0, 0, 0, 1, 0, 0]","{""intents"":[""Build-Rapport"",""Promote-Coordination""]}"
444-5_utt2_intention,444-5,2,agent_2: Yes.. absolutely.. I'll put the deal together now 🙂,Build-Rapport,"[1, 0, 0, 0, 0, 0, 0, 0, 0]",['Promote-Coordination'],"[0, 0, 0, 0, 0, 0, 1, 0, 0]","{""intents"":[""Promote-Coordination""]}"
444-6_utt1_intention,444-6,1,"agent_1: Thank you, been great chatting to you. Lets enjoy the trip!",Build-Rapport,"[1, 0, 0, 0, 0, 0, 0, 0, 0]",['Build-Rapport'],"[1, 0, 0, 0, 0, 0, 0, 0, 0]","{""intents"":[""Build-Rapport""]}"
445-0_utt1_intention,445-0,1,"agent_2: Hello! camper, how are you? I need us to make a deal where we all benefit.I'm so excited for our camping trip.  I'm most excited about getting to eat food that I normally don't when I am home.🙂","Build-Rapport,Callout-Fairness,Describe-Need,Promote-Coordination","[1, 1, 1, 0, 0, 0, 1, 0, 0]","['Build-Rapport', 'Callout-Fairness']","[1, 1, 0, 0, 0, 0, 0, 0, 0]","{""intents"":[""Build-Rapport"", ""Callout-Fairness""]}"
445-0_utt2_intention,445-0,2,agent_1: I am excited too and looking forward to making a deal that works well for both of us!,Build-Rapport,"[1, 0, 0, 0, 0, 0, 0, 0, 0]","['Build-Rapport', 'Promote-Coordination']","[1, 0, 0, 0, 0, 0, 1, 0, 0]","{""intents"":[""Build-Rapport"", ""Promote-Coordination""]}"
445-1_utt1_intention,445-1,1,"agent_2: My main objective for the camp is water, since I have a large family and the amount of water they give in the camp is very small for all my family.",Describe-Need,"[0, 0, 1, 0, 0, 0, 0, 0, 0]",['Describe-Need'],"[0, 0, 1, 0, 0, 0, 0, 0, 0]","{""intents"":[""Describe-Need""]}"
445-1_utt2_intention,445-1,2,agent_1: I need water also but firewood is my second highest priority item. Maybe you could take more of the water and I could take more of the firewood.,Callout-Fairness,"[0, 1, 0, 0, 0, 0, 0, 0, 0]","['Describe-Need', 'Promote-Coordination']","[0, 0, 1, 0, 0, 0, 1, 0, 0]","{""intents"":[""Describe-Need"",""Promote-Coordination""]}"
445-2_utt1_intention,445-2,1,"agent_2: I find it a good deal, however before making a deal, I like to talk to people, get to know them better. I plan to go to camp with my family: my wife, my four children and myself. Are you going with your family?",Build-Rapport,"[1, 0, 0, 0, 0, 0, 0, 0, 0]",['Build-Rapport'],"[1, 0, 0, 0, 0, 0, 0, 0, 0]","{""intents"":[""Build-Rapport""]}"
445-2_utt2_intention,445-2,2,"agent_1: Yes, I am going with my wife and two teenage sons. We are planning on doing a lot of fishing!",Build-Rapport,"[1, 0, 0, 0, 0, 0, 0, 0, 0]",['Build-Rapport'],"[1, 0, 0, 0, 0, 0, 0, 0, 0]","{""intents"":[""Build-Rapport""]}"
445-3_utt1_intention,445-3,1,agent_2: What do you think if in the camp we get together and have a meeting between your family and mine? We can have a small party to get to know each other better.,Build-Rapport,"[1, 0, 0, 0, 0, 0, 0, 0, 0]",['Build-Rapport'],"[1, 0, 0, 0, 0, 0, 0, 0, 0]","{""intents"":[""Build-Rapport""]}"
445-3_utt2_intention,445-3,2,agent_1: Sounds great!,Build-Rapport,"[1, 0, 0, 0, 0, 0, 0, 0, 0]",['Build-Rapport'],"[1, 0, 0, 0, 0, 0, 0, 0, 0]","{""intents"":[""Build-Rapport""]}"
445-4_utt1_intention,445-4,1,"agent_2: Ok, my proposal is to give you all the firewood you need, on the condition that you give me all the water I need. And regarding food we can negotiate.",Promote-Coordination,"[0, 0, 0, 0, 0, 0, 1, 0, 0]",['Promote-Coordination'],"[0, 0, 0, 0, 0, 0, 1, 0, 0]","{""intents"":[""Promote-Coordination""]}"
445-4_utt2_intention,445-4,2,agent_1: That sounds good. What do you propose on the food?,No-Intention,"[0, 0, 0, 0, 1, 0, 0, 0, 0]",['Discover-Preference'],"[0, 0, 0, 1, 0, 0, 0, 0, 0]","{""intents"":[""Discover-Preference""]}"
445-5_utt1_intention,445-5,1,"agent_2: My proposal is to give you 3 firewood, 2 food and 0 water. What do you think of the deal?",No-Intention,"[0, 0, 0, 0, 1, 0, 0, 0, 0]",['Promote-Coordination'],"[0, 0, 0, 0, 0, 0, 1, 0, 0]","{""intents"":[""Promote-Coordination""]}"
446-0_utt1_intention,446-0,1,agent_1: Hey how's it going,Build-Rapport,"[1, 0, 0, 0, 0, 0, 0, 0, 0]",['Build-Rapport'],"[1, 0, 0, 0, 0, 0, 0, 0, 0]","{""intents"":[""Build-Rapport""]}"
446-0_utt2_intention,446-0,2,"agent_2: Good, looking forward to my camping trip.",Build-Rapport,"[1, 0, 0, 0, 0, 0, 0, 0, 0]",['Build-Rapport'],"[1, 0, 0, 0, 0, 0, 0, 0, 0]","{""intents"":[""Build-Rapport""]}"
446-1_utt1_intention,446-1,1,"agent_1: Nice, I am too. I'm actually looking to gather up some extra supplies, what about you?",Build-Rapport,"[1, 0, 0, 0, 0, 0, 0, 0, 0]","['Build-Rapport', 'Describe-Need', 'Discover-Preference']","[1, 0, 1, 1, 0, 0, 0, 0, 0]","{""intents"":[""Build-Rapport"",""Describe-Need"",""Discover-Preference""]}"
446-1_utt2_intention,446-1,2,"agent_2: I need extra supplies as well. I'll be camping at a higher elevation and need extra firewood for warmth, extra food and some water. What do you need?","Describe-Need,Discover-Preference","[0, 0, 1, 1, 0, 0, 0, 0, 0]","['Describe-Need', 'Discover-Preference']","[0, 0, 1, 1, 0, 0, 0, 0, 0]","{""intents"":[""Describe-Need"",""Discover-Preference""]}"
446-2_utt1_intention,446-2,1,"agent_1: I was really looking for extra food, firewood is important to me but I could spare some in exchange. I normally eat more than the average person so I'm worried my food supplies as is will make it hard to get through the trip.","Describe-Need,Promote-Coordination","[0, 0, 1, 0, 0, 0, 1, 0, 0]",['Describe-Need'],"[0, 0, 1, 0, 0, 0, 0, 0, 0]","{""intents"":[""Describe-Need""]}"
446-2_utt2_intention,446-2,2,agent_2: I would like a little extra food for myself as well. Would you be willing to split the food 1 for me and 2 for you? ,Promote-Coordination,"[0, 0, 0, 0, 0, 0, 1, 0, 0]","['Describe-Need', 'Promote-Coordination']","[0, 0, 1, 0, 0, 0, 1, 0, 0]","{""intents"":[""Describe-Need"",""Promote-Coordination""]}"
446-3_utt1_intention,446-3,1,agent_1: I'd be willing to do that if you gave me some water and firewood in exchange,Promote-Coordination,"[0, 0, 0, 0, 0, 0, 1, 0, 0]",['Promote-Coordination'],"[0, 0, 0, 0, 0, 0, 1, 0, 0]","{""intents"":[""Promote-Coordination""]}"
446-3_utt2_intention,446-3,2,"agent_2: How about I keep 2 firewood, you take 1? What do you propose for the water?",No-Intention,"[0, 0, 0, 0, 1, 0, 0, 0, 0]","['Promote-Coordination', 'Discover-Preference']","[0, 0, 0, 1, 0, 0, 1, 0, 0]","{""intents"":[""Promote-Coordination"",""Discover-Preference""]}"
446-4_utt1_intention,446-4,1,agent_1: 1 food for 1 firewood isn't a good trade for me. I would need at least 1 firewood and 1 water to trade for 1 food.,"Callout-Fairness,Promote-Coordination","[0, 1, 0, 0, 0, 0, 1, 0, 0]",['Describe-Need'],"[0, 0, 1, 0, 0, 0, 0, 0, 0]","{""intents"":[""Describe-Need""]}"
446-4_utt2_intention,446-4,2,"agent_2: Here is my proposal. I will take 2 firewood, 1 food and 1 water.  You can take 2 food, 2 water and 1 firewood.",No-Intention,"[0, 0, 0, 0, 1, 0, 0, 0, 0]",['Promote-Coordination'],"[0, 0, 0, 0, 0, 0, 1, 0, 0]","{""intents"":[""Promote-Coordination""]}"
446-5_utt1_intention,446-5,1,agent_1: That sounds good to me!,No-Intention,"[0, 0, 0, 0, 1, 0, 0, 0, 0]",['Promote-Coordination'],"[0, 0, 0, 0, 0, 0, 1, 0, 0]","{""intents"":[""Promote-Coordination""]}"
446-5_utt2_intention,446-5,2,"agent_2: ok, so to make sure we're on the same page. You get 2 food, 2 water and 1 firewood. I will take 1 food, 1 water, and 2 firewood?",No-Intention,"[0, 0, 0, 0, 1, 0, 0, 0, 0]",['Promote-Coordination'],"[0, 0, 0, 0, 0, 0, 1, 0, 0]","{""intents"":[""Promote-Coordination""]}"
446-6_utt1_intention,446-6,1,"agent_1: Yup, I am ready to submit the deal if it's all good with you!",No-Intention,"[0, 0, 0, 0, 1, 0, 0, 0, 0]",['Promote-Coordination'],"[0, 0, 0, 0, 0, 0, 1, 0, 0]","{""intents"":[""Promote-Coordination""]}"
446-6_utt2_intention,446-6,2,"agent_2: Yes sir! (or ma'am), I accept the deal!",No-Intention,"[0, 0, 0, 0, 1, 0, 0, 0, 0]",['Promote-Coordination'],"[0, 0, 0, 0, 0, 0, 1, 0, 0]","{""intents"":[""Promote-Coordination""]}"
447-0_utt1_intention,447-0,1,agent_1: Hello.  What are your preferences for extra items for your camping trip?,Discover-Preference,"[0, 0, 0, 1, 0, 0, 0, 0, 0]","['Build-Rapport', 'Discover-Preference']","[1, 0, 0, 1, 0, 0, 0, 0, 0]","{""intents"":[""Build-Rapport"",""Discover-Preference""]}"
447-0_utt2_intention,447-0,2,agent_2: hello,No-Intention,"[0, 0, 0, 0, 1, 0, 0, 0, 0]",['Build-Rapport'],"[1, 0, 0, 0, 0, 0, 0, 0, 0]","{""intents"":[""Build-Rapport""]}"
447-1_utt1_intention,447-1,1,agent_1: Do you have a preference for any extra items for your camping trip?,Discover-Preference,"[0, 0, 0, 1, 0, 0, 0, 0, 0]",['Discover-Preference'],"[0, 0, 0, 1, 0, 0, 0, 0, 0]","{""intents"":[""Discover-Preference""]}"
447-1_utt2_intention,447-1,2,"agent_2: yes. i need 2 pack of firewood, 2 pack of water and 1 pack of food",No-Intention,"[0, 0, 0, 0, 1, 0, 0, 0, 0]",['Describe-Need'],"[0, 0, 1, 0, 0, 0, 0, 0, 0]","{""intents"":[""Describe-Need""]}"
447-2_utt1_intention,447-2,1,"agent_1: I need 3 packs of firewood, 2 packs of food and 3 packs of water.  My husband and I are diabetic, so we're cold-natured, need regular meals and hydration.",Describe-Need,"[0, 0, 1, 0, 0, 0, 0, 0, 0]",['Describe-Need'],"[0, 0, 1, 0, 0, 0, 0, 0, 0]","{""intents"":[""Describe-Need""]}"
447-2_utt2_intention,447-2,2,agent_2: but i don't have back up for firewood. i need at least 2 pack of firewood. then only it will be better for me,No-Intention,"[0, 0, 0, 0, 1, 0, 0, 0, 0]",['Describe-Need'],"[0, 0, 1, 0, 0, 0, 0, 0, 0]","{""intents"":[""Describe-Need""]}"
447-3_utt1_intention,447-3,1,"agent_1: If I can have the 3 packs of food and 3 packs of water, then you can have 2 packs of firewood.",No-Intention,"[0, 0, 0, 0, 1, 0, 0, 0, 0]",['Promote-Coordination'],"[0, 0, 0, 0, 0, 0, 1, 0, 0]","{""intents"":[""Promote-Coordination""]}"
447-3_utt2_intention,447-3,2,agent_2: oh god. without food and water how can i survive in the camping trip?,No-Intention,"[0, 0, 0, 0, 1, 0, 0, 0, 0]",['Describe-Need'],"[0, 0, 1, 0, 0, 0, 0, 0, 0]","{""intents"":[""Describe-Need""]}"
447-4_utt1_intention,447-4,1,"agent_1: This is true. Although we're negotiating for extra provisions.  I understand your situation, though.  I can use 1 pack of firewood, 2 pack of water and just 1 pack of food.",Show-Empathy,"[0, 0, 0, 0, 0, 0, 0, 1, 0]","['Show-Empathy', 'Describe-Need']","[0, 0, 1, 0, 0, 0, 0, 1, 0]","{""intents"":[""Show-Empathy"", ""Describe-Need""]}"
447-4_utt2_intention,447-4,2,agent_2: okay fine. now it is suitable for both of us,Callout-Fairness,"[0, 1, 0, 0, 0, 0, 0, 0, 0]",['Promote-Coordination'],"[0, 0, 0, 0, 0, 0, 1, 0, 0]","{""intents"":[""Promote-Coordination""]}"
447-5_utt1_intention,447-5,1,agent_1: That sounds good.  Thank you for being fair and agreeable.  ,Callout-Fairness,"[0, 1, 0, 0, 0, 0, 0, 0, 0]","['Build-Rapport', 'Callout-Fairness']","[1, 1, 0, 0, 0, 0, 0, 0, 0]","{""intents"":[""Build-Rapport"", ""Callout-Fairness""]}"
447-5_utt2_intention,447-5,2,agent_2: thank you for your time,Build-Rapport,"[1, 0, 0, 0, 0, 0, 0, 0, 0]",['Build-Rapport'],"[1, 0, 0, 0, 0, 0, 0, 0, 0]","{""intents"":[""Build-Rapport""]}"
447-6_utt1_intention,447-6,1,agent_1: Thank you as well. 🙂,Build-Rapport,"[1, 0, 0, 0, 0, 0, 0, 0, 0]",['Build-Rapport'],"[1, 0, 0, 0, 0, 0, 0, 0, 0]","{""intents"":[""Build-Rapport""]}"
448-0_utt1_intention,448-0,1,agent_1: I am thinking I will want food most,No-Intention,"[0, 0, 0, 0, 1, 0, 0, 0, 0]",['Describe-Need'],"[0, 0, 1, 0, 0, 0, 0, 0, 0]","{""intents"":[""Describe-Need""]}"
448-0_utt2_intention,448-0,2,agent_2: Great! Food is not my priority but water and food is.,No-Intention,"[0, 0, 0, 0, 1, 0, 0, 0, 0]","['Build-Rapport', 'Describe-Need']","[1, 0, 1, 0, 0, 0, 0, 0, 0]","{""intents"":[""Build-Rapport"",""Describe-Need""]}"
448-1_utt1_intention,448-1,1,"agent_1: awesome, you can have 3 water and i'll take 3 food?",No-Intention,"[0, 0, 0, 0, 1, 0, 0, 0, 0]","['Build-Rapport', 'Promote-Coordination']","[1, 0, 0, 0, 0, 0, 1, 0, 0]","{""intents"":[""Build-Rapport"",""Promote-Coordination""]}"
448-1_utt2_intention,448-1,2,agent_2: 🙂 I am fine with it. How about the firewood?,No-Intention,"[0, 0, 0, 0, 1, 0, 0, 0, 0]","['Promote-Coordination', 'Discover-Preference']","[0, 0, 0, 1, 0, 0, 1, 0, 0]","{""intents"":[""Promote-Coordination"",""Discover-Preference""]}"
448-2_utt1_intention,448-2,1,"agent_1: i'll take 2, you can have 1? ",No-Intention,"[0, 0, 0, 0, 1, 0, 0, 0, 0]",['Promote-Coordination'],"[0, 0, 0, 0, 0, 0, 1, 0, 0]","{""intents"":[""Promote-Coordination""]}"
448-2_utt2_intention,448-2,2,agent_2: Firewood is my second priority. Can I have 2 of firewood?,No-Intention,"[0, 0, 0, 0, 1, 0, 0, 0, 0]",['Describe-Need'],"[0, 0, 1, 0, 0, 0, 0, 0, 0]","{""intents"":[""Describe-Need""]}"
448-3_utt1_intention,448-3,1,agent_1: okay🙂 is it cold so you want firewood?,Discover-Preference,"[0, 0, 0, 1, 0, 0, 0, 0, 0]","['Build-Rapport', 'Discover-Preference']","[1, 0, 0, 1, 0, 0, 0, 0, 0]","{""intents"":[""Build-Rapport"",""Discover-Preference""]}"
448-3_utt2_intention,448-3,2,"agent_2: Yes, I get cold easy. Thanks a lot!",Describe-Need,"[0, 0, 1, 0, 0, 0, 0, 0, 0]","['Describe-Need', 'Build-Rapport']","[1, 0, 1, 0, 0, 0, 0, 0, 0]","{""intents"":[""Describe-Need"",""Build-Rapport""]}"
448-4_utt1_intention,448-4,1,"agent_1: sure, i have a lot of people coming thats why i need food",Describe-Need,"[0, 0, 1, 0, 0, 0, 0, 0, 0]",['Describe-Need'],"[0, 0, 1, 0, 0, 0, 0, 0, 0]","{""intents"":[""Describe-Need""]}"
448-4_utt2_intention,448-4,2,"agent_2: No problems with that. I am glad we could make a deal. To summarize, you will have 3 of food and 1 of firewood while I will have 3 of water and 2 of Firewood.",Promote-Coordination,"[0, 0, 0, 0, 0, 0, 1, 0, 0]","['Build-Rapport', 'Promote-Coordination']","[1, 0, 0, 0, 0, 0, 1, 0, 0]","{""intents"":[""Build-Rapport"",""Promote-Coordination""]}"
448-5_utt1_intention,448-5,1,agent_1: yes🙂,No-Intention,"[0, 0, 0, 0, 1, 0, 0, 0, 0]",['Promote-Coordination'],"[0, 0, 0, 0, 0, 0, 1, 0, 0]","{""intents"":[""Promote-Coordination""]}"
449-0_utt1_intention,449-0,1,"agent_2: Hi, how are you today?",Build-Rapport,"[1, 0, 0, 0, 0, 0, 0, 0, 0]",['Build-Rapport'],"[1, 0, 0, 0, 0, 0, 0, 0, 0]","{""intents"":[""Build-Rapport""]}"
449-0_utt2_intention,449-0,2,agent_1: Fine thank you. How about you?,Build-Rapport,"[1, 0, 0, 0, 0, 0, 0, 0, 0]",['Build-Rapport'],"[1, 0, 0, 0, 0, 0, 0, 0, 0]","{""intents"":[""Build-Rapport""]}"
449-1_utt1_intention,449-1,1,"agent_2: I am great, i am really excited about camping how about you?",Build-Rapport,"[1, 0, 0, 0, 0, 0, 0, 0, 0]",['Build-Rapport'],"[1, 0, 0, 0, 0, 0, 0, 0, 0]","{""intents"":[""Build-Rapport""]}"
449-1_utt2_intention,449-1,2,agent_1: Same here! Its my family's first time out together and we are at the camping already.,Build-Rapport,"[1, 0, 0, 0, 0, 0, 0, 0, 0]",['Build-Rapport'],"[1, 0, 0, 0, 0, 0, 0, 0, 0]","{""intents"":[""Build-Rapport""]}"
449-2_utt1_intention,449-2,1,"agent_2: Nice, are there any extra supplies that you will really need?",Discover-Preference,"[0, 0, 0, 1, 0, 0, 0, 0, 0]","['Build-Rapport', 'Discover-Preference']","[1, 0, 0, 1, 0, 0, 0, 0, 0]","{""intents"":[""Build-Rapport"",""Discover-Preference""]}"
449-2_utt2_intention,449-2,2,"agent_1: At the camping site. Yes, I would like some water and food to refill the used packs",Describe-Need,"[0, 0, 1, 0, 0, 0, 0, 0, 0]",['Describe-Need'],"[0, 0, 1, 0, 0, 0, 0, 0, 0]","{""intents"":[""Describe-Need""]}"
449-3_utt1_intention,449-3,1,"agent_2: I was hoping to get alot of water as well, would you be ok with me getting two waters and three firewoods if you get all the food and one water?",No-Intention,"[0, 0, 0, 0, 1, 0, 0, 0, 0]","['Describe-Need', 'Promote-Coordination']","[0, 0, 1, 0, 0, 0, 1, 0, 0]","{""intents"":[""Describe-Need"",""Promote-Coordination""]}"
449-3_utt2_intention,449-3,2,"agent_1: Hmm, that's not favorable for me going by the volume of items left in my arsenal. Water is more of a higher priority than food. So, I would exchange 1 pack of food for an additional water","Callout-Fairness,Promote-Coordination","[0, 1, 0, 0, 0, 0, 1, 0, 0]",['Describe-Need'],"[0, 0, 1, 0, 0, 0, 0, 0, 0]","{""intents"":[""Describe-Need""]}"
449-4_utt1_intention,449-4,1,agent_2: So that way you would get two waters and two foods? Those are my priorities as well but i would be ok with it since that way i would get five items and you would get only four.,Promote-Coordination,"[0, 0, 0, 0, 0, 0, 1, 0, 0]","['Promote-Coordination', 'Callout-Fairness']","[0, 1, 0, 0, 0, 0, 1, 0, 0]","{""intents"":[""Promote-Coordination"",""Callout-Fairness""]}"
449-4_utt2_intention,449-4,2,"agent_1: Those are your priorities?? Then that's not fair for you. Then I take 2 water, 1 firewood and 1 food. This is the lowest I can offer","Callout-Fairness,Show-Empathy","[0, 1, 0, 0, 0, 0, 0, 1, 0]","['Callout-Fairness', 'Promote-Coordination']","[0, 1, 0, 0, 0, 0, 1, 0, 0]","{""intents"":[""Callout-Fairness"",""Promote-Coordination""]}"
450-0_utt1_intention,450-0,1,agent_1: Hi  - nice to meet you!  I hope we can work out a deal that is good for both of us.,"Build-Rapport,Callout-Fairness,Promote-Coordination","[1, 1, 0, 0, 0, 0, 1, 0, 0]","['Build-Rapport', 'Promote-Coordination']","[1, 0, 0, 0, 0, 0, 1, 0, 0]","{""intents"":[""Build-Rapport"", ""Promote-Coordination""]}"
450-0_utt2_intention,450-0,2,"agent_2: Hi, 🙂 It's nice to meet you as well: I also hope we can work something out: Food is my excess trip priority, What is yours?","Build-Rapport,Discover-Preference","[1, 0, 0, 1, 0, 0, 0, 0, 0]","['Build-Rapport', 'Describe-Need', 'Discover-Preference']","[1, 0, 1, 1, 0, 0, 0, 0, 0]","{""intents"":[""Build-Rapport"", ""Describe-Need"", ""Discover-Preference""]}"
450-1_utt1_intention,450-1,1,agent_1: Mine is firewood with second being food.,No-Intention,"[0, 0, 0, 0, 1, 0, 0, 0, 0]",['Describe-Need'],"[0, 0, 1, 0, 0, 0, 0, 0, 0]","{""intents"":[""Describe-Need""]}"
450-1_utt2_intention,450-1,2,agent_2: I'm definitely willing to give up some food for some firewood: That seems like a place where we can come to an arrangement: Would you like to make an opening offer? ,Promote-Coordination,"[0, 0, 0, 0, 0, 0, 1, 0, 0]",['Promote-Coordination'],"[0, 0, 0, 0, 0, 0, 1, 0, 0]","{""intents"":[""Promote-Coordination""]}"
450-2_utt1_intention,450-2,1,agent_1: Sure!  I figure I can go with little water as we can get it from the stream and boil it.  So for water I would be willing to give you 2 packages.  Would that be fair?,"Callout-Fairness,No-Need,Promote-Coordination","[0, 1, 0, 0, 0, 1, 1, 0, 0]",['Callout-Fairness'],"[0, 1, 0, 0, 0, 0, 0, 0, 0]","{""intents"":[""Callout-Fairness""]}"
450-2_utt2_intention,450-2,2,"agent_2: so If I understand correctly, the Deal is I get 3 Food and 2 Water: While you get 3 Firewood and 1 Water?",No-Intention,"[0, 0, 0, 0, 1, 0, 0, 0, 0]",['Promote-Coordination'],"[0, 0, 0, 0, 0, 0, 1, 0, 0]","{""intents"":[""Promote-Coordination""]}"
450-3_utt1_intention,450-3,1,agent_1: I was just negotiating the water for now.  I was trying to do one at a time.,No-Intention,"[0, 0, 0, 0, 1, 0, 0, 0, 0]",['Promote-Coordination'],"[0, 0, 0, 0, 0, 0, 1, 0, 0]","{""intents"":[""Promote-Coordination""]}"
450-3_utt2_intention,450-3,2,"agent_2: ah, I'm definitely ok with doing one at a time: A 2:1 split is definitely OK with me: The issue is, if we consider each individually, it might be harder to come to a deal, but I'm happy to do it your way.",Promote-Coordination,"[0, 0, 0, 0, 0, 0, 1, 0, 0]",['Promote-Coordination'],"[0, 0, 0, 0, 0, 0, 1, 0, 0]","{""intents"":[""Promote-Coordination""]}"
450-4_utt1_intention,450-4,1,"agent_1: How about you take 1 firewood, I''l take 2 and with food, you can have 2 and I'll take one package.  I have two very hungry boys!",Describe-Need,"[0, 0, 1, 0, 0, 0, 0, 0, 0]",['Describe-Need'],"[0, 0, 1, 0, 0, 0, 0, 0, 0]","{""intents"":[""Describe-Need""]}"
450-4_utt2_intention,450-4,2,agent_2: Is there a reason you want the 2:1 split? Food my group's largest priority by a large margin (We eat a lot). It's worth a lot more to my group then the firewood would be.,"Describe-Need,No-Need","[0, 0, 1, 0, 0, 1, 0, 0, 0]","['Discover-Preference', 'Describe-Need']","[0, 0, 1, 1, 0, 0, 0, 0, 0]","{""intents"":[""Discover-Preference"", ""Describe-Need""]}"
450-5_utt1_intention,450-5,1,agent_1: That's why I would like to give you 2 and I will take 1 food.  I have 8 and 10 year old boys.🙂,"Callout-Fairness,Describe-Need","[0, 1, 1, 0, 0, 0, 0, 0, 0]",['Describe-Need'],"[0, 0, 1, 0, 0, 0, 0, 0, 0]","{""intents"":[""Describe-Need""]}"
450-5_utt2_intention,450-5,2,"agent_2: I'm interested in hearing more about why you want a 2/1 split: Is the food worth more to you than the third firewood? If so, I'm happy to do that split, but I'd like 3 water in return.","Discover-Preference,Promote-Coordination","[0, 0, 0, 1, 0, 0, 1, 0, 0]",['Discover-Preference'],"[0, 0, 0, 1, 0, 0, 0, 0, 0]","{""intents"":[""Discover-Preference""]}"
450-6_utt1_intention,450-6,1,"agent_1: Okay, like I said I have two growing boys with a very healthy appetite.  They will make my life miserable if they don't have enough to eat.  I would be willing to give you the 3 water.","Describe-Need,Promote-Coordination","[0, 0, 1, 0, 0, 0, 1, 0, 0]",['Describe-Need'],"[0, 0, 1, 0, 0, 0, 0, 0, 0]","{""intents"":[""Describe-Need""]}"
450-6_utt2_intention,450-6,2,"agent_2: ok, that sounds like a deal. 🙂",No-Intention,"[0, 0, 0, 0, 1, 0, 0, 0, 0]",['Promote-Coordination'],"[0, 0, 0, 0, 0, 0, 1, 0, 0]","{""intents"":[""Promote-Coordination""]}"
450-7_utt1_intention,450-7,1,agent_1: cool - thank you!  I guess we can submit that then,No-Intention,"[0, 0, 0, 0, 1, 0, 0, 0, 0]","['Build-Rapport', 'Promote-Coordination']","[1, 0, 0, 0, 0, 0, 1, 0, 0]","{""intents"":[""Build-Rapport"",""Promote-Coordination""]}"
451-0_utt1_intention,451-0,1,agent_1: im only require so much as im one person. you will double that,Build-Rapport,"[1, 0, 0, 0, 0, 0, 0, 0, 0]",['Describe-Need'],"[0, 0, 1, 0, 0, 0, 0, 0, 0]","{""intents"":[""Describe-Need""]}"
451-0_utt2_intention,451-0,2,agent_2: hey buddy I hope we both end up with a good deal🙂,"Callout-Fairness,Promote-Coordination","[0, 1, 0, 0, 0, 0, 1, 0, 0]","['Build-Rapport', 'Promote-Coordination']","[1, 0, 0, 0, 0, 0, 1, 0, 0]","{""intents"":[""Build-Rapport"",""Promote-Coordination""]}"
451-1_utt1_intention,451-1,1,"agent_1: i think its fair, do you, i think anything extra at this point in time is better than having nothing",Callout-Fairness,"[0, 1, 0, 0, 0, 0, 0, 0, 0]",['Callout-Fairness'],"[0, 1, 0, 0, 0, 0, 0, 0, 0]","{""intents"":[""Callout-Fairness""]}"
451-1_utt2_intention,451-1,2,"agent_2: look  mate, let me have 3 on food and 2 on firewood, you can have the water and i on firewood",No-Intention,"[0, 0, 0, 0, 1, 0, 0, 0, 0]",['Promote-Coordination'],"[0, 0, 0, 0, 0, 0, 1, 0, 0]","{""intents"":[""Promote-Coordination""]}"
451-2_utt1_intention,451-2,1,agent_1: why would you not just take 2 packs of each whiile i onlt keep 1?,Callout-Fairness,"[0, 1, 0, 0, 0, 0, 0, 0, 0]",['Callout-Fairness'],"[0, 1, 0, 0, 0, 0, 0, 0, 0]","{""intents"":[""Callout-Fairness""]}"
451-2_utt2_intention,451-2,2,"agent_2: Alright fair enough, let me have 3 on food, 1 on firewood and 1 on water. This trip means alot to me",Callout-Fairness,"[0, 1, 0, 0, 0, 0, 0, 0, 0]",['Describe-Need'],"[0, 0, 1, 0, 0, 0, 0, 0, 0]","{""intents"":[""Describe-Need""]}"
451-3_utt1_intention,451-3,1,"agent_1: i can do that for you, in on a diet anyways and already have a stock ive been working on since fall",No-Intention,"[0, 0, 0, 0, 1, 0, 0, 0, 0]","['Promote-Coordination', 'No-Need']","[0, 0, 0, 0, 0, 1, 1, 0, 0]","{""intents"":[""Promote-Coordination"",""No-Need""]}"
451-3_utt2_intention,451-3,2,"agent_2: oh well that's fantastic, so let me know what your deal is",No-Intention,"[0, 0, 0, 0, 1, 0, 0, 0, 0]",['Discover-Preference'],"[0, 0, 0, 1, 0, 0, 0, 0, 0]","{""intents"":[""Discover-Preference""]}"
451-4_utt1_intention,451-4,1,"agent_1:  3 on food, 1 on firewood and 1 on water😮",No-Intention,"[0, 0, 0, 0, 1, 0, 0, 0, 0]",['Promote-Coordination'],"[0, 0, 0, 0, 0, 0, 1, 0, 0]","{""intents"":[""Promote-Coordination""]}"
451-4_utt2_intention,451-4,2,"agent_2: Thats what your deal is or my deal, cmon man!",No-Intention,"[0, 0, 0, 0, 1, 0, 0, 0, 0]",['Callout-Fairness'],"[0, 1, 0, 0, 0, 0, 0, 0, 0]","{""intents"":[""Callout-Fairness""]}"
451-5_utt1_intention,451-5,1,agent_1: yes is that not what you were wanting?,No-Intention,"[0, 0, 0, 0, 1, 0, 0, 0, 0]",['Promote-Coordination'],"[0, 0, 0, 0, 0, 0, 1, 0, 0]","{""intents"":[""Promote-Coordination""]}"
451-5_utt2_intention,451-5,2,"agent_2: Thats what I wanted, but wait , I just remember that I have to stay a bit longer at the camp . why don't you let me have 3 on food, 2 on firewood and you van have all the water and ",Promote-Coordination,"[0, 0, 0, 0, 0, 0, 1, 0, 0]",['Describe-Need'],"[0, 0, 1, 0, 0, 0, 0, 0, 0]","{""intents"":[""Describe-Need""]}"
451-6_utt1_intention,451-6,1,"agent_1: ok, your being greedy but lets make the deal",No-Intention,"[0, 0, 0, 0, 1, 0, 0, 0, 0]","['Callout-Fairness', 'Promote-Coordination']","[0, 1, 0, 0, 0, 0, 1, 0, 0]","{""intents"":[""Callout-Fairness"",""Promote-Coordination""]}"
451-6_utt2_intention,451-6,2,"agent_2: hahahah not too greedy, but yes we can make a deal🙂",No-Intention,"[0, 0, 0, 0, 1, 0, 0, 0, 0]","['Build-Rapport', 'Promote-Coordination']","[1, 0, 0, 0, 0, 0, 1, 0, 0]","{""intents"":[""Build-Rapport"",""Promote-Coordination""]}"
451-7_utt1_intention,451-7,1,"agent_2: you gave me one on each, thats unfair man!",Callout-Fairness,"[0, 1, 0, 0, 0, 0, 0, 0, 0]",['Callout-Fairness'],"[0, 1, 0, 0, 0, 0, 0, 0, 0]","{""intents"":[""Callout-Fairness""]}"
452-0_utt1_intention,452-0,1,agent_2: Hello I would like to have more water then what I got because I drink a lot,Describe-Need,"[0, 0, 1, 0, 0, 0, 0, 0, 0]",['Describe-Need'],"[0, 0, 1, 0, 0, 0, 0, 0, 0]","{""intents"":[""Describe-Need""]}"
452-0_utt2_intention,452-0,2,"agent_1: Hi, nice getting to interact with you. It is fine if I give one of it, as that is something that I need the most as well.",No-Intention,"[0, 0, 0, 0, 1, 0, 0, 0, 0]","['Build-Rapport', 'Describe-Need', 'Promote-Coordination']","[1, 0, 1, 0, 0, 0, 1, 0, 0]","{""intents"":[""Build-Rapport"", ""Describe-Need"", ""Promote-Coordination""]}"
452-1_utt1_intention,452-1,1,agent_2: I can give you 2 packages of food or firewood instead,Promote-Coordination,"[0, 0, 0, 0, 0, 0, 1, 0, 0]",['Promote-Coordination'],"[0, 0, 0, 0, 0, 0, 1, 0, 0]","{""intents"":[""Promote-Coordination""]}"
452-1_utt2_intention,452-1,2,"agent_1: Hmm. I'm not able to compromise on this, I'm fine with 1 package of firewood and food each.",Callout-Fairness,"[0, 1, 0, 0, 0, 0, 0, 0, 0]",['Undermine-Requirements'],"[0, 0, 0, 0, 0, 0, 0, 0, 1]","{""intents"":[""Undermine-Requirements""]}"
452-2_utt1_intention,452-2,1,agent_2: I really need 2 packages of water ,No-Intention,"[0, 0, 0, 0, 1, 0, 0, 0, 0]",['Describe-Need'],"[0, 0, 1, 0, 0, 0, 0, 0, 0]","{""intents"":[""Describe-Need""]}"
452-2_utt2_intention,452-2,2,"agent_1: I get dehydrated quickly, so given my condition, I'm not able to compromise on water.","Callout-Fairness,Describe-Need","[0, 1, 1, 0, 0, 0, 0, 0, 0]",['Describe-Need'],"[0, 0, 1, 0, 0, 0, 0, 0, 0]","{""intents"":[""Describe-Need""]}"
452-3_utt1_intention,452-3,1,agent_2: okay well I will take 2 foods and 2 firewoods then ,No-Intention,"[0, 0, 0, 0, 1, 0, 0, 0, 0]",['Promote-Coordination'],"[0, 0, 0, 0, 0, 0, 1, 0, 0]","{""intents"":[""Promote-Coordination""]}"
452-3_utt2_intention,452-3,2,"agent_1: Thank you so much for understanding, I'm fine with that.",No-Intention,"[0, 0, 0, 0, 1, 0, 0, 0, 0]",['Build-Rapport'],"[1, 0, 0, 0, 0, 0, 0, 0, 0]","{""intents"":[""Build-Rapport""]}"
452-4_utt1_intention,452-4,1,agent_2: I guess that works out good because I need firewood to cook the extra food,Describe-Need,"[0, 0, 1, 0, 0, 0, 0, 0, 0]",['Describe-Need'],"[0, 0, 1, 0, 0, 0, 0, 0, 0]","{""intents"":[""Describe-Need""]}"
452-4_utt2_intention,452-4,2,"agent_1: I get it as you will be having additional packages of food, so I will have only 1 of each",No-Intention,"[0, 0, 0, 0, 1, 0, 0, 0, 0]","['Show-Empathy', 'Promote-Coordination']","[0, 0, 0, 0, 0, 0, 1, 1, 0]","{""intents"":[""Show-Empathy"",""Promote-Coordination""]}"
453-0_utt1_intention,453-0,1,agent_1: Hi there! I am excited to share these additional camping supplies with you!,Build-Rapport,"[1, 0, 0, 0, 0, 0, 0, 0, 0]",['Build-Rapport'],"[1, 0, 0, 0, 0, 0, 0, 0, 0]","{""intents"":[""Build-Rapport""]}"
453-0_utt2_intention,453-0,2,"agent_2: Yes, same here! I'm glad that we all have our own basic necessities, but extra is always wonderful. 🙂 What are you most interested in?","Build-Rapport,Discover-Preference","[1, 0, 0, 1, 0, 0, 0, 0, 0]","['Build-Rapport', 'Discover-Preference']","[1, 0, 0, 1, 0, 0, 0, 0, 0]","{""intents"":[""Build-Rapport"",""Discover-Preference""]}"
453-1_utt1_intention,453-1,1,agent_1: I am most interested in water! My husband and I are traveling with our newborn and we need as much water as possible!🙂,Describe-Need,"[0, 0, 1, 0, 0, 0, 0, 0, 0]",['Describe-Need'],"[0, 0, 1, 0, 0, 0, 0, 0, 0]","{""intents"":[""Describe-Need""]}"
453-1_utt2_intention,453-1,2,"agent_2: Ah, I see! I am in the same boat. We are camping somewhere where there is no source of water and it's very hot. Hm, let's see how to go about this",Describe-Need,"[0, 0, 1, 0, 0, 0, 0, 0, 0]","['Show-Empathy', 'Describe-Need', 'Promote-Coordination']","[0, 0, 1, 0, 0, 0, 1, 1, 0]","{""intents"":[""Show-Empathy"", ""Describe-Need"", ""Promote-Coordination""]}"
453-2_utt1_intention,453-2,1,agent_1: what else is a priority for you?,Discover-Preference,"[0, 0, 0, 1, 0, 0, 0, 0, 0]",['Discover-Preference'],"[0, 0, 0, 1, 0, 0, 0, 0, 0]","{""intents"":[""Discover-Preference""]}"
453-2_utt2_intention,453-2,2,"agent_2: Firewood is definitely important as well! Last time I went camping we ran out pretty fast, so I want to be extra prepared. 🙂",Describe-Need,"[0, 0, 1, 0, 0, 0, 0, 0, 0]",['Describe-Need'],"[0, 0, 1, 0, 0, 0, 0, 0, 0]","{""intents"":[""Describe-Need""]}"
453-3_utt1_intention,453-3,1,agent_1: Oh no! I can see why that would be extra important to you! I will give you two of the firewood for two of the water,"Promote-Coordination,Show-Empathy","[0, 0, 0, 0, 0, 0, 1, 1, 0]","['Show-Empathy', 'Promote-Coordination']","[0, 0, 0, 0, 0, 0, 1, 1, 0]","{""intents"":[""Show-Empathy"",""Promote-Coordination""]}"
453-3_utt2_intention,453-3,2,"agent_2: That sounds good to me! I think since water is pretty important on a camping trip (especially with a baby!), and since you are getting 2 extra packages of water, may I ask that I get 2 of the food packages? I have 2 (always hungry) preschoolers joining us haha! 🙂 I can never seem to keep them full","Callout-Fairness,Describe-Need","[0, 1, 1, 0, 0, 0, 0, 0, 0]","['Build-Rapport', 'Describe-Need', 'Promote-Coordination']","[1, 0, 1, 0, 0, 0, 1, 0, 0]","{""intents"":[""Build-Rapport"",""Describe-Need"",""Promote-Coordination""]}"
453-4_utt1_intention,453-4,1,"agent_1: I wish there was a way to split that third package of food in half because I am so worried for my husband's diabetes, he constantly needs food as well ☹️","Describe-Need,Show-Empathy","[0, 0, 1, 0, 0, 0, 0, 1, 0]",['Describe-Need'],"[0, 0, 1, 0, 0, 0, 0, 0, 0]","{""intents"":[""Describe-Need""]}"
453-4_utt2_intention,453-4,2,"agent_2: That's fine, I will just take 1! Sounds good?",Show-Empathy,"[0, 0, 0, 0, 0, 0, 0, 1, 0]",['Promote-Coordination'],"[0, 0, 0, 0, 0, 0, 1, 0, 0]","{""intents"":[""Promote-Coordination""]}"
453-5_utt1_intention,453-5,1,agent_1: Yes that sounds great!,No-Intention,"[0, 0, 0, 0, 1, 0, 0, 0, 0]",['Promote-Coordination'],"[0, 0, 0, 0, 0, 0, 1, 0, 0]","{""intents"":[""Promote-Coordination""]}"
454-0_utt1_intention,454-0,1,agent_1: Hi! I'm very excited for the upcoming camping trip!! 🙂,Build-Rapport,"[1, 0, 0, 0, 0, 0, 0, 0, 0]",['Build-Rapport'],"[1, 0, 0, 0, 0, 0, 0, 0, 0]","{""intents"":[""Build-Rapport""]}"
454-0_utt2_intention,454-0,2,agent_2: Me too! 🙂 What do you think about the extra supplies?,Discover-Preference,"[0, 0, 0, 1, 0, 0, 0, 0, 0]","['Build-Rapport', 'Discover-Preference']","[1, 0, 0, 1, 0, 0, 0, 0, 0]","{""intents"":[""Build-Rapport"",""Discover-Preference""]}"
454-1_utt1_intention,454-1,1,"agent_1: I recently bought two new puppies, and they are coming on the trip. I could really use the extra water for them!",Describe-Need,"[0, 0, 1, 0, 0, 0, 0, 0, 0]",['Describe-Need'],"[0, 0, 1, 0, 0, 0, 0, 0, 0]","{""intents"":[""Describe-Need""]}"
454-1_utt2_intention,454-1,2,"agent_2: Awww. That sounds reasonable to me. I'm hoping to have a birthday dinner for my dad on the trip, so I'd appreciate some more food and a little more firewood.","Callout-Fairness,Describe-Need","[0, 1, 1, 0, 0, 0, 0, 0, 0]","['Show-Empathy', 'Describe-Need']","[0, 0, 1, 0, 0, 0, 0, 1, 0]","{""intents"":[""Show-Empathy"", ""Describe-Need""]}"
454-2_utt1_intention,454-2,1,agent_1: Happy birthday to your dad!! You can have all of the food if I can have all of the water. 🙂,No-Intention,"[0, 0, 0, 0, 1, 0, 0, 0, 0]","['Build-Rapport', 'Show-Empathy', 'Promote-Coordination']","[1, 0, 0, 0, 0, 0, 1, 1, 0]","{""intents"":[""Build-Rapport"",""Show-Empathy"",""Promote-Coordination""]}"
454-2_utt2_intention,454-2,2,agent_2: That,No-Intention,"[0, 0, 0, 0, 1, 0, 0, 0, 0]",['No-Intention'],"[0, 0, 0, 0, 1, 0, 0, 0, 0]","{""intents"":[""No-Intention""]}"
454-3_utt1_intention,454-3,1,"agent_1: Will that work for you? If so, we can talk about the firewood. 🙂",No-Intention,"[0, 0, 0, 0, 1, 0, 0, 0, 0]",['Promote-Coordination'],"[0, 0, 0, 0, 0, 0, 1, 0, 0]","{""intents"":[""Promote-Coordination""]}"
454-3_utt2_intention,454-3,2,"agent_2: Sorry, submitted too early! That sounds good to me! If I can have all the food, you can take 2 of the firewood and I'll take one. Plus you take all of the water.",No-Intention,"[0, 0, 0, 0, 1, 0, 0, 0, 0]",['Promote-Coordination'],"[0, 0, 0, 0, 0, 0, 1, 0, 0]","{""intents"":[""Promote-Coordination""]}"
454-4_utt1_intention,454-4,1,"agent_1: That sounds great, thanks!! 🙂 🙂",No-Intention,"[0, 0, 0, 0, 1, 0, 0, 0, 0]",['Build-Rapport'],"[1, 0, 0, 0, 0, 0, 0, 0, 0]","{""intents"":[""Build-Rapport""]}"
454-4_utt2_intention,454-4,2,agent_2: Great 🙂 That was quick! It was great negotiating with you 🙂🙂 Sounds like we're both going to have a great trip,Build-Rapport,"[1, 0, 0, 0, 0, 0, 0, 0, 0]",['Build-Rapport'],"[1, 0, 0, 0, 0, 0, 0, 0, 0]","{""intents"":[""Build-Rapport""]}"
455-0_utt1_intention,455-0,1,agent_2: Hello! how are you doing?,Build-Rapport,"[1, 0, 0, 0, 0, 0, 0, 0, 0]",['Build-Rapport'],"[1, 0, 0, 0, 0, 0, 0, 0, 0]","{""intents"":[""Build-Rapport""]}"
455-0_utt2_intention,455-0,2,"agent_1: Hello, I would like to keep the 3 extra packages of firewood an 2 extra packages of water.  You can have all 3 packages of water and 1 package of food.",No-Intention,"[0, 0, 0, 0, 1, 0, 0, 0, 0]","['Describe-Need', 'Promote-Coordination']","[0, 0, 1, 0, 0, 0, 1, 0, 0]","{""intents"":[""Describe-Need"",""Promote-Coordination""]}"
455-1_utt1_intention,455-1,1,agent_2: That's just too big of an ask. How about I get 3 firewood and 1 water and you can have the rest,No-Intention,"[0, 0, 0, 0, 1, 0, 0, 0, 0]","['Undermine-Requirements', 'Promote-Coordination']","[0, 0, 0, 0, 0, 0, 1, 0, 1]","{""intents"":[""Undermine-Requirements"",""Promote-Coordination""]}"
455-1_utt2_intention,455-1,2,agent_1: I really need the extra firewood.  I hiked 5 miles o this camping spot and I need the extra firewood to stay warm and to keep the wild animals away at night.,Describe-Need,"[0, 0, 1, 0, 0, 0, 0, 0, 0]",['Describe-Need'],"[0, 0, 1, 0, 0, 0, 0, 0, 0]","{""intents"":[""Describe-Need""]}"
455-2_utt1_intention,455-2,1,"agent_2: I really need some of the firewood too. I am expecting a big group of people to attend, and I can really use it. it gets really cold at night where we camp. What do you suggest is a more fair deal to the both of us?","Callout-Fairness,Describe-Need","[0, 1, 1, 0, 0, 0, 0, 0, 0]","['Describe-Need', 'Callout-Fairness']","[0, 1, 1, 0, 0, 0, 0, 0, 0]","{""intents"":[""Describe-Need"", ""Callout-Fairness""]}"
455-2_utt2_intention,455-2,2,agent_1: I will give you one extra package of firewood. You can have all 3 packages of food 1 package of water for your group of friends. Does that sound good?🙂,Callout-Fairness,"[0, 1, 0, 0, 0, 0, 0, 0, 0]",['Promote-Coordination'],"[0, 0, 0, 0, 0, 0, 1, 0, 0]","{""intents"":[""Promote-Coordination""]}"
455-3_utt1_intention,455-3,1,"agent_2: I appreciate the offer but if you're getting more of the firewood, I need some of the water too. How about you get 2 firewood and 2 food and I keep the rest.",Callout-Fairness,"[0, 1, 0, 0, 0, 0, 0, 0, 0]","['Describe-Need', 'Promote-Coordination']","[0, 0, 1, 0, 0, 0, 1, 0, 0]","{""intents"":[""Describe-Need"",""Promote-Coordination""]}"
455-3_utt2_intention,455-3,2,"agent_1: Ok, but I need at least 1 package of water. So, I can give you 2 packages of water along with the 1 package of firewood and the 3 packages of food. Do we have a deal?🙂",No-Intention,"[0, 0, 0, 0, 1, 0, 0, 0, 0]","['Describe-Need', 'Promote-Coordination']","[0, 0, 1, 0, 0, 0, 1, 0, 0]","{""intents"":[""Describe-Need"",""Promote-Coordination""]}"
455-4_utt1_intention,455-4,1,"agent_2: So i get 1 firewood, 2 water and 3 food?",No-Intention,"[0, 0, 0, 0, 1, 0, 0, 0, 0]",['Promote-Coordination'],"[0, 0, 0, 0, 0, 0, 1, 0, 0]","{""intents"":[""Promote-Coordination""]}"
455-4_utt2_intention,455-4,2,"agent_1: Yes, do we have a deal?",No-Intention,"[0, 0, 0, 0, 1, 0, 0, 0, 0]",['Promote-Coordination'],"[0, 0, 0, 0, 0, 0, 1, 0, 0]","{""intents"":[""Promote-Coordination""]}"
455-5_utt1_intention,455-5,1,"agent_2: Yeah, we have a deal. Thank you ",No-Intention,"[0, 0, 0, 0, 1, 0, 0, 0, 0]",['Promote-Coordination'],"[0, 0, 0, 0, 0, 0, 1, 0, 0]","{""intents"":[""Promote-Coordination""]}"
456-0_utt1_intention,456-0,1,"agent_1: Hello! We're going camping and need some additional supplies. The primary need right now is firewood! We can spare water, but some additional food for the six kids is needed!",Describe-Need,"[0, 0, 1, 0, 0, 0, 0, 0, 0]",['Describe-Need'],"[0, 0, 1, 0, 0, 0, 0, 0, 0]","{""intents"":[""Describe-Need""]}"
456-0_utt2_intention,456-0,2,agent_2: Wow. You took six kids on this trip? I would say you will definitely need food!,No-Intention,"[0, 0, 0, 0, 1, 0, 0, 0, 0]","['Build-Rapport', 'Show-Empathy']","[1, 0, 0, 0, 0, 0, 0, 1, 0]","{""intents"":[""Build-Rapport"",""Show-Empathy""]}"
456-1_utt1_intention,456-1,1,"agent_1: Yup! But we did think ahead and ordered extra rations for them. Food is second priority, so maybe we could have 2 of those? You could have all of the water rations.",Describe-Need,"[0, 0, 1, 0, 0, 0, 0, 0, 0]","['Describe-Need', 'Promote-Coordination']","[0, 0, 1, 0, 0, 0, 1, 0, 0]","{""intents"":[""Describe-Need"",""Promote-Coordination""]}"
456-1_utt2_intention,456-1,2,"agent_2: I definitely need water but I didn’t bring enough shelter. Thus, I will need to keep my fire going. ",Describe-Need,"[0, 0, 1, 0, 0, 0, 0, 0, 0]",['Describe-Need'],"[0, 0, 1, 0, 0, 0, 0, 0, 0]","{""intents"":[""Describe-Need""]}"
456-2_utt1_intention,456-2,1,agent_1: We have a shortage of trees in this area. Could we split those up evenly? I think that would be fair. Something like 2 of each with you getting the most of the water.,"Callout-Fairness,Promote-Coordination","[0, 1, 0, 0, 0, 0, 1, 0, 0]","['Describe-Need', 'Callout-Fairness', 'Promote-Coordination']","[0, 1, 1, 0, 0, 0, 1, 0, 0]","{""intents"":[""Describe-Need"",""Callout-Fairness"",""Promote-Coordination""]}"
456-2_utt2_intention,456-2,2,agent_2: I really need some firewood. ,No-Intention,"[0, 0, 0, 0, 1, 0, 0, 0, 0]",['Describe-Need'],"[0, 0, 1, 0, 0, 0, 0, 0, 0]","{""intents"":[""Describe-Need""]}"
456-3_utt1_intention,456-3,1,"agent_1: Yeah, that's priority #1 for us as well. If I give you one, could you give us most of the food and water then?",Promote-Coordination,"[0, 0, 0, 0, 0, 0, 1, 0, 0]","['Describe-Need', 'Promote-Coordination']","[0, 0, 1, 0, 0, 0, 1, 0, 0]","{""intents"":[""Describe-Need"",""Promote-Coordination""]}"
456-3_utt2_intention,456-3,2,agent_2: I definitely need one firewood. I can use either one more water or one more food. I will leave up to you. ,Callout-Fairness,"[0, 1, 0, 0, 0, 0, 0, 0, 0]","['Describe-Need', 'Promote-Coordination']","[0, 0, 1, 0, 0, 0, 1, 0, 0]","{""intents"":[""Describe-Need"",""Promote-Coordination""]}"
456-4_utt1_intention,456-4,1,"agent_1: Gotcha. I could hand over a package of firewood, 1 food, and water as well. Maybe we'll try out a suggestion and see if it works for both our families.","Callout-Fairness,Promote-Coordination","[0, 1, 0, 0, 0, 0, 1, 0, 0]",['Promote-Coordination'],"[0, 0, 0, 0, 0, 0, 1, 0, 0]","{""intents"":[""Promote-Coordination""]}"
