uid,dialogue_id,utt_idx,target_utterance,gold_intent,gold_bitmask,pred_intents,pred_bitmask,raw_response
456-4_utt2_intention,456-4,2,agent_2: I will take one firewood and one food. I will give you one water. ,Promote-Coordination,"[0, 0, 0, 0, 0, 0, 1, 0, 0]","['Describe-Need', 'Discover-Preference', 'Promote-Coordination']","[0, 0, 1, 1, 0, 0, 1, 0, 0]","{""intents"":[""Describe-Need"",""Discover-Preference"",""Promote-Coordination""]}"
457-0_utt1_intention,457-0,1,"agent_2: Hi, I would like to get firewood because I would like to sit by the campfire in the evening.",Describe-Need,"[0, 0, 1, 0, 0, 0, 0, 0, 0]","['Describe-Need', 'Promote-Coordination']","[0, 0, 1, 0, 0, 0, 1, 0, 0]","{""intents"":[""Describe-Need"",""Promote-Coordination""]}"
457-0_utt2_intention,457-0,2,agent_1: Hi there. I was really hoping to have the firewood because I am afraid my children would be cold.,Describe-Need,"[0, 0, 1, 0, 0, 0, 0, 0, 0]","['Describe-Need', 'Show-Empathy', 'Callout-Fairness']","[0, 1, 1, 0, 0, 0, 0, 1, 0]","{""intents"":[""Describe-Need"",""Show-Empathy"",""Callout-Fairness""]}"
457-1_utt1_intention,457-1,1,"agent_2: Ok, so we have 3 packages, what about if you get 2 and I get 1?",No-Intention,"[0, 0, 0, 0, 1, 0, 0, 0, 0]","['Callout-Fairness', 'Promote-Coordination']","[0, 1, 0, 0, 0, 0, 1, 0, 0]","{""intents"":[""Callout-Fairness"",""Promote-Coordination""]}"
457-1_utt2_intention,457-1,2,"agent_1: Thank you, 2 packages of firewood would work.",No-Intention,"[0, 0, 0, 0, 1, 0, 0, 0, 0]","['Promote-Coordination', 'Describe-Need']","[0, 0, 1, 0, 0, 0, 1, 0, 0]","{""intents"":[""Promote-Coordination"",""Describe-Need""]}"
457-2_utt1_intention,457-2,1,"agent_2: So could I get 2 food, if you get 1 food?",No-Intention,"[0, 0, 0, 0, 1, 0, 0, 0, 0]","['Promote-Coordination', 'Discover-Preference']","[0, 0, 0, 1, 0, 0, 1, 0, 0]","{""intents"":[""Promote-Coordination"",""Discover-Preference""]}"
457-2_utt2_intention,457-2,2,agent_1: How many persons are you feeding? I am feeding 2 adults and 2 children.,No-Intention,"[0, 0, 0, 0, 1, 0, 0, 0, 0]","['Discover-Preference', 'Describe-Need']","[0, 0, 1, 1, 0, 0, 0, 0, 0]","{""intents"":[""Discover-Preference"",""Describe-Need""]}"
457-3_utt1_intention,457-3,1,"agent_2: 2 adults and 3 children, so if I get 2 food and 1 water, you could get 1 food and 2 water? ",No-Intention,"[0, 0, 0, 0, 1, 0, 0, 0, 0]","['Describe-Need', 'Promote-Coordination']","[0, 0, 1, 0, 0, 0, 1, 0, 0]","{""intents"":[""Describe-Need"",""Promote-Coordination""]}"
457-3_utt2_intention,457-3,2,agent_1: I believe we can work with 1 food and 2 waters.🙂,Promote-Coordination,"[0, 0, 0, 0, 0, 0, 1, 0, 0]",['Promote-Coordination'],"[0, 0, 0, 0, 0, 0, 1, 0, 0]","{""intents"":[""Promote-Coordination""]}"
457-4_utt1_intention,457-4,1,"agent_2: So 1 package of firewood, 2 food and 1 water for me and 2 packages of  firewood, 1 food and 2 waters for you? Sound good? ",Callout-Fairness,"[0, 1, 0, 0, 0, 0, 0, 0, 0]","['Promote-Coordination', 'Callout-Fairness']","[0, 1, 0, 0, 0, 0, 1, 0, 0]","{""intents"":[""Promote-Coordination"",""Callout-Fairness""]}"
457-4_utt2_intention,457-4,2,"agent_1: Yes I get 2 packages of firewood, 1 food and 2 waters. Sounds like a good deal.🙂",No-Intention,"[0, 0, 0, 0, 1, 0, 0, 0, 0]","['Promote-Coordination', 'Callout-Fairness']","[0, 1, 0, 0, 0, 0, 1, 0, 0]","{""intents"":[""Promote-Coordination"",""Callout-Fairness""]}"
457-5_utt1_intention,457-5,1,agent_2: So we have a deal🙂 Thanks!,No-Intention,"[0, 0, 0, 0, 1, 0, 0, 0, 0]","['Build-Rapport', 'Promote-Coordination']","[1, 0, 0, 0, 0, 0, 1, 0, 0]","{""intents"":[""Build-Rapport"",""Promote-Coordination""]}"
458-0_utt1_intention,458-0,1,agent_2: Hi there!,No-Intention,"[0, 0, 0, 0, 1, 0, 0, 0, 0]",['Build-Rapport'],"[1, 0, 0, 0, 0, 0, 0, 0, 0]","{""intents"":[""Build-Rapport""]}"
458-0_utt2_intention,458-0,2,agent_1: hello !🙂,No-Intention,"[0, 0, 0, 0, 1, 0, 0, 0, 0]",['Build-Rapport'],"[1, 0, 0, 0, 0, 0, 0, 0, 0]","{""intents"":[""Build-Rapport""]}"
458-1_utt1_intention,458-1,1,agent_2: What are your preferences?,Discover-Preference,"[0, 0, 0, 1, 0, 0, 0, 0, 0]",['Discover-Preference'],"[0, 0, 0, 1, 0, 0, 0, 0, 0]","{""intents"":[""Discover-Preference""]}"
458-1_utt2_intention,458-1,2,"agent_1: I am about to go on a charity event with a kid from the make a wish foundation, I would like to get some firewood and maybe some food for his trip so he wont be cold and hungry at least.",Describe-Need,"[0, 0, 1, 0, 0, 0, 0, 0, 0]","['Describe-Need', 'Show-Empathy']","[0, 0, 1, 0, 0, 0, 0, 1, 0]","{""intents"":[""Describe-Need"",""Show-Empathy""]}"
458-2_utt1_intention,458-2,1,agent_2: I can give you 2 units of food. How much firewood do you need?,No-Intention,"[0, 0, 0, 0, 1, 0, 0, 0, 0]","['Discover-Preference', 'Promote-Coordination']","[0, 0, 0, 1, 0, 0, 1, 0, 0]","{""intents"":[""Discover-Preference"",""Promote-Coordination""]}"
458-2_utt2_intention,458-2,2,"agent_1: I was thinking about 2 units of firewood and 1 unit of food and one unit of water, what are you going to be needing this for?",No-Intention,"[0, 0, 0, 0, 1, 0, 0, 0, 0]","['Describe-Need', 'Discover-Preference', 'Promote-Coordination']","[0, 0, 1, 1, 0, 0, 1, 0, 0]","{""intents"":[""Describe-Need"",""Discover-Preference"",""Promote-Coordination""]}"
458-3_utt1_intention,458-3,1,agent_2: I can do that. I am going camping in the fall with my family so we need a lot of food. We're camping by the lake so if you want I can give you an extra unit of water.,Describe-Need,"[0, 0, 1, 0, 0, 0, 0, 0, 0]","['Describe-Need', 'Promote-Coordination']","[0, 0, 1, 0, 0, 0, 1, 0, 0]","{""intents"":[""Describe-Need"",""Promote-Coordination""]}"
458-3_utt2_intention,458-3,2,"agent_1: sure thats sounds fair, so that would leave you with two units of food one unit of firewood and one unit of water then?",Callout-Fairness,"[0, 1, 0, 0, 0, 0, 0, 0, 0]","['Callout-Fairness', 'Promote-Coordination']","[0, 1, 0, 0, 0, 0, 1, 0, 0]","{""intents"":[""Callout-Fairness"",""Promote-Coordination""]}"
458-4_utt1_intention,458-4,1,agent_2: That sounds fair to me. Have fun with the kiddo!,"Build-Rapport,Callout-Fairness","[1, 1, 0, 0, 0, 0, 0, 0, 0]","['Callout-Fairness', 'Show-Empathy']","[0, 1, 0, 0, 0, 0, 0, 1, 0]","{""intents"":[""Callout-Fairness"",""Show-Empathy""]}"
458-4_utt2_intention,458-4,2,"agent_1: thanks again, hope you and your family have a fun and safe trip!",Build-Rapport,"[1, 0, 0, 0, 0, 0, 0, 0, 0]","['Build-Rapport', 'Show-Empathy']","[1, 0, 0, 0, 0, 0, 0, 1, 0]","{""intents"":[""Build-Rapport"",""Show-Empathy""]}"
459-0_utt1_intention,459-0,1,agent_2: Hi! I look forward to making a trade with you that's good for us both.,"Callout-Fairness,Promote-Coordination","[0, 1, 0, 0, 0, 0, 1, 0, 0]","['Build-Rapport', 'Callout-Fairness', 'Promote-Coordination']","[1, 1, 0, 0, 0, 0, 1, 0, 0]","{""intents"":[""Build-Rapport"",""Callout-Fairness"",""Promote-Coordination""]}"
459-0_utt2_intention,459-0,2,"agent_1: Me too, hopefully we can get together on a deal.",Promote-Coordination,"[0, 0, 0, 0, 0, 0, 1, 0, 0]","['Build-Rapport', 'Promote-Coordination']","[1, 0, 0, 0, 0, 0, 1, 0, 0]","{""intents"":[""Build-Rapport"",""Promote-Coordination""]}"
459-1_utt1_intention,459-1,1,agent_2: I'm hoping so too. What's most valuable to you?,Discover-Preference,"[0, 0, 0, 1, 0, 0, 0, 0, 0]","['Build-Rapport', 'Discover-Preference']","[1, 0, 0, 1, 0, 0, 0, 0, 0]","{""intents"":[""Build-Rapport"",""Discover-Preference""]}"
459-1_utt2_intention,459-1,2,"agent_1: Water, what about you? ",Discover-Preference,"[0, 0, 0, 1, 0, 0, 0, 0, 0]","['Describe-Need', 'Discover-Preference']","[0, 0, 1, 1, 0, 0, 0, 0, 0]","{""intents"":[""Describe-Need"",""Discover-Preference""]}"
459-2_utt1_intention,459-2,1,"agent_2: Food, but I definitely do need some water, too. Can you live with taking 2 waters?",No-Intention,"[0, 0, 0, 0, 1, 0, 0, 0, 0]","['Describe-Need', 'Discover-Preference', 'Promote-Coordination']","[0, 0, 1, 1, 0, 0, 1, 0, 0]","{""intents"":[""Describe-Need"",""Discover-Preference"",""Promote-Coordination""]}"
459-2_utt2_intention,459-2,2,"agent_1: Yes, can you live with two foods? ",No-Intention,"[0, 0, 0, 0, 1, 0, 0, 0, 0]","['Promote-Coordination', 'Discover-Preference']","[0, 0, 0, 1, 0, 0, 1, 0, 0]","{""intents"":[""Promote-Coordination"",""Discover-Preference""]}"
459-3_utt1_intention,459-3,1,agent_2: I can. How about firewood? I would like 2 if possible.,No-Intention,"[0, 0, 0, 0, 1, 0, 0, 0, 0]","['Describe-Need', 'Discover-Preference', 'Promote-Coordination']","[0, 0, 1, 1, 0, 0, 1, 0, 0]","{""intents"":[""Describe-Need"",""Discover-Preference"",""Promote-Coordination""]}"
459-3_utt2_intention,459-3,2,agent_1: Well there are only 3.,No-Intention,"[0, 0, 0, 0, 1, 0, 0, 0, 0]","['Callout-Fairness', 'Describe-Need', 'Promote-Coordination']","[0, 1, 1, 0, 0, 0, 1, 0, 0]","{""intents"":[""Callout-Fairness"",""Describe-Need"",""Promote-Coordination""]}"
459-4_utt1_intention,459-4,1,"agent_2: Of course. Since you're getting more water, I was hoping to get 2 firewood, and you could have the remaining 1. Would that work for you?",Callout-Fairness,"[0, 1, 0, 0, 0, 0, 0, 0, 0]","['Describe-Need', 'Promote-Coordination', 'Callout-Fairness']","[0, 1, 1, 0, 0, 0, 1, 0, 0]","{""intents"":[""Describe-Need"",""Promote-Coordination"",""Callout-Fairness""]}"
459-4_utt2_intention,459-4,2,"agent_1: Water was my high priority and food was your's, so I think we already split the difference there. ",Callout-Fairness,"[0, 1, 0, 0, 0, 0, 0, 0, 0]","['Callout-Fairness', 'Describe-Need', 'Promote-Coordination']","[0, 1, 1, 0, 0, 0, 1, 0, 0]","{""intents"":[""Callout-Fairness"",""Describe-Need"",""Promote-Coordination""]}"
459-5_utt1_intention,459-5,1,"agent_2: Okay, so how do you propose splitting the firewood?","Callout-Fairness,Promote-Coordination","[0, 1, 0, 0, 0, 0, 1, 0, 0]","['Callout-Fairness', 'Promote-Coordination']","[0, 1, 0, 0, 0, 0, 1, 0, 0]","{""intents"":[""Callout-Fairness"",""Promote-Coordination""]}"
459-5_utt2_intention,459-5,2,"agent_1: Can we split a bundle, in the real world that would be cool.  ",No-Intention,"[0, 0, 0, 0, 1, 0, 0, 0, 0]",['Promote-Coordination'],"[0, 0, 0, 0, 0, 0, 1, 0, 0]","{""intents"":[""Promote-Coordination""]}"
459-6_utt1_intention,459-6,1,agent_2: I wish we could. I would be down for that. 🙂 That seems the most fair to me. How about you enter the trade deal on your end?,Callout-Fairness,"[0, 1, 0, 0, 0, 0, 0, 0, 0]","['Build-Rapport', 'Callout-Fairness', 'Promote-Coordination']","[1, 1, 0, 0, 0, 0, 1, 0, 0]","{""intents"":[""Build-Rapport"",""Callout-Fairness"",""Promote-Coordination""]}"
459-6_utt2_intention,459-6,2,agent_1: Deal. ,No-Intention,"[0, 0, 0, 0, 1, 0, 0, 0, 0]",['Promote-Coordination'],"[0, 0, 0, 0, 0, 0, 1, 0, 0]","{""intents"":[""Promote-Coordination""]}"
459-7_utt1_intention,459-7,1,"agent_2: Then let me pass it back to you, and you can enter the trade, then hit submit. I'll be ready.",No-Intention,"[0, 0, 0, 0, 1, 0, 0, 0, 0]","['Promote-Coordination', 'Callout-Fairness']","[0, 1, 0, 0, 0, 0, 1, 0, 0]","{""intents"":[""Promote-Coordination"",""Callout-Fairness""]}"
460-0_utt1_intention,460-0,1,"agent_2: Hello, I think that I should get all of the water packages, 2 firewood and you can have all of the food.🙂",No-Intention,"[0, 0, 0, 0, 1, 0, 0, 0, 0]","['Describe-Need', 'Promote-Coordination']","[0, 0, 1, 0, 0, 0, 1, 0, 0]","{""intents"":[""Describe-Need"",""Promote-Coordination""]}"
460-0_utt2_intention,460-0,2,"agent_1: Hi there, i appreciate your initial offer. ",No-Intention,"[0, 0, 0, 0, 1, 0, 0, 0, 0]","['Build-Rapport', 'Show-Empathy']","[1, 0, 0, 0, 0, 0, 0, 1, 0]","{""intents"":[""Build-Rapport"",""Show-Empathy""]}"
460-1_utt1_intention,460-1,1,agent_2: What is your offer on the additional packages?,Promote-Coordination,"[0, 0, 0, 0, 0, 0, 1, 0, 0]",['Discover-Preference'],"[0, 0, 0, 1, 0, 0, 0, 0, 0]","{""intents"":[""Discover-Preference""]}"
460-1_utt2_intention,460-1,2,agent_1: I would be willing to give you all of the firewood (3) and two of the water (2) while I get the rest,Promote-Coordination,"[0, 0, 0, 0, 0, 0, 1, 0, 0]","['Promote-Coordination', 'Callout-Fairness']","[0, 1, 0, 0, 0, 0, 1, 0, 0]","{""intents"":[""Promote-Coordination"",""Callout-Fairness""]}"
460-2_utt1_intention,460-2,1,"agent_2: Ok great, are you going to be ok with getting your own water and firewood during the trip?",No-Intention,"[0, 0, 0, 0, 1, 0, 0, 0, 0]","['Discover-Preference', 'Promote-Coordination']","[0, 0, 0, 1, 0, 0, 1, 0, 0]","{""intents"":[""Discover-Preference"",""Promote-Coordination""]}"
460-2_utt2_intention,460-2,2,"agent_1: I think that I will be able to, so I'd like to offer you those extras.🙂",No-Intention,"[0, 0, 0, 0, 1, 0, 0, 0, 0]","['Build-Rapport', 'Promote-Coordination']","[1, 0, 0, 0, 0, 0, 1, 0, 0]","{""intents"":[""Build-Rapport"",""Promote-Coordination""]}"
460-3_utt1_intention,460-3,1,"agent_2: Thank you, it would have been difficult for me to get more firewood and I appreciate the additional water. So I get 3 firewood, 2 water and 0 food.",No-Intention,"[0, 0, 0, 0, 1, 0, 0, 0, 0]","['Show-Empathy', 'Describe-Need', 'Promote-Coordination']","[0, 0, 1, 0, 0, 0, 1, 1, 0]","{""intents"":[""Show-Empathy"",""Describe-Need"",""Promote-Coordination""]}"
460-3_utt2_intention,460-3,2,"agent_1: Yes, I think that deal will be the most helpful to both of us. I appreciate the food, which is important to me.",Callout-Fairness,"[0, 1, 0, 0, 0, 0, 0, 0, 0]","['Build-Rapport', 'Show-Empathy', 'Promote-Coordination', 'Describe-Need']","[1, 0, 1, 0, 0, 0, 1, 1, 0]","{""intents"":[""Build-Rapport"",""Show-Empathy"",""Promote-Coordination"",""Describe-Need""]}"
460-4_utt1_intention,460-4,1,"agent_2: You are welcome. Thank you for being so understanding, the extra packages are really going to come in handy for me!🙂",No-Intention,"[0, 0, 0, 0, 1, 0, 0, 0, 0]","['Build-Rapport', 'Show-Empathy', 'Describe-Need']","[1, 0, 1, 0, 0, 0, 0, 1, 0]","{""intents"":[""Build-Rapport"",""Show-Empathy"",""Describe-Need""]}"
460-4_utt2_intention,460-4,2,"agent_1: Perfect, I will submit the deal after just a few more messages. You were great to work with!",No-Intention,"[0, 0, 0, 0, 1, 0, 0, 0, 0]","['Build-Rapport', 'Promote-Coordination', 'Show-Empathy']","[1, 0, 0, 0, 0, 0, 1, 1, 0]","{""intents"":[""Build-Rapport"",""Promote-Coordination"",""Show-Empathy""]}"
460-5_utt1_intention,460-5,1,"agent_2: I agree and thanks, you also!",No-Intention,"[0, 0, 0, 0, 1, 0, 0, 0, 0]","['Build-Rapport', 'Show-Empathy']","[1, 0, 0, 0, 0, 0, 0, 1, 0]","{""intents"":[""Build-Rapport"",""Show-Empathy""]}"
461-0_utt1_intention,461-0,1,"agent_2: hi! i would love to take my kids camping to teach them about the outdoors, to do this how about i take all of the food and 2 of the waters, you can have the rest ",Describe-Need,"[0, 0, 1, 0, 0, 0, 0, 0, 0]","['Build-Rapport', 'Describe-Need', 'Promote-Coordination']","[1, 0, 1, 0, 0, 0, 1, 0, 0]","{""intents"":[""Build-Rapport"",""Describe-Need"",""Promote-Coordination""]}"
461-0_utt2_intention,461-0,2,agent_1: Hello there.  That deal most definitely will not work for me. ,Callout-Fairness,"[0, 1, 0, 0, 0, 0, 0, 0, 0]","['Callout-Fairness', 'Undermine-Requirements']","[0, 1, 0, 0, 0, 0, 0, 0, 1]","{""intents"":[""Callout-Fairness"",""Undermine-Requirements""]}"
461-1_utt1_intention,461-1,1,"agent_2: OK, If i take all 3 of the foods and 1 of the waters you can have the remaining packages ",No-Intention,"[0, 0, 0, 0, 1, 0, 0, 0, 0]","['Promote-Coordination', 'Describe-Need']","[0, 0, 1, 0, 0, 0, 1, 0, 0]","{""intents"":[""Promote-Coordination"",""Describe-Need""]}"
461-1_utt2_intention,461-1,2,"agent_1: I need to eat too, especially if I want to go on a long hike.  How about I take 2 foods, 2 waters, and 1 firewood? ",Describe-Need,"[0, 0, 1, 0, 0, 0, 0, 0, 0]","['Describe-Need', 'Promote-Coordination']","[0, 0, 1, 0, 0, 0, 1, 0, 0]","{""intents"":[""Describe-Need"",""Promote-Coordination""]}"
461-2_utt1_intention,461-2,1,"agent_2: I am sorry that will not work for me, how about i take 2 food, 1 water and 1 firewood and you can have the rest? That way we each get some of each",Callout-Fairness,"[0, 1, 0, 0, 0, 0, 0, 0, 0]","['Callout-Fairness', 'Promote-Coordination']","[0, 1, 0, 0, 0, 0, 1, 0, 0]","{""intents"":[""Callout-Fairness"",""Promote-Coordination""]}"
461-2_utt2_intention,461-2,2,agent_1: I think that sounds pretty good.  I look forward to singing songs around the fire and going on extra hikes. ,Build-Rapport,"[1, 0, 0, 0, 0, 0, 0, 0, 0]","['Build-Rapport', 'Promote-Coordination']","[1, 0, 0, 0, 0, 0, 1, 0, 0]","{""intents"":[""Build-Rapport"",""Promote-Coordination""]}"
461-3_utt1_intention,461-3,1,agent_2: fantastic! and i look forward to getting my kids noses out of the electronics! ,Build-Rapport,"[1, 0, 0, 0, 0, 0, 0, 0, 0]","['Build-Rapport', 'Show-Empathy']","[1, 0, 0, 0, 0, 0, 0, 1, 0]","{""intents"":[""Build-Rapport"",""Show-Empathy""]}"
461-3_utt2_intention,461-3,2,"agent_1: I hear that. I think all of us could use a ""digital detox"" from time to time.  ",Build-Rapport,"[1, 0, 0, 0, 0, 0, 0, 0, 0]","['Build-Rapport', 'Show-Empathy']","[1, 0, 0, 0, 0, 0, 0, 1, 0]","{""intents"":[""Build-Rapport"",""Show-Empathy""]}"
461-4_utt1_intention,461-4,1,agent_2: Especially right now when everything is closed with the COVID pandemic! ,Build-Rapport,"[1, 0, 0, 0, 0, 0, 0, 0, 0]","['Build-Rapport', 'Show-Empathy']","[1, 0, 0, 0, 0, 0, 0, 1, 0]","{""intents"":[""Build-Rapport"",""Show-Empathy""]}"
461-4_utt2_intention,461-4,2,agent_1: It will be good to decompress and get away from the madness. ,Build-Rapport,"[1, 0, 0, 0, 0, 0, 0, 0, 0]","['Build-Rapport', 'Show-Empathy']","[1, 0, 0, 0, 0, 0, 0, 1, 0]","{""intents"":[""Build-Rapport"",""Show-Empathy""]}"
462-0_utt1_intention,462-0,1,agent_1: hi,No-Intention,"[0, 0, 0, 0, 1, 0, 0, 0, 0]",['Build-Rapport'],"[1, 0, 0, 0, 0, 0, 0, 0, 0]","{""intents"":[""Build-Rapport""]}"
462-0_utt2_intention,462-0,2,agent_2: Hi how is it going?,Build-Rapport,"[1, 0, 0, 0, 0, 0, 0, 0, 0]",['Build-Rapport'],"[1, 0, 0, 0, 0, 0, 0, 0, 0]","{""intents"":[""Build-Rapport""]}"
462-1_utt1_intention,462-1,1,agent_1: It took a while to load but good.,Build-Rapport,"[1, 0, 0, 0, 0, 0, 0, 0, 0]",['Build-Rapport'],"[1, 0, 0, 0, 0, 0, 0, 0, 0]","{""intents"":[""Build-Rapport""]}"
462-1_utt2_intention,462-1,2,agent_2: Let's talk about how we can split the camping supplies,"Callout-Fairness,Promote-Coordination","[0, 1, 0, 0, 0, 0, 1, 0, 0]","['Callout-Fairness', 'Promote-Coordination']","[0, 1, 0, 0, 0, 0, 1, 0, 0]","{""intents"":[""Callout-Fairness"",""Promote-Coordination""]}"
462-2_utt1_intention,462-2,1,agent_1: Ok I think we should split evenly,"Callout-Fairness,Promote-Coordination","[0, 1, 0, 0, 0, 0, 1, 0, 0]","['Callout-Fairness', 'Promote-Coordination']","[0, 1, 0, 0, 0, 0, 1, 0, 0]","{""intents"":[""Callout-Fairness"",""Promote-Coordination""]}"
462-2_utt2_intention,462-2,2,"agent_2: yes we should come to a fair deal, what are your priority items?",Discover-Preference,"[0, 0, 0, 1, 0, 0, 0, 0, 0]","['Callout-Fairness', 'Discover-Preference', 'Promote-Coordination']","[0, 1, 0, 1, 0, 0, 1, 0, 0]","{""intents"":[""Callout-Fairness"",""Discover-Preference"",""Promote-Coordination""]}"
462-3_utt1_intention,462-3,1,"agent_1: Food is highest, firewood is medium, and water lowest. You?",No-Intention,"[0, 0, 0, 0, 1, 0, 0, 0, 0]","['Describe-Need', 'Discover-Preference']","[0, 0, 1, 1, 0, 0, 0, 0, 0]","{""intents"":[""Describe-Need"",""Discover-Preference""]}"
462-3_utt2_intention,462-3,2,"agent_2: I have food, water and firewood.",No-Intention,"[0, 0, 0, 0, 1, 0, 0, 0, 0]","['Describe-Need', 'Discover-Preference']","[0, 0, 1, 1, 0, 0, 0, 0, 0]","{""intents"":[""Describe-Need"",""Discover-Preference""]}"
462-4_utt1_intention,462-4,1,agent_1: Ok so whoever gets more wood should get something else higher,Callout-Fairness,"[0, 1, 0, 0, 0, 0, 0, 0, 0]","['Callout-Fairness', 'Promote-Coordination']","[0, 1, 0, 0, 0, 0, 1, 0, 0]","{""intents"":[""Callout-Fairness"",""Promote-Coordination""]}"
462-4_utt2_intention,462-4,2,"agent_2: How bout this deal, me - 3 water, 2 firewood, you 3 food, 1 firewood",No-Intention,"[0, 0, 0, 0, 1, 0, 0, 0, 0]","['Callout-Fairness', 'Promote-Coordination']","[0, 1, 0, 0, 0, 0, 1, 0, 0]","{""intents"":[""Callout-Fairness"",""Promote-Coordination""]}"
462-5_utt1_intention,462-5,1,agent_1: Sounds alright,Callout-Fairness,"[0, 1, 0, 0, 0, 0, 0, 0, 0]","['Callout-Fairness', 'Promote-Coordination']","[0, 1, 0, 0, 0, 0, 1, 0, 0]","{""intents"":[""Callout-Fairness"",""Promote-Coordination""]}"
463-0_utt1_intention,463-0,1,agent_1: Hi there. Hope you too are looking forward to this much needed camping trip. What are your needs in terms of extra packages?,"Build-Rapport,Discover-Preference","[1, 0, 0, 1, 0, 0, 0, 0, 0]","['Build-Rapport', 'Discover-Preference', 'Promote-Coordination']","[1, 0, 0, 1, 0, 0, 1, 0, 0]","{""intents"":[""Build-Rapport"",""Discover-Preference"",""Promote-Coordination""]}"
463-0_utt2_intention,463-0,2,"agent_2: Since this is the first time for the family to be camping, having plenty of food for everyone is on the top of my list.",Describe-Need,"[0, 0, 1, 0, 0, 0, 0, 0, 0]","['Describe-Need', 'Discover-Preference']","[0, 0, 1, 1, 0, 0, 0, 0, 0]","{""intents"":[""Describe-Need"",""Discover-Preference""]}"
463-1_utt1_intention,463-1,1,agent_1: I am fine with you having the 3 foods. Is it okay if I have 3 water units We are fasting and need lots of hydration.,Describe-Need,"[0, 0, 1, 0, 0, 0, 0, 0, 0]","['Describe-Need', 'Promote-Coordination']","[0, 0, 1, 0, 0, 0, 1, 0, 0]","{""intents"":[""Describe-Need"",""Promote-Coordination""]}"
463-1_utt2_intention,463-1,2,agent_2: Are you sure you need all of the water? It would be nice to have some extra.,Undermine-Requirements,"[0, 0, 0, 0, 0, 0, 0, 0, 1]","['Callout-Fairness', 'Discover-Preference', 'Show-Empathy']","[0, 1, 0, 1, 0, 0, 0, 1, 0]","{""intents"":[""Callout-Fairness"",""Discover-Preference"",""Show-Empathy""]}"
463-2_utt1_intention,463-2,1,"agent_1: Well, we do need the water pretty badly. But I guess wanting all the water is stingy so I will pack extra water since we are not packing food. How about you guys receive 1 water and 3 food units?",Callout-Fairness,"[0, 1, 0, 0, 0, 0, 0, 0, 0]","['Describe-Need', 'Promote-Coordination', 'Callout-Fairness']","[0, 1, 1, 0, 0, 0, 1, 0, 0]","{""intents"":[""Describe-Need"",""Promote-Coordination"",""Callout-Fairness""]}"
463-2_utt2_intention,463-2,2,"agent_2: If you feel you absolutely need the 3 waters, I will let you have them provided I can have 2 firewoods along with the 3 foods.",Promote-Coordination,"[0, 0, 0, 0, 0, 0, 1, 0, 0]","['Callout-Fairness', 'Promote-Coordination']","[0, 1, 0, 0, 0, 0, 1, 0, 0]","{""intents"":[""Callout-Fairness"",""Promote-Coordination""]}"
463-3_utt1_intention,463-3,1,"agent_1: That is so nice of you. Being that you have family, you might need more firewood for cooking for the crew! Do you agree? And how many kids are you traveling with? ",Build-Rapport,"[1, 0, 0, 0, 0, 0, 0, 0, 0]","['Build-Rapport', 'Show-Empathy', 'Discover-Preference', 'Promote-Coordination']","[1, 0, 0, 1, 0, 0, 1, 1, 0]","{""intents"":[""Build-Rapport"",""Show-Empathy"",""Discover-Preference"",""Promote-Coordination""]}"
463-3_utt2_intention,463-3,2,agent_2: I have 2 kids and want to make sure they stay warm.  The firewood will go a long way in keeping them comfortable.,Describe-Need,"[0, 0, 1, 0, 0, 0, 0, 0, 0]","['Describe-Need', 'Show-Empathy']","[0, 0, 1, 0, 0, 0, 0, 1, 0]","{""intents"":[""Describe-Need"",""Show-Empathy""]}"
463-4_utt1_intention,463-4,1,"agent_1: I am leaving my little ones home. I feel a little guilty but am going forward with the plan! So, I input our order that you guys receive 3 food, 2 firewood, and no water. Are we in agreement?",Build-Rapport,"[1, 0, 0, 0, 0, 0, 0, 0, 0]","['Build-Rapport', 'Callout-Fairness', 'Promote-Coordination', 'Show-Empathy']","[1, 1, 0, 0, 0, 0, 1, 1, 0]","{""intents"":[""Build-Rapport"",""Callout-Fairness"",""Promote-Coordination"",""Show-Empathy""]}"
463-4_utt2_intention,463-4,2,agent_2: Yes. That sounds fair to me.,Callout-Fairness,"[0, 1, 0, 0, 0, 0, 0, 0, 0]","['Callout-Fairness', 'Promote-Coordination']","[0, 1, 0, 0, 0, 0, 1, 0, 0]","{""intents"":[""Callout-Fairness"",""Promote-Coordination""]}"
464-0_utt1_intention,464-0,1,"agent_2: Hello I'm interested in obtaining more of the water and food, but don't need any extra firewood🙂",No-Intention,"[0, 0, 0, 0, 1, 0, 0, 0, 0]","['Describe-Need', 'Discover-Preference']","[0, 0, 1, 1, 0, 0, 0, 0, 0]","{""intents"":[""Describe-Need"",""Discover-Preference""]}"
464-0_utt2_intention,464-0,2,agent_1: Well I am really in the same position as you are. Suppose I take 2 waters and only 1 food? ,No-Intention,"[0, 0, 0, 0, 1, 0, 0, 0, 0]","['Build-Rapport', 'Describe-Need', 'Discover-Preference', 'Promote-Coordination']","[1, 0, 1, 1, 0, 0, 1, 0, 0]","{""intents"":[""Build-Rapport"",""Describe-Need"",""Discover-Preference"",""Promote-Coordination""]}"
464-1_utt1_intention,464-1,1,"agent_2: I get really sweaty when I hike, so I really need to get at least 2 of the waters.",Describe-Need,"[0, 0, 1, 0, 0, 0, 0, 0, 0]","['Describe-Need', 'Show-Empathy']","[0, 0, 1, 0, 0, 0, 0, 1, 0]","{""intents"":[""Describe-Need"",""Show-Empathy""]}"
464-1_utt2_intention,464-1,2,agent_1: My friend is joining me tomorrow so there will be two of us. I really need the extra water so we both can stay hydrated. You can have all the food and 2 of the firewood packs if I get 2 of the water packs. 🙂,Describe-Need,"[0, 0, 1, 0, 0, 0, 0, 0, 0]","['Describe-Need', 'Promote-Coordination', 'Callout-Fairness']","[0, 1, 1, 0, 0, 0, 1, 0, 0]","{""intents"":[""Describe-Need"",""Promote-Coordination"",""Callout-Fairness""]}"
464-2_utt1_intention,464-2,1,"agent_2: I understand, but I don't need any extra firewood.  You could have 2 food, 3 firewood, and 1 water?🙂",No-Intention,"[0, 0, 0, 0, 1, 0, 0, 0, 0]","['No-Need', 'Discover-Preference', 'Promote-Coordination']","[0, 0, 0, 1, 0, 1, 1, 0, 0]","{""intents"":[""No-Need"",""Discover-Preference"",""Promote-Coordination""]}"
464-2_utt2_intention,464-2,2,agent_1: Well I am going to have to think about this deal. Perhaps I can contact my friend and see if he can get some extra water. He is a big eater so the food may come in handy. ,Describe-Need,"[0, 0, 1, 0, 0, 0, 0, 0, 0]","['Describe-Need', 'Promote-Coordination']","[0, 0, 1, 0, 0, 0, 1, 0, 0]","{""intents"":[""Describe-Need"",""Promote-Coordination""]}"
464-3_utt1_intention,464-3,1,agent_2: That would make things better for me.  ,Callout-Fairness,"[0, 1, 0, 0, 0, 0, 0, 0, 0]","['Build-Rapport', 'Promote-Coordination']","[1, 0, 0, 0, 0, 0, 1, 0, 0]","{""intents"":[""Build-Rapport"",""Promote-Coordination""]}"
464-3_utt2_intention,464-3,2,agent_1: Can I ask you why you need so much water for one person? ,Discover-Preference,"[0, 0, 0, 1, 0, 0, 0, 0, 0]",['Discover-Preference'],"[0, 0, 0, 1, 0, 0, 0, 0, 0]","{""intents"":[""Discover-Preference""]}"
464-4_utt1_intention,464-4,1,"agent_2: Hiking in the summer, I sweat a lot and I don't want to risk getting dehydrating and sick out in the woods.",Describe-Need,"[0, 0, 1, 0, 0, 0, 0, 0, 0]","['Describe-Need', 'Show-Empathy']","[0, 0, 1, 0, 0, 0, 0, 1, 0]","{""intents"":[""Describe-Need"",""Show-Empathy""]}"
464-4_utt2_intention,464-4,2,"agent_1: Well this might work out, I will agree to take 2 food, 3 firewood and 1 water. I think we will be fine because we are not going hiking. We are going to sit around campfire and catch up on old times. Good deal for both of us if you agree. 🙂","Build-Rapport,Callout-Fairness","[1, 1, 0, 0, 0, 0, 0, 0, 0]","['Callout-Fairness', 'Promote-Coordination']","[0, 1, 0, 0, 0, 0, 1, 0, 0]","{""intents"":[""Callout-Fairness"",""Promote-Coordination""]}"
465-0_utt1_intention,465-0,1,"agent_2: How's it going?  If it's alright with you, you can have all of the water and I'll take all of the firewood.  We can work out a deal on the food as well.",Promote-Coordination,"[0, 0, 0, 0, 0, 0, 1, 0, 0]","['Build-Rapport', 'Promote-Coordination']","[1, 0, 0, 0, 0, 0, 1, 0, 0]","{""intents"":[""Build-Rapport"",""Promote-Coordination""]}"
465-0_utt2_intention,465-0,2,agent_1: I have circulatory issued due to a heart condition and cold quickly. I would appreciate if I could get at least 2 of the firewood. You can have 2 of the food so you won't get hungry. 🙂,Describe-Need,"[0, 0, 1, 0, 0, 0, 0, 0, 0]","['Describe-Need', 'Show-Empathy', 'Callout-Fairness', 'Promote-Coordination']","[0, 1, 1, 0, 0, 0, 1, 1, 0]","{""intents"":[""Describe-Need"",""Show-Empathy"",""Callout-Fairness"",""Promote-Coordination""]}"
465-1_utt1_intention,465-1,1,"agent_2: I was planning on building a big bonfire for the evening.  There'd be plenty of room if you wanted to join for warmth.  I'm a bit hungry and would appreciate the extra food.  You can have all of the water if you'd like.  If you warm it by the bonfire, it may be useful to soak in to improve your circulation.","Build-Rapport,Describe-Need,Undermine-Requirements","[1, 0, 1, 0, 0, 0, 0, 0, 1]","['Build-Rapport', 'Describe-Need', 'Promote-Coordination', 'Show-Empathy']","[1, 0, 1, 0, 0, 0, 1, 1, 0]","{""intents"":[""Build-Rapport"",""Describe-Need"",""Promote-Coordination"",""Show-Empathy""]}"
465-1_utt2_intention,465-1,2,agent_1: I get tired to easy so I probably won't be much fun at a bonfire ☹️. I really do appreciate the offer though. I would think the extra food would do you more good for your party. ,No-Intention,"[0, 0, 0, 0, 1, 0, 0, 0, 0]","['Show-Empathy', 'Describe-Need', 'Promote-Coordination']","[0, 0, 1, 0, 0, 0, 1, 1, 0]","{""intents"":[""Show-Empathy"",""Describe-Need"",""Promote-Coordination""]}"
465-2_utt1_intention,465-2,1,"agent_2: The extra food would be appreciated.  How about if I take just two each of the firewood and food, and you can have the remainder, plus all of the water?",No-Intention,"[0, 0, 0, 0, 1, 0, 0, 0, 0]","['Promote-Coordination', 'Show-Empathy', 'Callout-Fairness']","[0, 1, 0, 0, 0, 0, 1, 1, 0]","{""intents"":[""Promote-Coordination"",""Show-Empathy"",""Callout-Fairness""]}"
465-2_utt2_intention,465-2,2,agent_1: I am just concerned that only 1 firewood might make it so I'm too cold to function. ,No-Intention,"[0, 0, 0, 0, 1, 0, 0, 0, 0]","['Describe-Need', 'Show-Empathy', 'Undermine-Requirements']","[0, 0, 1, 0, 0, 0, 0, 1, 1]","{""intents"":[""Describe-Need"",""Show-Empathy"",""Undermine-Requirements""]}"
465-3_utt1_intention,465-3,1,"agent_2: If you boil the water above the fire, it will provide additional heat over time.  You would also be able to make tea, which would warm you up from the inside as well, better than any fire would.  That would probably be most beneficial to you.  I really do need the 2 firewood if there's any chance of making a bonfire for my party.","Describe-Need,Undermine-Requirements","[0, 0, 1, 0, 0, 0, 0, 0, 1]","['Describe-Need', 'Promote-Coordination', 'Show-Empathy']","[0, 0, 1, 0, 0, 0, 1, 1, 0]","{""intents"":[""Describe-Need"",""Promote-Coordination"",""Show-Empathy""]}"
465-3_utt2_intention,465-3,2,agent_1: I am allergic to tea and coffee. I wonder if the smaller fire would be more quaint for everyone to sit around. ,Undermine-Requirements,"[0, 0, 0, 0, 0, 0, 0, 0, 1]","['Describe-Need', 'Discover-Preference', 'Show-Empathy']","[0, 0, 1, 1, 0, 0, 0, 1, 0]","{""intents"":[""Describe-Need"",""Discover-Preference"",""Show-Empathy""]}"
465-4_utt1_intention,465-4,1,"agent_2: It really wouldn't do the job that well at all.  You could always prepare hot cocoa or use your share of the food to make a warm stew.  I really do need at least the two firewood and a couple of food.  You can have all the water to make a hearty and hot stew to get your through the night, though.",Undermine-Requirements,"[0, 0, 0, 0, 0, 0, 0, 0, 1]","['Describe-Need', 'Promote-Coordination']","[0, 0, 1, 0, 0, 0, 1, 0, 0]","{""intents"":[""Describe-Need"",""Promote-Coordination""]}"
465-4_utt2_intention,465-4,2,agent_1: I can't eat much anyway because of the health issues. You could have all of the food if I could get the extra firewood. That would still give you an extra firewood in addition to the basic supply and lots of extra food for your party. I'm sure they would love having some of the stew you mentioned.,"Promote-Coordination,Undermine-Requirements","[0, 0, 0, 0, 0, 0, 1, 0, 1]","['Describe-Need', 'Callout-Fairness', 'Promote-Coordination', 'Show-Empathy']","[0, 1, 1, 0, 0, 0, 1, 1, 0]","{""intents"":[""Describe-Need"",""Callout-Fairness"",""Promote-Coordination"",""Show-Empathy""]}"
465-5_utt1_intention,465-5,1,"agent_2: Well, how about I take just the one extra firewood, plus all of the food, and one of the water so that I can make stew?  Would that work for you?",Callout-Fairness,"[0, 1, 0, 0, 0, 0, 0, 0, 0]","['Describe-Need', 'Promote-Coordination']","[0, 0, 1, 0, 0, 0, 1, 0, 0]","{""intents"":[""Describe-Need"",""Promote-Coordination""]}"
465-5_utt2_intention,465-5,2,agent_1: That sounds good. I hope your party is wonderful.,Build-Rapport,"[1, 0, 0, 0, 0, 0, 0, 0, 0]","['Build-Rapport', 'Show-Empathy']","[1, 0, 0, 0, 0, 0, 0, 1, 0]","{""intents"":[""Build-Rapport"",""Show-Empathy""]}"
466-0_utt1_intention,466-0,1,agent_1: Hello there?,No-Intention,"[0, 0, 0, 0, 1, 0, 0, 0, 0]",['Build-Rapport'],"[1, 0, 0, 0, 0, 0, 0, 0, 0]","{""intents"":[""Build-Rapport""]}"
466-0_utt2_intention,466-0,2,agent_2: Hi! How are you?,Build-Rapport,"[1, 0, 0, 0, 0, 0, 0, 0, 0]","['Build-Rapport', 'Show-Empathy']","[1, 0, 0, 0, 0, 0, 0, 1, 0]","{""intents"":[""Build-Rapport"",""Show-Empathy""]}"
466-1_utt1_intention,466-1,1,agent_1: I am fine. How is your camping trip going?,Build-Rapport,"[1, 0, 0, 0, 0, 0, 0, 0, 0]","['Build-Rapport', 'Show-Empathy']","[1, 0, 0, 0, 0, 0, 0, 1, 0]","{""intents"":[""Build-Rapport"",""Show-Empathy""]}"
466-1_utt2_intention,466-1,2,"agent_2: I'm just finishing the final details of packing. I'm a little concerned I don't have enough of a few things. It is supposed to be over 100 degrees where we are going, and I don't think I have enough water. I'm concerned my kids are going to get dehydrated. I really could use 3 extra packages. ",Describe-Need,"[0, 0, 1, 0, 0, 0, 0, 0, 0]","['Describe-Need', 'Show-Empathy']","[0, 0, 1, 0, 0, 0, 0, 1, 0]","{""intents"":[""Describe-Need"",""Show-Empathy""]}"
466-2_utt1_intention,466-2,1,agent_1: That will not be possible i am afraid. I need at least 2 packages of water too. I have some tabs that i have to take with water regularly.,"Callout-Fairness,Describe-Need","[0, 1, 1, 0, 0, 0, 0, 0, 0]","['Describe-Need', 'Undermine-Requirements']","[0, 0, 1, 0, 0, 0, 0, 0, 1]","{""intents"":[""Describe-Need"",""Undermine-Requirements""]}"
466-2_utt2_intention,466-2,2,agent_2: I don't think I will be able to give you 2 waters. I'm desperate. I need at least 2. I would give you 1 if I could get 3 packages of food. I would give you all the firewood. ,"Callout-Fairness,Promote-Coordination","[0, 1, 0, 0, 0, 0, 1, 0, 0]","['Describe-Need', 'Callout-Fairness', 'Promote-Coordination']","[0, 1, 1, 0, 0, 0, 1, 0, 0]","{""intents"":[""Describe-Need"",""Callout-Fairness"",""Promote-Coordination""]}"
466-3_utt1_intention,466-3,1,agent_1: If i give you 3 packages of food then i will take 3 packages of firewood.,No-Intention,"[0, 0, 0, 0, 1, 0, 0, 0, 0]","['Promote-Coordination', 'Callout-Fairness']","[0, 1, 0, 0, 0, 0, 1, 0, 0]","{""intents"":[""Promote-Coordination"",""Callout-Fairness""]}"
466-3_utt2_intention,466-3,2,agent_2: So I get 2 waters and 3 foods. and you get the rest?,No-Intention,"[0, 0, 0, 0, 1, 0, 0, 0, 0]","['Callout-Fairness', 'Describe-Need', 'Promote-Coordination']","[0, 1, 1, 0, 0, 0, 1, 0, 0]","{""intents"":[""Callout-Fairness"",""Describe-Need"",""Promote-Coordination""]}"
466-4_utt1_intention,466-4,1,agent_1: I could use one food too. How am i going to survive without eating anything?,Callout-Fairness,"[0, 1, 0, 0, 0, 0, 0, 0, 0]","['Describe-Need', 'Show-Empathy']","[0, 0, 1, 0, 0, 0, 0, 1, 0]","{""intents"":[""Describe-Need"",""Show-Empathy""]}"
466-4_utt2_intention,466-4,2,agent_2: Okay So I get 2 waters and 2 foods and you get the rest?,No-Intention,"[0, 0, 0, 0, 1, 0, 0, 0, 0]","['Callout-Fairness', 'Describe-Need', 'Promote-Coordination']","[0, 1, 1, 0, 0, 0, 1, 0, 0]","{""intents"":[""Callout-Fairness"",""Describe-Need"",""Promote-Coordination""]}"
466-5_utt1_intention,466-5,1,agent_1: Don't you think it is a fair deal?,Callout-Fairness,"[0, 1, 0, 0, 0, 0, 0, 0, 0]","['Callout-Fairness', 'Promote-Coordination']","[0, 1, 0, 0, 0, 0, 1, 0, 0]","{""intents"":[""Callout-Fairness"",""Promote-Coordination""]}"
466-5_utt2_intention,466-5,2,agent_2: I can deal with that,No-Intention,"[0, 0, 0, 0, 1, 0, 0, 0, 0]","['Callout-Fairness', 'Promote-Coordination']","[0, 1, 0, 0, 0, 0, 1, 0, 0]","{""intents"":[""Callout-Fairness"",""Promote-Coordination""]}"
467-0_utt1_intention,467-0,1,"agent_1: hello, I need plenty of food, I have lots of friends we are camping together.",Describe-Need,"[0, 0, 1, 0, 0, 0, 0, 0, 0]","['Describe-Need', 'Promote-Coordination']","[0, 0, 1, 0, 0, 0, 1, 0, 0]","{""intents"":[""Describe-Need"",""Promote-Coordination""]}"
467-0_utt2_intention,467-0,2,"agent_2: bro i need aslo food, it is  my first priority",No-Intention,"[0, 0, 0, 0, 1, 0, 0, 0, 0]","['Describe-Need', 'Promote-Coordination']","[0, 0, 1, 0, 0, 0, 1, 0, 0]","{""intents"":[""Describe-Need"",""Promote-Coordination""]}"
467-1_utt1_intention,467-1,1,agent_1: what is is your second item in your priority list?,Discover-Preference,"[0, 0, 0, 1, 0, 0, 0, 0, 0]",['Discover-Preference'],"[0, 0, 0, 1, 0, 0, 0, 0, 0]","{""intents"":[""Discover-Preference""]}"
467-1_utt2_intention,467-1,2,agent_2: firewood,No-Intention,"[0, 0, 0, 0, 1, 0, 0, 0, 0]","['Describe-Need', 'Discover-Preference']","[0, 0, 1, 1, 0, 0, 0, 0, 0]","{""intents"":[""Describe-Need"",""Discover-Preference""]}"
467-2_utt1_intention,467-2,1,"agent_1: what/ we have same priority items, how do we split this to ensure equitably ","Callout-Fairness,Promote-Coordination","[0, 1, 0, 0, 0, 0, 1, 0, 0]","['Callout-Fairness', 'Promote-Coordination']","[0, 1, 0, 0, 0, 0, 1, 0, 0]","{""intents"":[""Callout-Fairness"",""Promote-Coordination""]}"
467-2_utt2_intention,467-2,2,"agent_2: 2 food , 1 firewood ,2 water for me is it ok?",No-Intention,"[0, 0, 0, 0, 1, 0, 0, 0, 0]","['Describe-Need', 'Promote-Coordination']","[0, 0, 1, 0, 0, 0, 1, 0, 0]","{""intents"":[""Describe-Need"",""Promote-Coordination""]}"
467-3_utt1_intention,467-3,1,agent_1: not fair at all☹️,Callout-Fairness,"[0, 1, 0, 0, 0, 0, 0, 0, 0]","['Callout-Fairness', 'Show-Empathy']","[0, 1, 0, 0, 0, 0, 0, 1, 0]","{""intents"":[""Callout-Fairness"",""Show-Empathy""]}"
467-3_utt2_intention,467-3,2,"agent_2: then what will do, ",No-Intention,"[0, 0, 0, 0, 1, 0, 0, 0, 0]",['No-Intention'],"[0, 0, 0, 0, 1, 0, 0, 0, 0]","{""intents"":[""No-Intention""]}"
467-4_utt1_intention,467-4,1,"agent_1: if you take two food, then I take all the wood and two two water and one food",Promote-Coordination,"[0, 0, 0, 0, 0, 0, 1, 0, 0]","['Callout-Fairness', 'Promote-Coordination']","[0, 1, 0, 0, 0, 0, 1, 0, 0]","{""intents"":[""Callout-Fairness"",""Promote-Coordination""]}"
467-4_utt2_intention,467-4,2,agent_2: no then u have to give 3 food for me,No-Intention,"[0, 0, 0, 0, 1, 0, 0, 0, 0]","['Callout-Fairness', 'Describe-Need']","[0, 1, 1, 0, 0, 0, 0, 0, 0]","{""intents"":[""Callout-Fairness"",""Describe-Need""]}"
467-5_utt1_intention,467-5,1,agent_1: I can have two food then and one wood and you can have the rest of the items,No-Intention,"[0, 0, 0, 0, 1, 0, 0, 0, 0]","['Callout-Fairness', 'Describe-Need', 'Promote-Coordination']","[0, 1, 1, 0, 0, 0, 1, 0, 0]","{""intents"":[""Callout-Fairness"",""Describe-Need"",""Promote-Coordination""]}"
467-5_utt2_intention,467-5,2,"agent_2: bro make it 3 food for me, u can take 3 fire wood  give me to water",No-Intention,"[0, 0, 0, 0, 1, 0, 0, 0, 0]","['Describe-Need', 'Promote-Coordination', 'Callout-Fairness']","[0, 1, 1, 0, 0, 0, 1, 0, 0]","{""intents"":[""Describe-Need"",""Promote-Coordination"",""Callout-Fairness""]}"
467-6_utt1_intention,467-6,1,"agent_1: you are not being fair, bare in mind we have same priority, so if you take all the food you have to give me the wood and water, or you can take all the wood and water and give me the food","Callout-Fairness,Promote-Coordination","[0, 1, 0, 0, 0, 0, 1, 0, 0]","['Callout-Fairness', 'Promote-Coordination']","[0, 1, 0, 0, 0, 0, 1, 0, 0]","{""intents"":[""Callout-Fairness"",""Promote-Coordination""]}"
467-6_utt2_intention,467-6,2,"agent_2: you also not fare,you also not  ready to give a give offer, give me 3 food , remaining one firewood one water 3 1 1",Callout-Fairness,"[0, 1, 0, 0, 0, 0, 0, 0, 0]","['Callout-Fairness', 'Describe-Need', 'Promote-Coordination']","[0, 1, 1, 0, 0, 0, 1, 0, 0]","{""intents"":[""Callout-Fairness"",""Describe-Need"",""Promote-Coordination""]}"
467-7_utt1_intention,467-7,1,"agent_1: no, I think I will just walk away",No-Intention,"[0, 0, 0, 0, 1, 0, 0, 0, 0]","['No-Intention', 'Callout-Fairness']","[0, 1, 0, 0, 1, 0, 0, 0, 0]","{""intents"":[""No-Intention"",""Callout-Fairness""]}"
467-7_utt2_intention,467-7,2,agent_2: bro u also not offer a good deal,Callout-Fairness,"[0, 1, 0, 0, 0, 0, 0, 0, 0]","['Callout-Fairness', 'Undermine-Requirements']","[0, 1, 0, 0, 0, 0, 0, 0, 1]","{""intents"":[""Callout-Fairness"",""Undermine-Requirements""]}"
467-8_utt1_intention,467-8,1,"agent_1: one food, three wood.",No-Intention,"[0, 0, 0, 0, 1, 0, 0, 0, 0]","['Callout-Fairness', 'Describe-Need', 'Promote-Coordination']","[0, 1, 1, 0, 0, 0, 1, 0, 0]","{""intents"":[""Callout-Fairness"",""Describe-Need"",""Promote-Coordination""]}"
467-8_utt2_intention,467-8,2,"agent_2: bro it is not a fair deal give me 2 food, one firewood 2 water",Callout-Fairness,"[0, 1, 0, 0, 0, 0, 0, 0, 0]","['Callout-Fairness', 'Describe-Need']","[0, 1, 1, 0, 0, 0, 0, 0, 0]","{""intents"":[""Callout-Fairness"",""Describe-Need""]}"
467-9_utt1_intention,467-9,1,agent_1: if you think I am not being fair can I have what you are asking for?,Callout-Fairness,"[0, 1, 0, 0, 0, 0, 0, 0, 0]","['Callout-Fairness', 'Promote-Coordination']","[0, 1, 0, 0, 0, 0, 1, 0, 0]","{""intents"":[""Callout-Fairness"",""Promote-Coordination""]}"
467-9_utt2_intention,467-9,2,"agent_2: you told me i not fair that why i told you are not fare,3 food for me  will give 3 firewood for me, give 2 water for me, other we can end the deal and both we can forget the bonus",Callout-Fairness,"[0, 1, 0, 0, 0, 0, 0, 0, 0]","['Callout-Fairness', 'Describe-Need', 'Promote-Coordination']","[0, 1, 1, 0, 0, 0, 1, 0, 0]","{""intents"":[""Callout-Fairness"",""Describe-Need"",""Promote-Coordination""]}"
467-10_utt1_intention,467-10,1,agent_1: ok,No-Intention,"[0, 0, 0, 0, 1, 0, 0, 0, 0]","['No-Intention', 'Promote-Coordination']","[0, 0, 0, 0, 1, 0, 1, 0, 0]","{""intents"":[""No-Intention"",""Promote-Coordination""]}"
467-10_utt2_intention,467-10,2,"agent_2: then what will do ? if you ok for 3 food for me , 3 firefor you, 2 water for me , for this deal we can go forward?",No-Intention,"[0, 0, 0, 0, 1, 0, 0, 0, 0]","['Callout-Fairness', 'Describe-Need', 'Promote-Coordination']","[0, 1, 1, 0, 0, 0, 1, 0, 0]","{""intents"":[""Callout-Fairness"",""Describe-Need"",""Promote-Coordination""]}"
467-11_utt1_intention,467-11,1,"agent_1: of course not. you just took all the priority items and you still want two water. I am going to make the last offer. you take two food and two water, I take one food, three wood and aone water. ",Callout-Fairness,"[0, 1, 0, 0, 0, 0, 0, 0, 0]","['Callout-Fairness', 'Describe-Need', 'Promote-Coordination']","[0, 1, 1, 0, 0, 0, 1, 0, 0]","{""intents"":[""Callout-Fairness"",""Describe-Need"",""Promote-Coordination""]}"
467-11_utt2_intention,467-11,2,agent_2: bro  make food as 3 and send me offer on that box,No-Intention,"[0, 0, 0, 0, 1, 0, 0, 0, 0]","['Callout-Fairness', 'Describe-Need', 'Promote-Coordination']","[0, 1, 1, 0, 0, 0, 1, 0, 0]","{""intents"":[""Callout-Fairness"",""Describe-Need"",""Promote-Coordination""]}"
468-0_utt1_intention,468-0,1,"agent_1: Hi, I would like to get 3 firewood, 2 waters and 1 food pack.",No-Intention,"[0, 0, 0, 0, 1, 0, 0, 0, 0]",['Describe-Need'],"[0, 0, 1, 0, 0, 0, 0, 0, 0]","{""intents"":[""Describe-Need""]}"
468-0_utt2_intention,468-0,2,"agent_2: Hello, I am in need of more water than just one,could you possibly allow me to have two and the other items are fine",No-Intention,"[0, 0, 0, 0, 1, 0, 0, 0, 0]","['Describe-Need', 'Callout-Fairness', 'Promote-Coordination']","[0, 1, 1, 0, 0, 0, 1, 0, 0]","{""intents"":[""Describe-Need"",""Callout-Fairness"",""Promote-Coordination""]}"
468-1_utt1_intention,468-1,1,agent_1: I have a bunch of kids and need extra water. I can give you 2 food packs instead.,Describe-Need,"[0, 0, 1, 0, 0, 0, 0, 0, 0]","['Describe-Need', 'Promote-Coordination', 'Show-Empathy']","[0, 0, 1, 0, 0, 0, 1, 1, 0]","{""intents"":[""Describe-Need"",""Promote-Coordination"",""Show-Empathy""]}"
468-1_utt2_intention,468-1,2,"agent_2: Then i understand, i have kidney issues but i would rather go without then take away from a family","Callout-Fairness,Show-Empathy","[0, 1, 0, 0, 0, 0, 0, 1, 0]","['Show-Empathy', 'Callout-Fairness']","[0, 1, 0, 0, 0, 0, 0, 1, 0]","{""intents"":[""Show-Empathy"",""Callout-Fairness""]}"
468-2_utt1_intention,468-2,1,agent_1: If you need water for a medical issue the of course you can have two waters.,Show-Empathy,"[0, 0, 0, 0, 0, 0, 0, 1, 0]","['Show-Empathy', 'Promote-Coordination']","[0, 0, 0, 0, 0, 0, 1, 1, 0]","{""intents"":[""Show-Empathy"",""Promote-Coordination""]}"
468-2_utt2_intention,468-2,2,"agent_2: You are being very kind then, im elderly so trying to make fresh water by boiling it from getting it from a river was concerning to me. How about you take all three of the food for your kiddo's",No-Intention,"[0, 0, 0, 0, 1, 0, 0, 0, 0]","['Build-Rapport', 'Show-Empathy', 'Callout-Fairness']","[1, 1, 0, 0, 0, 0, 0, 1, 0]","{""intents"":[""Build-Rapport"",""Show-Empathy"",""Callout-Fairness""]}"
468-3_utt1_intention,468-3,1,agent_1: That sounds fair. The kids can bathe in the stream. We are good with 2 food packs.,Callout-Fairness,"[0, 1, 0, 0, 0, 0, 0, 0, 0]","['Build-Rapport', 'Callout-Fairness', 'Promote-Coordination']","[1, 1, 0, 0, 0, 0, 1, 0, 0]","{""intents"":[""Build-Rapport"",""Callout-Fairness"",""Promote-Coordination""]}"
468-3_utt2_intention,468-3,2,"agent_2: Lol, wish i could. Then you take all 3 of the firewood, I'll take 2 of the Water and 1 of the food, sound good?",No-Intention,"[0, 0, 0, 0, 1, 0, 0, 0, 0]","['Build-Rapport', 'Callout-Fairness', 'Promote-Coordination', 'Show-Empathy']","[1, 1, 0, 0, 0, 0, 1, 1, 0]","{""intents"":[""Build-Rapport"",""Callout-Fairness"",""Promote-Coordination"",""Show-Empathy""]}"
468-4_utt1_intention,468-4,1,"agent_1: Just to be clear, I get 3 firewoods, 1 water and 1 food. You get 0 firewood, 2 waters and 2 food packs?",No-Intention,"[0, 0, 0, 0, 1, 0, 0, 0, 0]","['Promote-Coordination', 'Callout-Fairness']","[0, 1, 0, 0, 0, 0, 1, 0, 0]","{""intents"":[""Promote-Coordination"",""Callout-Fairness""]}"
468-4_utt2_intention,468-4,2,"agent_2: Everything sounds good except you and your family take 2 of the food, i need to lose weight anyway.",No-Need,"[0, 0, 0, 0, 0, 1, 0, 0, 0]","['Callout-Fairness', 'Show-Empathy', 'Promote-Coordination']","[0, 1, 0, 0, 0, 0, 1, 1, 0]","{""intents"":[""Callout-Fairness"",""Show-Empathy"",""Promote-Coordination""]}"
468-5_utt1_intention,468-5,1,agent_1: Perfect! Thank you!,No-Intention,"[0, 0, 0, 0, 1, 0, 0, 0, 0]","['Build-Rapport', 'Promote-Coordination']","[1, 0, 0, 0, 0, 0, 1, 0, 0]","{""intents"":[""Build-Rapport"",""Promote-Coordination""]}"
468-5_utt2_intention,468-5,2,"agent_2: We have a deal, enjoy the camping trip with the family, the best memories",Build-Rapport,"[1, 0, 0, 0, 0, 0, 0, 0, 0]","['Build-Rapport', 'Promote-Coordination', 'Show-Empathy']","[1, 0, 0, 0, 0, 0, 1, 1, 0]","{""intents"":[""Build-Rapport"",""Promote-Coordination"",""Show-Empathy""]}"
469-0_utt1_intention,469-0,1,agent_1: Hello there. I'd like to discuss making a deal.,Promote-Coordination,"[0, 0, 0, 0, 0, 0, 1, 0, 0]","['Build-Rapport', 'Describe-Need']","[1, 0, 1, 0, 0, 0, 0, 0, 0]","{""intents"":[""Build-Rapport"",""Describe-Need""]}"
469-0_utt2_intention,469-0,2,"agent_2: yes, what would you like?",Discover-Preference,"[0, 0, 0, 1, 0, 0, 0, 0, 0]","['Discover-Preference', 'Promote-Coordination']","[0, 0, 0, 1, 0, 0, 1, 0, 0]","{""intents"":[""Discover-Preference"",""Promote-Coordination""]}"
469-1_utt1_intention,469-1,1,agent_1: I was thinking I will take all the food and water. You can have the firewood. ,No-Intention,"[0, 0, 0, 0, 1, 0, 0, 0, 0]","['Describe-Need', 'Promote-Coordination']","[0, 0, 1, 0, 0, 0, 1, 0, 0]","{""intents"":[""Describe-Need"",""Promote-Coordination""]}"
469-1_utt2_intention,469-1,2,agent_2: that's not going to work for me. I need to keep at least 2 foods and 1 firewood but you can have all the water.,Callout-Fairness,"[0, 1, 0, 0, 0, 0, 0, 0, 0]","['Callout-Fairness', 'Describe-Need', 'Promote-Coordination']","[0, 1, 1, 0, 0, 0, 1, 0, 0]","{""intents"":[""Callout-Fairness"",""Describe-Need"",""Promote-Coordination""]}"
469-2_utt1_intention,469-2,1,agent_1: Are you most interested in the food? 😮,Discover-Preference,"[0, 0, 0, 1, 0, 0, 0, 0, 0]",['Discover-Preference'],"[0, 0, 0, 1, 0, 0, 0, 0, 0]","{""intents"":[""Discover-Preference""]}"
469-2_utt2_intention,469-2,2,"agent_2: yeah I didn't pack enough for my trip, so I'm a little worried about my supplies.",Describe-Need,"[0, 0, 1, 0, 0, 0, 0, 0, 0]","['Describe-Need', 'Show-Empathy']","[0, 0, 1, 0, 0, 0, 0, 1, 0]","{""intents"":[""Describe-Need"",""Show-Empathy""]}"
469-3_utt1_intention,469-3,1,agent_1: I see. I wouldn't want you to go hungry. ☹️,Show-Empathy,"[0, 0, 0, 0, 0, 0, 0, 1, 0]","['Show-Empathy', 'Build-Rapport']","[1, 0, 0, 0, 0, 0, 0, 1, 0]","{""intents"":[""Show-Empathy"",""Build-Rapport""]}"
469-3_utt2_intention,469-3,2,agent_2: thank you for that.,No-Intention,"[0, 0, 0, 0, 1, 0, 0, 0, 0]","['Build-Rapport', 'Show-Empathy']","[1, 0, 0, 0, 0, 0, 0, 1, 0]","{""intents"":[""Build-Rapport"",""Show-Empathy""]}"
469-4_utt1_intention,469-4,1,agent_1: I'm glad we seem to have come to an agreement. This camping trip is going to be fun!,Build-Rapport,"[1, 0, 0, 0, 0, 0, 0, 0, 0]","['Build-Rapport', 'Promote-Coordination']","[1, 0, 0, 0, 0, 0, 1, 0, 0]","{""intents"":[""Build-Rapport"",""Promote-Coordination""]}"
469-4_utt2_intention,469-4,2,"agent_2: I'm so excited! So just to be clear: you get 1 food, 2 firewood, 3 water",No-Intention,"[0, 0, 0, 0, 1, 0, 0, 0, 0]","['Build-Rapport', 'Promote-Coordination']","[1, 0, 0, 0, 0, 0, 1, 0, 0]","{""intents"":[""Build-Rapport"",""Promote-Coordination""]}"
469-5_utt1_intention,469-5,1,agent_1: Yes that sounds good to me! Enjoy your trip. 🙂,No-Intention,"[0, 0, 0, 0, 1, 0, 0, 0, 0]","['Build-Rapport', 'Promote-Coordination']","[1, 0, 0, 0, 0, 0, 1, 0, 0]","{""intents"":[""Build-Rapport"",""Promote-Coordination""]}"
470-0_utt1_intention,470-0,1,"agent_2: Hello, what do you need the most for your camping trip?",Discover-Preference,"[0, 0, 0, 1, 0, 0, 0, 0, 0]","['Discover-Preference', 'Build-Rapport']","[1, 0, 0, 1, 0, 0, 0, 0, 0]","{""intents"":[""Discover-Preference"",""Build-Rapport""]}"
470-0_utt2_intention,470-0,2,"agent_1: ideally some firewood, it got soaked due to me being caught in the rain. what do you need the most?","Describe-Need,Discover-Preference","[0, 0, 1, 1, 0, 0, 0, 0, 0]","['Describe-Need', 'Discover-Preference']","[0, 0, 1, 1, 0, 0, 0, 0, 0]","{""intents"":[""Describe-Need"",""Discover-Preference""]}"
470-1_utt1_intention,470-1,1,agent_2: I also need more firewood.  I thought I would be able to find enough around the campsite but I guess that rain got us both 😮,Describe-Need,"[0, 0, 1, 0, 0, 0, 0, 0, 0]","['Describe-Need', 'Show-Empathy']","[0, 0, 1, 0, 0, 0, 0, 1, 0]","{""intents"":[""Describe-Need"",""Show-Empathy""]}"
470-1_utt2_intention,470-1,2,"agent_1: yeah, horrible way to start the trip but I am sure it will get better. if i can have 2 of the fire wood you could have all three of the extra water","Build-Rapport,Promote-Coordination","[1, 0, 0, 0, 0, 0, 1, 0, 0]","['Build-Rapport', 'Callout-Fairness', 'Describe-Need', 'Promote-Coordination', 'Show-Empathy']","[1, 1, 1, 0, 0, 0, 1, 1, 0]","{""intents"":[""Build-Rapport"",""Callout-Fairness"",""Describe-Need"",""Promote-Coordination"",""Show-Empathy""]}"
470-2_utt1_intention,470-2,1,"agent_2: 🙂 Okay, I'll consider that since I do need some more water.  How should we split up the food?",Promote-Coordination,"[0, 0, 0, 0, 0, 0, 1, 0, 0]","['Describe-Need', 'Promote-Coordination']","[0, 0, 1, 0, 0, 0, 1, 0, 0]","{""intents"":[""Describe-Need"",""Promote-Coordination""]}"
470-2_utt2_intention,470-2,2,agent_1: well if your getting all 3 food and 1 of the fire wood how about i get 2 food and you get one? then it is more or less even,Callout-Fairness,"[0, 1, 0, 0, 0, 0, 0, 0, 0]","['Callout-Fairness', 'Promote-Coordination']","[0, 1, 0, 0, 0, 0, 1, 0, 0]","{""intents"":[""Callout-Fairness"",""Promote-Coordination""]}"
470-3_utt1_intention,470-3,1,agent_2: Sounds good to me!🙂,No-Intention,"[0, 0, 0, 0, 1, 0, 0, 0, 0]","['Build-Rapport', 'Promote-Coordination']","[1, 0, 0, 0, 0, 0, 1, 0, 0]","{""intents"":[""Build-Rapport"",""Promote-Coordination""]}"
470-3_utt2_intention,470-3,2,"agent_1: okay so just to double check i would get 2 firewood, and two food  and you would get 1 firewood and all the water and 1 food?",No-Intention,"[0, 0, 0, 0, 1, 0, 0, 0, 0]","['Callout-Fairness', 'Promote-Coordination']","[0, 1, 0, 0, 0, 0, 1, 0, 0]","{""intents"":[""Callout-Fairness"",""Promote-Coordination""]}"
470-4_utt1_intention,470-4,1,"agent_2: Yep, looks right to me",No-Intention,"[0, 0, 0, 0, 1, 0, 0, 0, 0]","['Callout-Fairness', 'Promote-Coordination']","[0, 1, 0, 0, 0, 0, 1, 0, 0]","{""intents"":[""Callout-Fairness"",""Promote-Coordination""]}"
470-4_utt2_intention,470-4,2,agent_1: sounds awesome glad we could come to a deal where we both win 🙂,No-Intention,"[0, 0, 0, 0, 1, 0, 0, 0, 0]","['Build-Rapport', 'Callout-Fairness', 'Promote-Coordination']","[1, 1, 0, 0, 0, 0, 1, 0, 0]","{""intents"":[""Build-Rapport"",""Callout-Fairness"",""Promote-Coordination""]}"
471-0_utt1_intention,471-0,1,"agent_2: Hello, I was wondering if you might want to split up the extra supplies with me. I was hoping for some food as I would have trouble gathering it up. ","Build-Rapport,Describe-Need","[1, 0, 1, 0, 0, 0, 0, 0, 0]","['Describe-Need', 'Promote-Coordination']","[0, 0, 1, 0, 0, 0, 1, 0, 0]","{""intents"":[""Describe-Need"",""Promote-Coordination""]}"
471-0_utt2_intention,471-0,2,agent_1: Hello! I don't mind giving you more of the food as long as I could have more of the water and firewood. 🙂,Promote-Coordination,"[0, 0, 0, 0, 0, 0, 1, 0, 0]","['Callout-Fairness', 'Describe-Need', 'Promote-Coordination']","[0, 1, 1, 0, 0, 0, 1, 0, 0]","{""intents"":[""Callout-Fairness"",""Describe-Need"",""Promote-Coordination""]}"
471-1_utt1_intention,471-1,1,"agent_2: Well, I do need some of each, what about I take 3 food and 1 each of the other two?",No-Intention,"[0, 0, 0, 0, 1, 0, 0, 0, 0]","['Describe-Need', 'Promote-Coordination']","[0, 0, 1, 0, 0, 0, 1, 0, 0]","{""intents"":[""Describe-Need"",""Promote-Coordination""]}"
471-1_utt2_intention,471-1,2,agent_1: I don't mind taking 2 of the water as I need it for a medical condition and 2 firewood however I would like to get 1 of the food.,Describe-Need,"[0, 0, 1, 0, 0, 0, 0, 0, 0]","['Describe-Need', 'Callout-Fairness', 'Promote-Coordination']","[0, 1, 1, 0, 0, 0, 1, 0, 0]","{""intents"":[""Describe-Need"",""Callout-Fairness"",""Promote-Coordination""]}"
471-2_utt1_intention,471-2,1,agent_2: You need water the most?,Discover-Preference,"[0, 0, 0, 1, 0, 0, 0, 0, 0]","['Discover-Preference', 'Show-Empathy']","[0, 0, 0, 1, 0, 0, 0, 1, 0]","{""intents"":[""Discover-Preference"",""Show-Empathy""]}"
471-2_utt2_intention,471-2,2,agent_1: I am constantly thirsty and having water on hand is needed. Why is gathering food an issue for you?,"Describe-Need,Discover-Preference","[0, 0, 1, 1, 0, 0, 0, 0, 0]","['Describe-Need', 'Discover-Preference', 'Show-Empathy']","[0, 0, 1, 1, 0, 0, 0, 1, 0]","{""intents"":[""Describe-Need"",""Discover-Preference"",""Show-Empathy""]}"
471-3_utt1_intention,471-3,1,"agent_2: I am not able to get around as much to gather the food. It could require a lot of walking and I might find nothing. What if I took 2 food, 1 water, and 2 firewood, would that be good for you?",Describe-Need,"[0, 0, 1, 0, 0, 0, 0, 0, 0]","['Describe-Need', 'Promote-Coordination']","[0, 0, 1, 0, 0, 0, 1, 0, 0]","{""intents"":[""Describe-Need"",""Promote-Coordination""]}"
471-3_utt2_intention,471-3,2,agent_1: How about I take 3 water and 2 firewood and you take the rest?,No-Intention,"[0, 0, 0, 0, 1, 0, 0, 0, 0]","['Promote-Coordination', 'Callout-Fairness']","[0, 1, 0, 0, 0, 0, 1, 0, 0]","{""intents"":[""Promote-Coordination"",""Callout-Fairness""]}"
471-4_utt1_intention,471-4,1,agent_2: I think I can live with that.,No-Intention,"[0, 0, 0, 0, 1, 0, 0, 0, 0]",['Promote-Coordination'],"[0, 0, 0, 0, 0, 0, 1, 0, 0]","{""intents"":[""Promote-Coordination""]}"
471-4_utt2_intention,471-4,2,agent_1: Great we have a deal then?,No-Intention,"[0, 0, 0, 0, 1, 0, 0, 0, 0]",['Promote-Coordination'],"[0, 0, 0, 0, 0, 0, 1, 0, 0]","{""intents"":[""Promote-Coordination""]}"
472-0_utt1_intention,472-0,1,agent_1: Hello friend.. 🙂,Build-Rapport,"[1, 0, 0, 0, 0, 0, 0, 0, 0]",['Build-Rapport'],"[1, 0, 0, 0, 0, 0, 0, 0, 0]","{""intents"":[""Build-Rapport""]}"
472-0_utt2_intention,472-0,2,"agent_2: Hello, going camping?🙂",Build-Rapport,"[1, 0, 0, 0, 0, 0, 0, 0, 0]","['Build-Rapport', 'Discover-Preference']","[1, 0, 0, 1, 0, 0, 0, 0, 0]","{""intents"":[""Build-Rapport"",""Discover-Preference""]}"
472-1_utt1_intention,472-1,1,agent_1: Yes. Can you help me to give some extra fodd?,Promote-Coordination,"[0, 0, 0, 0, 0, 0, 1, 0, 0]","['Describe-Need', 'Promote-Coordination']","[0, 0, 1, 0, 0, 0, 1, 0, 0]","{""intents"":[""Describe-Need"",""Promote-Coordination""]}"
472-1_utt2_intention,472-1,2,"agent_2: I am willing to give you the good, though it would help us--we have a large group.  I really would like to take the water.  We are camping out in a primitive campsite with no running water.","Describe-Need,Promote-Coordination","[0, 0, 1, 0, 0, 0, 1, 0, 0]","['Describe-Need', 'Discover-Preference', 'Promote-Coordination']","[0, 0, 1, 1, 0, 0, 1, 0, 0]","{""intents"":[""Describe-Need"",""Discover-Preference"",""Promote-Coordination""]}"
472-2_utt1_intention,472-2,1,agent_1: Ya sure. ,No-Intention,"[0, 0, 0, 0, 1, 0, 0, 0, 0]","['Build-Rapport', 'Promote-Coordination']","[1, 0, 0, 0, 0, 0, 1, 0, 0]","{""intents"":[""Build-Rapport"",""Promote-Coordination""]}"
472-2_utt2_intention,472-2,2,agent_2: Sorry for the type--I meant 'food' not 'good'.🙂,Build-Rapport,"[1, 0, 0, 0, 0, 0, 0, 0, 0]",['No-Intention'],"[0, 0, 0, 0, 1, 0, 0, 0, 0]","{""intents"":[""No-Intention""]}"
472-3_utt1_intention,472-3,1,agent_1: Yes i can understand.,Build-Rapport,"[1, 0, 0, 0, 0, 0, 0, 0, 0]","['Build-Rapport', 'Show-Empathy']","[1, 0, 0, 0, 0, 0, 0, 1, 0]","{""intents"":[""Build-Rapport"",""Show-Empathy""]}"
472-3_utt2_intention,472-3,2,agent_2: We will be in an area where there is not much firewood to collect. You have to bring it in.  We hope to cook with it and keep warm in the evenings.  I am hoping to take at least 2 firewood packages.,Describe-Need,"[0, 0, 1, 0, 0, 0, 0, 0, 0]","['Describe-Need', 'Promote-Coordination']","[0, 0, 1, 0, 0, 0, 1, 0, 0]","{""intents"":[""Describe-Need"",""Promote-Coordination""]}"
472-4_utt1_intention,472-4,1,agent_1: I will give you water. Firewood also need for me because of my health condition i want some warm.,Describe-Need,"[0, 0, 1, 0, 0, 0, 0, 0, 0]","['Describe-Need', 'Show-Empathy', 'Promote-Coordination']","[0, 0, 1, 0, 0, 0, 1, 1, 0]","{""intents"":[""Describe-Need"",""Show-Empathy"",""Promote-Coordination""]}"
472-4_utt2_intention,472-4,2,agent_2: Will one extra firewood be enough to keep you warm?,Undermine-Requirements,"[0, 0, 0, 0, 0, 0, 0, 0, 1]","['Discover-Preference', 'Promote-Coordination']","[0, 0, 0, 1, 0, 0, 1, 0, 0]","{""intents"":[""Discover-Preference"",""Promote-Coordination""]}"
472-5_utt1_intention,472-5,1,agent_2: I'm not sure why you entered a deal we did not agree on.  I can leave you the three food and one firewood.,No-Intention,"[0, 0, 0, 0, 1, 0, 0, 0, 0]","['Callout-Fairness', 'Promote-Coordination']","[0, 1, 0, 0, 0, 0, 1, 0, 0]","{""intents"":[""Callout-Fairness"",""Promote-Coordination""]}"
472-5_utt2_intention,472-5,2,agent_1: you send me the deal,No-Intention,"[0, 0, 0, 0, 1, 0, 0, 0, 0]",['Promote-Coordination'],"[0, 0, 0, 0, 0, 0, 1, 0, 0]","{""intents"":[""Promote-Coordination""]}"
473-0_utt1_intention,473-0,1,"agent_2: Hello, can we make a deal?",Promote-Coordination,"[0, 0, 0, 0, 0, 0, 1, 0, 0]",['Promote-Coordination'],"[0, 0, 0, 0, 0, 0, 1, 0, 0]","{""intents"":[""Promote-Coordination""]}"
473-0_utt2_intention,473-0,2,agent_1: Of course! Are you going camping too?,Build-Rapport,"[1, 0, 0, 0, 0, 0, 0, 0, 0]","['Build-Rapport', 'Discover-Preference']","[1, 0, 0, 1, 0, 0, 0, 0, 0]","{""intents"":[""Build-Rapport"",""Discover-Preference""]}"
473-1_utt1_intention,473-1,1,agent_2: Yes.  I have 2 children so I was thinking that I will need extra water. 🙂,Describe-Need,"[0, 0, 1, 0, 0, 0, 0, 0, 0]",['Describe-Need'],"[0, 0, 1, 0, 0, 0, 0, 0, 0]","{""intents"":[""Describe-Need""]}"
473-1_utt2_intention,473-1,2,"agent_1: I too need extra water, but I'm willing to negotiate on the other things if you are! 🙂",Promote-Coordination,"[0, 0, 0, 0, 0, 0, 1, 0, 0]","['Describe-Need', 'Promote-Coordination']","[0, 0, 1, 0, 0, 0, 1, 0, 0]","{""intents"":[""Describe-Need"",""Promote-Coordination""]}"
473-2_utt1_intention,473-2,1,"agent_2: If I take 2 waters, will you accept 2 firewood?",Promote-Coordination,"[0, 0, 0, 0, 0, 0, 1, 0, 0]","['Describe-Need', 'Promote-Coordination']","[0, 0, 1, 0, 0, 0, 1, 0, 0]","{""intents"":[""Describe-Need"",""Promote-Coordination""]}"
473-2_utt2_intention,473-2,2,"agent_1: You take 2 waters, I'll take 2 firewood and 2 food?",No-Intention,"[0, 0, 0, 0, 1, 0, 0, 0, 0]",['Promote-Coordination'],"[0, 0, 0, 0, 0, 0, 1, 0, 0]","{""intents"":[""Promote-Coordination""]}"
473-3_utt1_intention,473-3,1,agent_2: What about you take 1 water and the firewood.  I take 2 waters and all the food,No-Intention,"[0, 0, 0, 0, 1, 0, 0, 0, 0]","['Describe-Need', 'Promote-Coordination']","[0, 0, 1, 0, 0, 0, 1, 0, 0]","{""intents"":[""Describe-Need"",""Promote-Coordination""]}"
473-3_utt2_intention,473-3,2,"agent_1: That leaves me with very little. Can I have 1 water, 2 firewood, and 2 food?",Callout-Fairness,"[0, 1, 0, 0, 0, 0, 0, 0, 0]","['Callout-Fairness', 'Describe-Need', 'Promote-Coordination']","[0, 1, 1, 0, 0, 0, 1, 0, 0]","{""intents"":[""Callout-Fairness"",""Describe-Need"",""Promote-Coordination""]}"
473-4_utt1_intention,473-4,1,agent_2: you would get 1 water and all 3 firewood.  I would get 2 water and all 3 food.  You have one less than me but the food is worth less,"Callout-Fairness,Undermine-Requirements","[0, 1, 0, 0, 0, 0, 0, 0, 1]","['Callout-Fairness', 'Describe-Need', 'Promote-Coordination']","[0, 1, 1, 0, 0, 0, 1, 0, 0]","{""intents"":[""Callout-Fairness"",""Describe-Need"",""Promote-Coordination""]}"
473-4_utt2_intention,473-4,2,agent_1: I will make it work. Let's make a deal!,Promote-Coordination,"[0, 0, 0, 0, 0, 0, 1, 0, 0]",['Promote-Coordination'],"[0, 0, 0, 0, 0, 0, 1, 0, 0]","{""intents"":[""Promote-Coordination""]}"
473-5_utt1_intention,473-5,1,agent_2: Perfect. 🙂,No-Intention,"[0, 0, 0, 0, 1, 0, 0, 0, 0]","['Build-Rapport', 'Promote-Coordination']","[1, 0, 0, 0, 0, 0, 1, 0, 0]","{""intents"":[""Build-Rapport"",""Promote-Coordination""]}"
474-0_utt1_intention,474-0,1,"agent_1: Hi, I am looking at extra items for my camping trip and would like to have 3 firewoods, 3 foods and 2 waters.",No-Intention,"[0, 0, 0, 0, 1, 0, 0, 0, 0]",['Describe-Need'],"[0, 0, 1, 0, 0, 0, 0, 0, 0]","{""intents"":[""Describe-Need""]}"
474-0_utt2_intention,474-0,2,"agent_2: Hey, I am excited to go camping too!  Would you mind sharing your top priority items with me so that we can come up with a fair deal?  Ideally I would love 3 firewoods, 3 foods, and 2 waters just like you aha.  But perhaps we can each get at least 3 packages of our highest priority item ","Build-Rapport,Callout-Fairness,Discover-Preference","[1, 1, 0, 1, 0, 0, 0, 0, 0]","['Build-Rapport', 'Callout-Fairness', 'Discover-Preference', 'Promote-Coordination']","[1, 1, 0, 1, 0, 0, 1, 0, 0]","{""intents"":[""Build-Rapport"",""Callout-Fairness"",""Discover-Preference"",""Promote-Coordination""]}"
474-1_utt1_intention,474-1,1,"agent_1: Hmmm, I think I really need the firewood.  I brought softwoods and they burn out quickly so I don't think I'll have enough wood to keep me going through the night. I get kinda scared without the fire.  What is your priority?","Describe-Need,Discover-Preference","[0, 0, 1, 1, 0, 0, 0, 0, 0]","['Describe-Need', 'Discover-Preference', 'Show-Empathy']","[0, 0, 1, 1, 0, 0, 0, 1, 0]","{""intents"":[""Describe-Need"",""Discover-Preference"",""Show-Empathy""]}"
474-1_utt2_intention,474-1,2,"agent_2: Okay, well firewood is also my top priority since it will be so cold tonight.  But I would be willing to take only 1 firewood (and give you 2) as long as I got 2 foods and 2 waters ","Describe-Need,Promote-Coordination","[0, 0, 1, 0, 0, 0, 1, 0, 0]","['Describe-Need', 'Promote-Coordination', 'Show-Empathy']","[0, 0, 1, 0, 0, 0, 1, 1, 0]","{""intents"":[""Describe-Need"",""Promote-Coordination"",""Show-Empathy""]}"
474-2_utt1_intention,474-2,1,"agent_1: Thank you for the offer on firewood.  I think that sounds fair.  However, I really would like at least 2 waters as well. ",Callout-Fairness,"[0, 1, 0, 0, 0, 0, 0, 0, 0]","['Callout-Fairness', 'Describe-Need', 'Promote-Coordination']","[0, 1, 1, 0, 0, 0, 1, 0, 0]","{""intents"":[""Callout-Fairness"",""Describe-Need"",""Promote-Coordination""]}"
474-2_utt2_intention,474-2,2,agent_2: Hmm unfortunately I can't budge since I would be accepting less of my top priority item.  It sounds fair to me though; I'd get 5 items in total but less of my top priority and you would get 4 items in total but more of your top priority,Callout-Fairness,"[0, 1, 0, 0, 0, 0, 0, 0, 0]","['Callout-Fairness', 'Describe-Need', 'Promote-Coordination']","[0, 1, 1, 0, 0, 0, 1, 0, 0]","{""intents"":[""Callout-Fairness"",""Describe-Need"",""Promote-Coordination""]}"
474-3_utt1_intention,474-3,1,"agent_1: Well, how about if I take 2 firewoods and all of the food and you can have all of the waters? I have a device that I can make clean water, but will need more calories to do so! 🙂",No-Need,"[0, 0, 0, 0, 0, 1, 0, 0, 0]","['Describe-Need', 'Promote-Coordination']","[0, 0, 1, 0, 0, 0, 1, 0, 0]","{""intents"":[""Describe-Need"",""Promote-Coordination""]}"
474-3_utt2_intention,474-3,2,"agent_2: Can't do!  Water is my lowest priority since I already brought iodine drops to purify water myself aha.  I still think it's fair if I get 1 firewood 2 food and 2 water (or if it helps you to feel better, I can take 2 firewood and 1 food and 1 water)","Callout-Fairness,Promote-Coordination","[0, 1, 0, 0, 0, 0, 1, 0, 0]","['Callout-Fairness', 'Describe-Need', 'Discover-Preference', 'Promote-Coordination']","[0, 1, 1, 1, 0, 0, 1, 0, 0]","{""intents"":[""Callout-Fairness"",""Describe-Need"",""Discover-Preference"",""Promote-Coordination""]}"
474-4_utt1_intention,474-4,1,"agent_1: Ok...Then how about if I just take 2 firewood, 1 water, and just 1 food?  I think that is what you proposed before.",No-Intention,"[0, 0, 0, 0, 1, 0, 0, 0, 0]","['Callout-Fairness', 'Describe-Need', 'Promote-Coordination']","[0, 1, 1, 0, 0, 0, 1, 0, 0]","{""intents"":[""Callout-Fairness"",""Describe-Need"",""Promote-Coordination""]}"
474-4_utt2_intention,474-4,2,agent_2: Yup that works for me!,No-Intention,"[0, 0, 0, 0, 1, 0, 0, 0, 0]","['Callout-Fairness', 'Promote-Coordination']","[0, 1, 0, 0, 0, 0, 1, 0, 0]","{""intents"":[""Callout-Fairness"",""Promote-Coordination""]}"
475-0_utt1_intention,475-0,1,agent_1: I would like all the firewood and two packages of water. You can have the rest.🙂,No-Intention,"[0, 0, 0, 0, 1, 0, 0, 0, 0]","['Describe-Need', 'Promote-Coordination']","[0, 0, 1, 0, 0, 0, 1, 0, 0]","{""intents"":[""Describe-Need"",""Promote-Coordination""]}"
475-0_utt2_intention,475-0,2,"agent_2: I want all of the water, two firewood, and one food.",No-Intention,"[0, 0, 0, 0, 1, 0, 0, 0, 0]","['Describe-Need', 'Discover-Preference']","[0, 0, 1, 1, 0, 0, 0, 0, 0]","{""intents"":[""Describe-Need"",""Discover-Preference""]}"
475-1_utt1_intention,475-1,1,agent_1: Why do you need all the water and little food?,Discover-Preference,"[0, 0, 0, 1, 0, 0, 0, 0, 0]","['Discover-Preference', 'Show-Empathy']","[0, 0, 0, 1, 0, 0, 0, 1, 0]","{""intents"":[""Discover-Preference"",""Show-Empathy""]}"
475-1_utt2_intention,475-1,2,agent_2: I need to stay hydrated because the weather is hot. I am trying to lose weight so I do not need much food.,"Describe-Need,No-Need","[0, 0, 1, 0, 0, 1, 0, 0, 0]","['Describe-Need', 'Show-Empathy']","[0, 0, 1, 0, 0, 0, 0, 1, 0]","{""intents"":[""Describe-Need"",""Show-Empathy""]}"
475-2_utt1_intention,475-2,1,agent_1: 😮I see. I have a medical condition that causes my veins to close if I get too cold. I need more firewood to make sure I don't freeze at night.,Describe-Need,"[0, 0, 1, 0, 0, 0, 0, 0, 0]","['Describe-Need', 'Show-Empathy']","[0, 0, 1, 0, 0, 0, 0, 1, 0]","{""intents"":[""Describe-Need"",""Show-Empathy""]}"
475-2_utt2_intention,475-2,2,agent_2: Would two of the firewood be enough?,No-Intention,"[0, 0, 0, 0, 1, 0, 0, 0, 0]","['Discover-Preference', 'Promote-Coordination']","[0, 0, 0, 1, 0, 0, 1, 0, 0]","{""intents"":[""Discover-Preference"",""Promote-Coordination""]}"
475-3_utt1_intention,475-3,1,"agent_1: Maybe... I could perhaps do with 2 firewood. But, I would like at least one packet of water.",No-Intention,"[0, 0, 0, 0, 1, 0, 0, 0, 0]","['Describe-Need', 'Promote-Coordination']","[0, 0, 1, 0, 0, 0, 1, 0, 0]","{""intents"":[""Describe-Need"",""Promote-Coordination""]}"
475-3_utt2_intention,475-3,2,agent_2: I would be OK with two packages of water.,No-Intention,"[0, 0, 0, 0, 1, 0, 0, 0, 0]","['Promote-Coordination', 'Discover-Preference']","[0, 0, 0, 1, 0, 0, 1, 0, 0]","{""intents"":[""Promote-Coordination"",""Discover-Preference""]}"
475-4_utt1_intention,475-4,1,"agent_1: Good. 2 packages of wood for me. 1 for you. 2 packages of water for you, and one for me. How should we divide the food?",Promote-Coordination,"[0, 0, 0, 0, 0, 0, 1, 0, 0]","['Promote-Coordination', 'Callout-Fairness']","[0, 1, 0, 0, 0, 0, 1, 0, 0]","{""intents"":[""Promote-Coordination"",""Callout-Fairness""]}"
475-4_utt2_intention,475-4,2,agent_2: I will take 2 packages of food and 1 for you.,No-Intention,"[0, 0, 0, 0, 1, 0, 0, 0, 0]",['Promote-Coordination'],"[0, 0, 0, 0, 0, 0, 1, 0, 0]","{""intents"":[""Promote-Coordination""]}"
475-5_utt1_intention,475-5,1,"agent_1: 😮I thought you didn't need so much food, because of your diet....",Undermine-Requirements,"[0, 0, 0, 0, 0, 0, 0, 0, 1]","['Callout-Fairness', 'Show-Empathy', 'Discover-Preference']","[0, 1, 0, 1, 0, 0, 0, 1, 0]","{""intents"":[""Callout-Fairness"",""Show-Empathy"",""Discover-Preference""]}"
475-5_utt2_intention,475-5,2,agent_2: You are right. I will take 1 package of food.,No-Intention,"[0, 0, 0, 0, 1, 0, 0, 0, 0]","['Callout-Fairness', 'Promote-Coordination']","[0, 1, 0, 0, 0, 0, 1, 0, 0]","{""intents"":[""Callout-Fairness"",""Promote-Coordination""]}"
476-0_utt1_intention,476-0,1,agent_1: Hi there! Ready to go camping? ,Build-Rapport,"[1, 0, 0, 0, 0, 0, 0, 0, 0]","['Build-Rapport', 'Discover-Preference', 'Promote-Coordination']","[1, 0, 0, 1, 0, 0, 1, 0, 0]","{""intents"":[""Build-Rapport"",""Discover-Preference"",""Promote-Coordination""]}"
476-0_utt2_intention,476-0,2,agent_2: Yes I am,Build-Rapport,"[1, 0, 0, 0, 0, 0, 0, 0, 0]","['Build-Rapport', 'Promote-Coordination']","[1, 0, 0, 0, 0, 0, 1, 0, 0]","{""intents"":[""Build-Rapport"",""Promote-Coordination""]}"
476-1_utt1_intention,476-1,1,"agent_1: Great! I'll be going to the Catskills, in NY. Where are you planning on going?",Build-Rapport,"[1, 0, 0, 0, 0, 0, 0, 0, 0]","['Discover-Preference', 'Promote-Coordination']","[0, 0, 0, 1, 0, 0, 1, 0, 0]","{""intents"":[""Discover-Preference"",""Promote-Coordination""]}"
476-1_utt2_intention,476-1,2,agent_2: Antarctica! I am going to need as much firewood as I can get.,Describe-Need,"[0, 0, 1, 0, 0, 0, 0, 0, 0]","['Describe-Need', 'Discover-Preference']","[0, 0, 1, 1, 0, 0, 0, 0, 0]","{""intents"":[""Describe-Need"",""Discover-Preference""]}"
476-2_utt1_intention,476-2,1,"agent_1: Ha, woah that's exotic! I'll need some firewood as well, but maybe not as much as you! I'm planning on going hiking a lot, and will need some extra water, as, again, ill be hiking a lot",Describe-Need,"[0, 0, 1, 0, 0, 0, 0, 0, 0]","['Build-Rapport', 'Describe-Need', 'Promote-Coordination']","[1, 0, 1, 0, 0, 0, 1, 0, 0]","{""intents"":[""Build-Rapport"",""Describe-Need"",""Promote-Coordination""]}"
476-2_utt2_intention,476-2,2,agent_2: I will offer 3 water to you! You will maybe need more food with that much exercise? How about 2 food? I really need that extra firewood. Remember that the Catskills probably has some extra wood around.,Undermine-Requirements,"[0, 0, 0, 0, 0, 0, 0, 0, 1]","['Describe-Need', 'Promote-Coordination', 'Show-Empathy']","[0, 0, 1, 0, 0, 0, 1, 1, 0]","{""intents"":[""Describe-Need"",""Promote-Coordination"",""Show-Empathy""]}"
476-3_utt1_intention,476-3,1,"agent_1: That works for me, you can have the firewood then!",No-Intention,"[0, 0, 0, 0, 1, 0, 0, 0, 0]","['Promote-Coordination', 'Build-Rapport']","[1, 0, 0, 0, 0, 0, 1, 0, 0]","{""intents"":[""Promote-Coordination"",""Build-Rapport""]}"
476-3_utt2_intention,476-3,2,agent_2: Alright that sounds great. ,No-Intention,"[0, 0, 0, 0, 1, 0, 0, 0, 0]","['Build-Rapport', 'Promote-Coordination']","[1, 0, 0, 0, 0, 0, 1, 0, 0]","{""intents"":[""Build-Rapport"",""Promote-Coordination""]}"
476-4_utt1_intention,476-4,1,"agent_1: Great! so, for you, 2 wood, 1 food, me 3 water 2 food",No-Intention,"[0, 0, 0, 0, 1, 0, 0, 0, 0]","['Promote-Coordination', 'Describe-Need']","[0, 0, 1, 0, 0, 0, 1, 0, 0]","{""intents"":[""Promote-Coordination"",""Describe-Need""]}"
476-4_utt2_intention,476-4,2,agent_2: 3 wood is what i thought the deal was,No-Intention,"[0, 0, 0, 0, 1, 0, 0, 0, 0]","['Callout-Fairness', 'Describe-Need', 'Promote-Coordination']","[0, 1, 1, 0, 0, 0, 1, 0, 0]","{""intents"":[""Callout-Fairness"",""Describe-Need"",""Promote-Coordination""]}"
476-5_utt1_intention,476-5,1,"agent_1: yes, sorry, I meant to type 3 haha",Build-Rapport,"[1, 0, 0, 0, 0, 0, 0, 0, 0]","['Build-Rapport', 'Promote-Coordination']","[1, 0, 0, 0, 0, 0, 1, 0, 0]","{""intents"":[""Build-Rapport"",""Promote-Coordination""]}"
477-0_utt1_intention,477-0,1,agent_1: hi how are you,Build-Rapport,"[1, 0, 0, 0, 0, 0, 0, 0, 0]",['Build-Rapport'],"[1, 0, 0, 0, 0, 0, 0, 0, 0]","{""intents"":[""Build-Rapport""]}"
477-0_utt2_intention,477-0,2,"agent_2: I am well, thank you.  Yourself?",Build-Rapport,"[1, 0, 0, 0, 0, 0, 0, 0, 0]","['Build-Rapport', 'Show-Empathy']","[1, 0, 0, 0, 0, 0, 0, 1, 0]","{""intents"":[""Build-Rapport"",""Show-Empathy""]}"
477-1_utt1_intention,477-1,1,"agent_1: good here, I will need 3 water as I need it to survive",Describe-Need,"[0, 0, 1, 0, 0, 0, 0, 0, 0]",['Describe-Need'],"[0, 0, 1, 0, 0, 0, 0, 0, 0]","{""intents"":[""Describe-Need""]}"
477-1_utt2_intention,477-1,2,agent_2: I need water as well.  I require it for subsistence,Describe-Need,"[0, 0, 1, 0, 0, 0, 0, 0, 0]",['Describe-Need'],"[0, 0, 1, 0, 0, 0, 0, 0, 0]","{""intents"":[""Describe-Need""]}"
477-2_utt1_intention,477-2,1,agent_1: how many water you need?,No-Intention,"[0, 0, 0, 0, 1, 0, 0, 0, 0]","['Discover-Preference', 'Describe-Need']","[0, 0, 1, 1, 0, 0, 0, 0, 0]","{""intents"":[""Discover-Preference"",""Describe-Need""]}"
477-2_utt2_intention,477-2,2,"agent_2: In a perfect world, all the water 🙂",No-Intention,"[0, 0, 0, 0, 1, 0, 0, 0, 0]","['Describe-Need', 'Discover-Preference']","[0, 0, 1, 1, 0, 0, 0, 0, 0]","{""intents"":[""Describe-Need"",""Discover-Preference""]}"
477-3_utt1_intention,477-3,1,"agent_1: that won't be fair, how about I get 1 water, 3 food and 1 firewood, that way u get the most water",Callout-Fairness,"[0, 1, 0, 0, 0, 0, 0, 0, 0]","['Callout-Fairness', 'Promote-Coordination']","[0, 1, 0, 0, 0, 0, 1, 0, 0]","{""intents"":[""Callout-Fairness"",""Promote-Coordination""]}"
477-3_utt2_intention,477-3,2,"agent_2: Interesting.  If I decided to forgo water completely, would you accept giving me everything else?",Promote-Coordination,"[0, 0, 0, 0, 0, 0, 1, 0, 0]","['Callout-Fairness', 'Discover-Preference']","[0, 1, 0, 1, 0, 0, 0, 0, 0]","{""intents"":[""Callout-Fairness"",""Discover-Preference""]}"
477-4_utt1_intention,477-4,1,"agent_1: no, at the most i can do is i get 2 water, 2 food and 0 firewood or I get 1 water, 3 food and 1 firewood","Callout-Fairness,Promote-Coordination","[0, 1, 0, 0, 0, 0, 1, 0, 0]","['Callout-Fairness', 'Describe-Need', 'Discover-Preference']","[0, 1, 1, 1, 0, 0, 0, 0, 0]","{""intents"":[""Callout-Fairness"",""Describe-Need"",""Discover-Preference""]}"
477-4_utt2_intention,477-4,2,"agent_2: But you get everything you wanted. You said you needed 3 water, I offered it to you.",Callout-Fairness,"[0, 1, 0, 0, 0, 0, 0, 0, 0]","['Callout-Fairness', 'Undermine-Requirements']","[0, 1, 0, 0, 0, 0, 0, 0, 1]","{""intents"":[""Callout-Fairness"",""Undermine-Requirements""]}"
477-5_utt1_intention,477-5,1,"agent_1: but i can't give you 3 food and 3 firewood, thats 6 items vs the 3 water",Callout-Fairness,"[0, 1, 0, 0, 0, 0, 0, 0, 0]","['Callout-Fairness', 'Describe-Need']","[0, 1, 1, 0, 0, 0, 0, 0, 0]","{""intents"":[""Callout-Fairness"",""Describe-Need""]}"
477-5_utt2_intention,477-5,2,"agent_2: Sure you can.  If you really want water the most, why would you care about the rest as much?😮",Undermine-Requirements,"[0, 0, 0, 0, 0, 0, 0, 0, 1]","['Callout-Fairness', 'Discover-Preference', 'Undermine-Requirements']","[0, 1, 0, 1, 0, 0, 0, 0, 1]","{""intents"":[""Callout-Fairness"",""Discover-Preference"",""Undermine-Requirements""]}"
477-6_utt1_intention,477-6,1,"agent_1: most does not mean i have to neglect the rest, anyways either a) I get 3 water, 2 food and 0 firewood or b) I get 1 water, 2 food and 2 firewood","Callout-Fairness,Promote-Coordination","[0, 1, 0, 0, 0, 0, 1, 0, 0]","['Callout-Fairness', 'Describe-Need', 'Discover-Preference']","[0, 1, 1, 1, 0, 0, 0, 0, 0]","{""intents"":[""Callout-Fairness"",""Describe-Need"",""Discover-Preference""]}"
477-6_utt2_intention,477-6,2,agent_2: That is simply unacceptable.,Callout-Fairness,"[0, 1, 0, 0, 0, 0, 0, 0, 0]","['Callout-Fairness', 'Undermine-Requirements']","[0, 1, 0, 0, 0, 0, 0, 0, 1]","{""intents"":[""Callout-Fairness"",""Undermine-Requirements""]}"
477-7_utt1_intention,477-7,1,"agent_1: well how about i get 2 water, 2 food and 1 firewood",No-Intention,"[0, 0, 0, 0, 1, 0, 0, 0, 0]","['Describe-Need', 'Promote-Coordination']","[0, 0, 1, 0, 0, 0, 1, 0, 0]","{""intents"":[""Describe-Need"",""Promote-Coordination""]}"
477-7_utt2_intention,477-7,2,agent_2: Here is the offer.  For you: 3 water 0 food 1 firewood,No-Intention,"[0, 0, 0, 0, 1, 0, 0, 0, 0]","['Callout-Fairness', 'Describe-Need', 'Promote-Coordination']","[0, 1, 1, 0, 0, 0, 1, 0, 0]","{""intents"":[""Callout-Fairness"",""Describe-Need"",""Promote-Coordination""]}"
477-8_utt1_intention,477-8,1,"agent_1: what about instead of firewood, I get 1 food, so it will be 3 water, 1 food and 0 firewood",No-Intention,"[0, 0, 0, 0, 1, 0, 0, 0, 0]","['Callout-Fairness', 'Describe-Need', 'Promote-Coordination']","[0, 1, 1, 0, 0, 0, 1, 0, 0]","{""intents"":[""Callout-Fairness"",""Describe-Need"",""Promote-Coordination""]}"
477-8_utt2_intention,477-8,2,"agent_2: Ok so 3 water 0 firewood and 1 food, I can work with that",No-Intention,"[0, 0, 0, 0, 1, 0, 0, 0, 0]",['Promote-Coordination'],"[0, 0, 0, 0, 0, 0, 1, 0, 0]","{""intents"":[""Promote-Coordination""]}"
477-9_utt1_intention,477-9,1,agent_1: ok,No-Intention,"[0, 0, 0, 0, 1, 0, 0, 0, 0]",['No-Intention'],"[0, 0, 0, 0, 1, 0, 0, 0, 0]","{""intents"":[""No-Intention""]}"
478-0_utt1_intention,478-0,1,"agent_1: Hello, I hope you are having a good day! I would like to know what packages you need the most.","Build-Rapport,Discover-Preference","[1, 0, 0, 1, 0, 0, 0, 0, 0]","['Build-Rapport', 'Discover-Preference']","[1, 0, 0, 1, 0, 0, 0, 0, 0]","{""intents"":[""Build-Rapport"",""Discover-Preference""]}"
478-0_utt2_intention,478-0,2,"agent_2: Hello, I'm having a wonderful day.🙂 Thanks for asking. I hope yours is a wonderful day as well. I would like 2 firewood, 2 water, and 1 food. How about you?","Build-Rapport,Discover-Preference","[1, 0, 0, 1, 0, 0, 0, 0, 0]","['Build-Rapport', 'Describe-Need', 'Show-Empathy']","[1, 0, 1, 0, 0, 0, 0, 1, 0]","{""intents"":[""Build-Rapport"",""Describe-Need"",""Show-Empathy""]}"
478-1_utt1_intention,478-1,1,"agent_1: Glad to hear it! I am really looking to get extra firewood, so I would like to make a compromise. If I gave you all the food, could I have more firewood?",Promote-Coordination,"[0, 0, 0, 0, 0, 0, 1, 0, 0]","['Build-Rapport', 'Describe-Need', 'Promote-Coordination']","[1, 0, 1, 0, 0, 0, 1, 0, 0]","{""intents"":[""Build-Rapport"",""Describe-Need"",""Promote-Coordination""]}"
478-1_utt2_intention,478-1,2,agent_2: I like watching the camp fire all night. What is your reason for needing more firewood?,"Describe-Need,Discover-Preference","[0, 0, 1, 1, 0, 0, 0, 0, 0]","['Build-Rapport', 'Discover-Preference', 'Show-Empathy']","[1, 0, 0, 1, 0, 0, 0, 1, 0]","{""intents"":[""Build-Rapport"",""Discover-Preference"",""Show-Empathy""]}"
478-2_utt1_intention,478-2,1,"agent_1: That does sound very nice. I would like more in order to stay warm, and for cooking some delicious food.",Describe-Need,"[0, 0, 1, 0, 0, 0, 0, 0, 0]","['Build-Rapport', 'Describe-Need', 'Show-Empathy']","[1, 0, 1, 0, 0, 0, 0, 1, 0]","{""intents"":[""Build-Rapport"",""Describe-Need"",""Show-Empathy""]}"
478-2_utt2_intention,478-2,2,"agent_2: I see. So what you want is  2 more fire wood, and 1 water? Is that what i'm to understand.",No-Intention,"[0, 0, 0, 0, 1, 0, 0, 0, 0]","['Discover-Preference', 'Callout-Fairness']","[0, 1, 0, 1, 0, 0, 0, 0, 0]","{""intents"":[""Discover-Preference"",""Callout-Fairness""]}"
478-3_utt1_intention,478-3,1,"agent_1: Since you would also like firewood, I propose 2 firewood, 2 water to me, and you get 1 wood, 1 water, and all the food to make up for it.",Callout-Fairness,"[0, 1, 0, 0, 0, 0, 0, 0, 0]","['Callout-Fairness', 'Describe-Need', 'Promote-Coordination']","[0, 1, 1, 0, 0, 0, 1, 0, 0]","{""intents"":[""Callout-Fairness"",""Describe-Need"",""Promote-Coordination""]}"
478-3_utt2_intention,478-3,2,agent_2: Okay I can agree to that deal.🙂,No-Intention,"[0, 0, 0, 0, 1, 0, 0, 0, 0]","['Build-Rapport', 'Promote-Coordination']","[1, 0, 0, 0, 0, 0, 1, 0, 0]","{""intents"":[""Build-Rapport"",""Promote-Coordination""]}"
478-4_utt1_intention,478-4,1,"agent_1: That's fantastic, I'm glad we came to something we both agree with",No-Intention,"[0, 0, 0, 0, 1, 0, 0, 0, 0]","['Build-Rapport', 'Promote-Coordination']","[1, 0, 0, 0, 0, 0, 1, 0, 0]","{""intents"":[""Build-Rapport"",""Promote-Coordination""]}"
478-4_utt2_intention,478-4,2,agent_2: Me too. I hope you have a wonderful camping trip.🙂,Build-Rapport,"[1, 0, 0, 0, 0, 0, 0, 0, 0]","['Build-Rapport', 'Show-Empathy']","[1, 0, 0, 0, 0, 0, 0, 1, 0]","{""intents"":[""Build-Rapport"",""Show-Empathy""]}"
479-0_utt1_intention,479-0,1,agent_1: hi  i was wondering if i could get 3 packages of firewood?,No-Intention,"[0, 0, 0, 0, 1, 0, 0, 0, 0]",['Describe-Need'],"[0, 0, 1, 0, 0, 0, 0, 0, 0]","{""intents"":[""Describe-Need""]}"
479-0_utt2_intention,479-0,2,"agent_2: Hey there, unfortunately, I'm in a bit of a quandary with firewood too, as I am going to a place where it's fairly cold and will need more for heat. ","Callout-Fairness,Describe-Need","[0, 1, 1, 0, 0, 0, 0, 0, 0]","['Show-Empathy', 'Describe-Need']","[0, 0, 1, 0, 0, 0, 0, 1, 0]","{""intents"":[""Show-Empathy"",""Describe-Need""]}"
479-1_utt1_intention,479-1,1,"agent_1: thats terrible! i broke my leg and wont be able to collect my own firewood , could i maybe get 2 packages? ☹️","Describe-Need,Show-Empathy","[0, 0, 1, 0, 0, 0, 0, 1, 0]","['Show-Empathy', 'Describe-Need']","[0, 0, 1, 0, 0, 0, 0, 1, 0]","{""intents"":[""Show-Empathy"",""Describe-Need""]}"
479-1_utt2_intention,479-1,2,agent_2: Terribly sorry to hear that; it sounds like you won't be able to camp much in that condition. I assume you have someone coming along to help you because of your leg?,Show-Empathy,"[0, 0, 0, 0, 0, 0, 0, 1, 0]","['Show-Empathy', 'Discover-Preference']","[0, 0, 0, 1, 0, 0, 0, 1, 0]","{""intents"":[""Show-Empathy"",""Discover-Preference""]}"
479-2_utt1_intention,479-2,1,agent_1: just a bunch of children under 5 who wont be able to gather firewood. so i desperately need at least 2,Describe-Need,"[0, 0, 1, 0, 0, 0, 0, 0, 0]","['Describe-Need', 'Show-Empathy']","[0, 0, 1, 0, 0, 0, 0, 1, 0]","{""intents"":[""Describe-Need"",""Show-Empathy""]}"
479-2_utt2_intention,479-2,2,"agent_2: I see, well it sounds like you're going to need some additional food with those children. How about I provide you with some additional food and you can help me with my need for heat with firewood?",Promote-Coordination,"[0, 0, 0, 0, 0, 0, 1, 0, 0]","['Show-Empathy', 'Describe-Need', 'Promote-Coordination']","[0, 0, 1, 0, 0, 0, 1, 1, 0]","{""intents"":[""Show-Empathy"",""Describe-Need"",""Promote-Coordination""]}"
479-3_utt1_intention,479-3,1,agent_1: okay how i take all 3 food and 1 firewood?,No-Intention,"[0, 0, 0, 0, 1, 0, 0, 0, 0]","['Describe-Need', 'Promote-Coordination']","[0, 0, 1, 0, 0, 0, 1, 0, 0]","{""intents"":[""Describe-Need"",""Promote-Coordination""]}"
479-3_utt2_intention,479-3,2,"agent_2: The firewood sounds like a solid deal; I would need a little food though to assist me. The good news is since there's a stream near me, I won't need any additional water, so I am happy to provide you with all of the additional water.",No-Need,"[0, 0, 0, 0, 0, 1, 0, 0, 0]","['Build-Rapport', 'Describe-Need', 'Promote-Coordination', 'Show-Empathy']","[1, 0, 1, 0, 0, 0, 1, 1, 0]","{""intents"":[""Build-Rapport"",""Describe-Need"",""Promote-Coordination"",""Show-Empathy""]}"
479-4_utt1_intention,479-4,1,agent_1: i am not able to do that unfortunately i desperately need firewood. ,Callout-Fairness,"[0, 1, 0, 0, 0, 0, 0, 0, 0]",['Describe-Need'],"[0, 0, 1, 0, 0, 0, 0, 0, 0]","{""intents"":[""Describe-Need""]}"
479-4_utt2_intention,479-4,2,"agent_2: Perhaps I wasn't clear, so if I take 2 firewood, you take 1; I would just need some help with some of the food. Is that reasonable?","Callout-Fairness,Promote-Coordination","[0, 1, 0, 0, 0, 0, 1, 0, 0]","['Callout-Fairness', 'Promote-Coordination']","[0, 1, 0, 0, 0, 0, 1, 0, 0]","{""intents"":[""Callout-Fairness"",""Promote-Coordination""]}"
479-5_utt1_intention,479-5,1,agent_1: i guues,No-Intention,"[0, 0, 0, 0, 1, 0, 0, 0, 0]",['No-Intention'],"[0, 0, 0, 0, 1, 0, 0, 0, 0]","{""intents"":[""No-Intention""]}"
479-5_utt2_intention,479-5,2,"agent_2: So let's make sure this is reasonable; Firewood - 2 for me, 1 for you; Water 2 for you, 1 for me, and you can have all of the water?",Callout-Fairness,"[0, 1, 0, 0, 0, 0, 0, 0, 0]","['Callout-Fairness', 'Promote-Coordination']","[0, 1, 0, 0, 0, 0, 1, 0, 0]","{""intents"":[""Callout-Fairness"",""Promote-Coordination""]}"
479-6_utt1_intention,479-6,1,agent_1: sounds good. 1 firewood for me  2 food for me and i can have all water. to clarify. sorry about typos,No-Intention,"[0, 0, 0, 0, 1, 0, 0, 0, 0]","['Callout-Fairness', 'Describe-Need', 'Promote-Coordination']","[0, 1, 1, 0, 0, 0, 1, 0, 0]","{""intents"":[""Callout-Fairness"",""Describe-Need"",""Promote-Coordination""]}"
479-6_utt2_intention,479-6,2,"agent_2: No worries, ok that sounds good; I'm going to submit the deal.",No-Intention,"[0, 0, 0, 0, 1, 0, 0, 0, 0]","['Build-Rapport', 'Promote-Coordination']","[1, 0, 0, 0, 0, 0, 1, 0, 0]","{""intents"":[""Build-Rapport"",""Promote-Coordination""]}"
479-7_utt1_intention,479-7,1,agent_1: nice 🙂,No-Intention,"[0, 0, 0, 0, 1, 0, 0, 0, 0]",['Build-Rapport'],"[1, 0, 0, 0, 0, 0, 0, 0, 0]","{""intents"":[""Build-Rapport""]}"
480-0_utt1_intention,480-0,1,agent_2: Hello there 🙂,Build-Rapport,"[1, 0, 0, 0, 0, 0, 0, 0, 0]",['Build-Rapport'],"[1, 0, 0, 0, 0, 0, 0, 0, 0]","{""intents"":[""Build-Rapport""]}"
480-0_utt2_intention,480-0,2,"agent_1: Hello, I hope we can work together on an offer that benefits both of us. Do you think it's OK?🙂","Callout-Fairness,Promote-Coordination","[0, 1, 0, 0, 0, 0, 1, 0, 0]","['Build-Rapport', 'Callout-Fairness', 'Promote-Coordination']","[1, 1, 0, 0, 0, 0, 1, 0, 0]","{""intents"":[""Build-Rapport"",""Callout-Fairness"",""Promote-Coordination""]}"
480-1_utt1_intention,480-1,1,agent_2: Yes definitely!  I am pretty easy to work with and would like a deal that will help us both out as much as possible.,"Callout-Fairness,Promote-Coordination","[0, 1, 0, 0, 0, 0, 1, 0, 0]","['Build-Rapport', 'Callout-Fairness', 'Promote-Coordination']","[1, 1, 0, 0, 0, 0, 1, 0, 0]","{""intents"":[""Build-Rapport"",""Callout-Fairness"",""Promote-Coordination""]}"
480-1_utt2_intention,480-1,2,agent_1:  The item I need the most is water because I need to hydrate to stay strong and achieve my goals. And you?,"Describe-Need,Discover-Preference","[0, 0, 1, 1, 0, 0, 0, 0, 0]","['Describe-Need', 'Discover-Preference']","[0, 0, 1, 1, 0, 0, 0, 0, 0]","{""intents"":[""Describe-Need"",""Discover-Preference""]}"
480-2_utt1_intention,480-2,1,"agent_2: I would say water as well because I am very active and build up thirst as a result.  However, I would be willing to compromise on things to allow you to have more water.","Describe-Need,Promote-Coordination","[0, 0, 1, 0, 0, 0, 1, 0, 0]","['Describe-Need', 'Promote-Coordination', 'Show-Empathy']","[0, 0, 1, 0, 0, 0, 1, 1, 0]","{""intents"":[""Describe-Need"",""Promote-Coordination"",""Show-Empathy""]}"
480-2_utt2_intention,480-2,2,agent_1: The item that I need the least is firewood because I will dedicate myself to look it up at the camp. And you?,"Discover-Preference,No-Need","[0, 0, 0, 1, 0, 1, 0, 0, 0]","['Describe-Need', 'Discover-Preference']","[0, 0, 1, 1, 0, 0, 0, 0, 0]","{""intents"":[""Describe-Need"",""Discover-Preference""]}"
480-3_utt1_intention,480-3,1,agent_2: Yes I think we have the same preferences.  I do not get cold easily and will bring a heavy sleeping bag.  ,No-Need,"[0, 0, 0, 0, 0, 1, 0, 0, 0]","['Build-Rapport', 'Discover-Preference', 'Promote-Coordination']","[1, 0, 0, 1, 0, 0, 1, 0, 0]","{""intents"":[""Build-Rapport"",""Discover-Preference"",""Promote-Coordination""]}"
480-3_utt2_intention,480-3,2,"agent_1: Ok, it gets a little complicated. But let's see what you think if I grab: 3 water 1 food and 0 firewood? And you would take: 0 of water, 2 of food and 3 of firewood",No-Intention,"[0, 0, 0, 0, 1, 0, 0, 0, 0]","['Promote-Coordination', 'Describe-Need', 'Discover-Preference']","[0, 0, 1, 1, 0, 0, 1, 0, 0]","{""intents"":[""Promote-Coordination"",""Describe-Need"",""Discover-Preference""]}"
480-4_utt1_intention,480-4,1,"agent_2: That is not a bad offer.  However, I would like at least 1 water for myself.  I would be willing to allow you 2 of the 3 waters though.",Promote-Coordination,"[0, 0, 0, 0, 0, 0, 1, 0, 0]","['Callout-Fairness', 'Describe-Need', 'Discover-Preference', 'Promote-Coordination']","[0, 1, 1, 1, 0, 0, 1, 0, 0]","{""intents"":[""Callout-Fairness"",""Describe-Need"",""Discover-Preference"",""Promote-Coordination""]}"
480-4_utt2_intention,480-4,2,agent_1: Ok what do you think then if I give you 1 more water and you give me 1 more firewood.,No-Intention,"[0, 0, 0, 0, 1, 0, 0, 0, 0]","['Promote-Coordination', 'Callout-Fairness']","[0, 1, 0, 0, 0, 0, 1, 0, 0]","{""intents"":[""Promote-Coordination"",""Callout-Fairness""]}"
480-5_utt1_intention,480-5,1,agent_2: That is quite fair.  I would agree to that :)  Should we go ahead and submit it?,Callout-Fairness,"[0, 1, 0, 0, 0, 0, 0, 0, 0]","['Callout-Fairness', 'Promote-Coordination']","[0, 1, 0, 0, 0, 0, 1, 0, 0]","{""intents"":[""Callout-Fairness"",""Promote-Coordination""]}"
481-0_utt1_intention,481-0,1,agent_2: Hello I hope we can negotiate so that we are both satisfied. Do you think it's OK?🙂,"Callout-Fairness,Promote-Coordination","[0, 1, 0, 0, 0, 0, 1, 0, 0]","['Build-Rapport', 'Callout-Fairness', 'Promote-Coordination']","[1, 1, 0, 0, 0, 0, 1, 0, 0]","{""intents"":[""Build-Rapport"",""Callout-Fairness"",""Promote-Coordination""]}"
481-0_utt2_intention,481-0,2,agent_1: Yes that would be great 🙂🙂,Build-Rapport,"[1, 0, 0, 0, 0, 0, 0, 0, 0]","['Build-Rapport', 'Promote-Coordination']","[1, 0, 0, 0, 0, 0, 1, 0, 0]","{""intents"":[""Build-Rapport"",""Promote-Coordination""]}"
481-1_utt1_intention,481-1,1,"agent_2: Ok, what item do you need the most and which item do you need the least? That information would help me think of an offer that suits both of us.🙂",Discover-Preference,"[0, 0, 0, 1, 0, 0, 0, 0, 0]","['Discover-Preference', 'Promote-Coordination']","[0, 0, 0, 1, 0, 0, 1, 0, 0]","{""intents"":[""Discover-Preference"",""Promote-Coordination""]}"
481-1_utt2_intention,481-1,2,agent_1: I need   food and water the most . There are 3 of us.🙂,No-Intention,"[0, 0, 0, 0, 1, 0, 0, 0, 0]","['Describe-Need', 'Discover-Preference']","[0, 0, 1, 1, 0, 0, 0, 0, 0]","{""intents"":[""Describe-Need"",""Discover-Preference""]}"
481-2_utt1_intention,481-2,1,agent_2: Your most needed item is water or food?,Discover-Preference,"[0, 0, 0, 1, 0, 0, 0, 0, 0]","['Discover-Preference', 'Promote-Coordination']","[0, 0, 0, 1, 0, 0, 1, 0, 0]","{""intents"":[""Discover-Preference"",""Promote-Coordination""]}"
481-2_utt2_intention,481-2,2,agent_1: Most needed is both food and water. I guess food is my highest priority .🙂,No-Intention,"[0, 0, 0, 0, 1, 0, 0, 0, 0]","['Describe-Need', 'Discover-Preference']","[0, 0, 1, 1, 0, 0, 0, 0, 0]","{""intents"":[""Describe-Need"",""Discover-Preference""]}"
481-3_utt1_intention,481-3,1,"agent_2: Ok perfect, the item I need the most is water because I need to hydrate.  What do you think if I give you 2 food and I keep 2 of water. ",Describe-Need,"[0, 0, 1, 0, 0, 0, 0, 0, 0]","['Describe-Need', 'Promote-Coordination']","[0, 0, 1, 0, 0, 0, 1, 0, 0]","{""intents"":[""Describe-Need"",""Promote-Coordination""]}"
481-3_utt2_intention,481-3,2,"agent_1: Ii understand , the problem  is ctheere is 3 of us. What if  we have 2 food and 2 water and you have 2 firewood ?🙂",No-Intention,"[0, 0, 0, 0, 1, 0, 0, 0, 0]","['Callout-Fairness', 'Describe-Need', 'Promote-Coordination']","[0, 1, 1, 0, 0, 0, 1, 0, 0]","{""intents"":[""Callout-Fairness"",""Describe-Need"",""Promote-Coordination""]}"
481-4_utt1_intention,481-4,1,"agent_2: The object I need the most is WATER, so I cannot give you 2, I am giving you 2 FOOD since it is what you most need. Remember that we must both be satisfied for this to work🙂",Callout-Fairness,"[0, 1, 0, 0, 0, 0, 0, 0, 0]","['Describe-Need', 'Promote-Coordination', 'Callout-Fairness']","[0, 1, 1, 0, 0, 0, 1, 0, 0]","{""intents"":[""Describe-Need"",""Promote-Coordination"",""Callout-Fairness""]}"
481-4_utt2_intention,481-4,2,"agent_1: (sorry for the misspellings on above post, my keyboard does that) Ok since that  is your highest priority , I have 2 food 1 water and 2 firewood ? Is that agreeable ?🙂",No-Intention,"[0, 0, 0, 0, 1, 0, 0, 0, 0]","['Build-Rapport', 'Describe-Need', 'Promote-Coordination']","[1, 0, 1, 0, 0, 0, 1, 0, 0]","{""intents"":[""Build-Rapport"",""Describe-Need"",""Promote-Coordination""]}"
481-5_utt1_intention,481-5,1,"agent_2: What do you think about this offer, I will give you 2 of FOOD since it is what you need the most, 1 of WATER since it is what I need and 2 of WOOD, I will have less wood but we will both be satisfied.",Callout-Fairness,"[0, 1, 0, 0, 0, 0, 0, 0, 0]","['Callout-Fairness', 'Describe-Need', 'Promote-Coordination']","[0, 1, 1, 0, 0, 0, 1, 0, 0]","{""intents"":[""Callout-Fairness"",""Describe-Need"",""Promote-Coordination""]}"
481-5_utt2_intention,481-5,2,agent_1: Yes very agreeable ! Thank you .🙂,No-Intention,"[0, 0, 0, 0, 1, 0, 0, 0, 0]","['Build-Rapport', 'Promote-Coordination']","[1, 0, 0, 0, 0, 0, 1, 0, 0]","{""intents"":[""Build-Rapport"",""Promote-Coordination""]}"
481-6_utt1_intention,481-6,1,agent_2: Ok! Thanks.🙂,No-Intention,"[0, 0, 0, 0, 1, 0, 0, 0, 0]","['Build-Rapport', 'Promote-Coordination']","[1, 0, 0, 0, 0, 0, 1, 0, 0]","{""intents"":[""Build-Rapport"",""Promote-Coordination""]}"
482-0_utt1_intention,482-0,1,agent_2: Hi there. Have you ever been camping?,Build-Rapport,"[1, 0, 0, 0, 0, 0, 0, 0, 0]","['Build-Rapport', 'Discover-Preference']","[1, 0, 0, 1, 0, 0, 0, 0, 0]","{""intents"":[""Build-Rapport"",""Discover-Preference""]}"
482-0_utt2_intention,482-0,2,"agent_1: I have, i love camping! How about you?",Build-Rapport,"[1, 0, 0, 0, 0, 0, 0, 0, 0]","['Build-Rapport', 'Discover-Preference']","[1, 0, 0, 1, 0, 0, 0, 0, 0]","{""intents"":[""Build-Rapport"",""Discover-Preference""]}"
482-1_utt1_intention,482-1,1,"agent_2: I have not, but I don't really have an interest for it, either.",Build-Rapport,"[1, 0, 0, 0, 0, 0, 0, 0, 0]","['No-Intention', 'Discover-Preference']","[0, 0, 0, 1, 1, 0, 0, 0, 0]","{""intents"":[""No-Intention"",""Discover-Preference""]}"
482-1_utt2_intention,482-1,2,"agent_1: Thats a shame, i am sure you would like it if you give it a try, especially if you build a large fire 🙂",Build-Rapport,"[1, 0, 0, 0, 0, 0, 0, 0, 0]","['Build-Rapport', 'Show-Empathy', 'Discover-Preference']","[1, 0, 0, 1, 0, 0, 0, 1, 0]","{""intents"":[""Build-Rapport"",""Show-Empathy"",""Discover-Preference""]}"
482-2_utt1_intention,482-2,1,"agent_2: I was going to say, the fire would be probably one of the few things I would be interested in! I love being warm.",Describe-Need,"[0, 0, 1, 0, 0, 0, 0, 0, 0]","['Discover-Preference', 'Show-Empathy']","[0, 0, 0, 1, 0, 0, 0, 1, 0]","{""intents"":[""Discover-Preference"",""Show-Empathy""]}"
482-2_utt2_intention,482-2,2,"agent_1: Well you can take all the firewood if it will help, would it be ok if i get all the food in return?",Promote-Coordination,"[0, 0, 0, 0, 0, 0, 1, 0, 0]","['Callout-Fairness', 'Describe-Need', 'Promote-Coordination']","[0, 1, 1, 0, 0, 0, 1, 0, 0]","{""intents"":[""Callout-Fairness"",""Describe-Need"",""Promote-Coordination""]}"
482-3_utt1_intention,482-3,1,agent_2: That works for me. How would you like to divide the water?,Promote-Coordination,"[0, 0, 0, 0, 0, 0, 1, 0, 0]","['Promote-Coordination', 'Callout-Fairness']","[0, 1, 0, 0, 0, 0, 1, 0, 0]","{""intents"":[""Promote-Coordination"",""Callout-Fairness""]}"
482-3_utt2_intention,482-3,2,"agent_1: I am ok with you taking two waters since you are new to camping, does that seem fair to you?",Callout-Fairness,"[0, 1, 0, 0, 0, 0, 0, 0, 0]","['Callout-Fairness', 'Promote-Coordination']","[0, 1, 0, 0, 0, 0, 1, 0, 0]","{""intents"":[""Callout-Fairness"",""Promote-Coordination""]}"
482-4_utt1_intention,482-4,1,"agent_2: Yes, that seems fair to me.",Callout-Fairness,"[0, 1, 0, 0, 0, 0, 0, 0, 0]","['Callout-Fairness', 'Promote-Coordination']","[0, 1, 0, 0, 0, 0, 1, 0, 0]","{""intents"":[""Callout-Fairness"",""Promote-Coordination""]}"
482-4_utt2_intention,482-4,2,"agent_1: So you get 3 firewoods and two waters and i get 3 foods and one water, deal?",No-Intention,"[0, 0, 0, 0, 1, 0, 0, 0, 0]","['Callout-Fairness', 'Promote-Coordination']","[0, 1, 0, 0, 0, 0, 1, 0, 0]","{""intents"":[""Callout-Fairness"",""Promote-Coordination""]}"
482-5_utt1_intention,482-5,1,agent_2: we have a deal! great speaking with you today 🙂,Build-Rapport,"[1, 0, 0, 0, 0, 0, 0, 0, 0]","['Build-Rapport', 'Callout-Fairness', 'Promote-Coordination']","[1, 1, 0, 0, 0, 0, 1, 0, 0]","{""intents"":[""Build-Rapport"",""Callout-Fairness"",""Promote-Coordination""]}"
483-0_utt1_intention,483-0,1,"agent_1: Hi! How about I receive 3 food, 2 firewood, and 1 water?",No-Intention,"[0, 0, 0, 0, 1, 0, 0, 0, 0]","['Describe-Need', 'Promote-Coordination']","[0, 0, 1, 0, 0, 0, 1, 0, 0]","{""intents"":[""Describe-Need"",""Promote-Coordination""]}"
483-0_utt2_intention,483-0,2,"agent_2: I can't do that. It would leave me with no food at all. How about I take 2 food, and 1 firewood, and 1 water?",Callout-Fairness,"[0, 1, 0, 0, 0, 0, 0, 0, 0]","['Callout-Fairness', 'Describe-Need', 'Discover-Preference']","[0, 1, 1, 1, 0, 0, 0, 0, 0]","{""intents"":[""Callout-Fairness"",""Describe-Need"",""Discover-Preference""]}"
483-1_utt1_intention,483-1,1,"agent_1: I really need more food than 1. I am worried about running out. I could take 2 food, and give you 1 food, 2 firewood, and 2 water.",Describe-Need,"[0, 0, 1, 0, 0, 0, 0, 0, 0]","['Describe-Need', 'Show-Empathy', 'Promote-Coordination']","[0, 0, 1, 0, 0, 0, 1, 1, 0]","{""intents"":[""Describe-Need"",""Show-Empathy"",""Promote-Coordination""]}"
483-1_utt2_intention,483-1,2,"agent_2: That is a very generous offer, which I very much appreciate. But I am also worried that I could run out. What if I take 2 foods, give you 2 firewoods, and 1 water?  ",Callout-Fairness,"[0, 1, 0, 0, 0, 0, 0, 0, 0]","['Build-Rapport', 'Show-Empathy', 'Describe-Need', 'Promote-Coordination']","[1, 0, 1, 0, 0, 0, 1, 1, 0]","{""intents"":[""Build-Rapport"",""Show-Empathy"",""Describe-Need"",""Promote-Coordination""]}"
483-2_utt1_intention,483-2,1,"agent_1: Would you be willing to give me 1 food, 2 firewood, and 2 water?",Promote-Coordination,"[0, 0, 0, 0, 0, 0, 1, 0, 0]","['Describe-Need', 'Promote-Coordination']","[0, 0, 1, 0, 0, 0, 1, 0, 0]","{""intents"":[""Describe-Need"",""Promote-Coordination""]}"
483-2_utt2_intention,483-2,2,"agent_2: I could make that work 🙂 I'm sorry if I came off mean, I'm just trying to make sure I'll be ok. I don't camp often, so I'm not sure how to prepare.",Build-Rapport,"[1, 0, 0, 0, 0, 0, 0, 0, 0]","['Build-Rapport', 'Show-Empathy', 'Describe-Need']","[1, 0, 1, 0, 0, 0, 0, 1, 0]","{""intents"":[""Build-Rapport"",""Show-Empathy"",""Describe-Need""]}"
483-3_utt1_intention,483-3,1,agent_1: I understand. What are you using the extra food for?,"Build-Rapport,Discover-Preference","[1, 0, 0, 1, 0, 0, 0, 0, 0]","['Build-Rapport', 'Discover-Preference', 'Show-Empathy']","[1, 0, 0, 1, 0, 0, 0, 1, 0]","{""intents"":[""Build-Rapport"",""Discover-Preference"",""Show-Empathy""]}"
483-3_utt2_intention,483-3,2,"agent_2: I brought some pre-packed snacks, and a few sandwiches. I'm hoping there are no hungry animals around. What about you?","Describe-Need,Discover-Preference","[0, 0, 1, 1, 0, 0, 0, 0, 0]","['Describe-Need', 'Show-Empathy', 'Discover-Preference']","[0, 0, 1, 1, 0, 0, 0, 1, 0]","{""intents"":[""Describe-Need"",""Show-Empathy"",""Discover-Preference""]}"
483-4_utt1_intention,483-4,1,"agent_1: I was hoping to get some extra food for some picky eaters, but if they are hungry they will eat!",Describe-Need,"[0, 0, 1, 0, 0, 0, 0, 0, 0]","['Describe-Need', 'Show-Empathy']","[0, 0, 1, 0, 0, 0, 0, 1, 0]","{""intents"":[""Describe-Need"",""Show-Empathy""]}"
483-4_utt2_intention,483-4,2,"agent_2: Oh no! I know how picky eaters can be. I'm sorry to hear that. So are you thinking I'll give you the one food, and 2 firewoods, and 2 waters? Will that work for you?",Show-Empathy,"[0, 0, 0, 0, 0, 0, 0, 1, 0]","['Build-Rapport', 'Show-Empathy', 'Promote-Coordination']","[1, 0, 0, 0, 0, 0, 1, 1, 0]","{""intents"":[""Build-Rapport"",""Show-Empathy"",""Promote-Coordination""]}"
483-5_utt1_intention,483-5,1,"agent_1: Yes, that works.",No-Intention,"[0, 0, 0, 0, 1, 0, 0, 0, 0]",['Promote-Coordination'],"[0, 0, 0, 0, 0, 0, 1, 0, 0]","{""intents"":[""Promote-Coordination""]}"
483-5_utt2_intention,483-5,2,agent_2: Deal!,No-Intention,"[0, 0, 0, 0, 1, 0, 0, 0, 0]","['Build-Rapport', 'Promote-Coordination']","[1, 0, 0, 0, 0, 0, 1, 0, 0]","{""intents"":[""Build-Rapport"",""Promote-Coordination""]}"
484-0_utt1_intention,484-0,1,"agent_2: Hi there, fellow camper! 🙂",Build-Rapport,"[1, 0, 0, 0, 0, 0, 0, 0, 0]",['Build-Rapport'],"[1, 0, 0, 0, 0, 0, 0, 0, 0]","{""intents"":[""Build-Rapport""]}"
484-0_utt2_intention,484-0,2,agent_1: Hello 🙂 How are you?,Build-Rapport,"[1, 0, 0, 0, 0, 0, 0, 0, 0]","['Build-Rapport', 'Show-Empathy']","[1, 0, 0, 0, 0, 0, 0, 1, 0]","{""intents"":[""Build-Rapport"",""Show-Empathy""]}"
484-1_utt1_intention,484-1,1,agent_2: I'm great! Just getting excited to go camping and dreaming of all the food I'll eat! Do you have any extra food?,Build-Rapport,"[1, 0, 0, 0, 0, 0, 0, 0, 0]","['Build-Rapport', 'Describe-Need', 'Discover-Preference']","[1, 0, 1, 1, 0, 0, 0, 0, 0]","{""intents"":[""Build-Rapport"",""Describe-Need"",""Discover-Preference""]}"
484-1_utt2_intention,484-1,2,"agent_1: Let me ask you, do you need food most? If yes, what do you need second most?",Discover-Preference,"[0, 0, 0, 1, 0, 0, 0, 0, 0]","['Discover-Preference', 'Describe-Need']","[0, 0, 1, 1, 0, 0, 0, 0, 0]","{""intents"":[""Discover-Preference"",""Describe-Need""]}"
484-2_utt1_intention,484-2,1,"agent_2: I would love as much food as is available. I would also appreciate excess firewood, as I get cold.",Describe-Need,"[0, 0, 1, 0, 0, 0, 0, 0, 0]","['Describe-Need', 'Discover-Preference']","[0, 0, 1, 1, 0, 0, 0, 0, 0]","{""intents"":[""Describe-Need"",""Discover-Preference""]}"
484-2_utt2_intention,484-2,2,"agent_1: Okay, it seems we both have the same priorities in food most and firewood second most. How about this, you take 2 packages of food, I will take 1. You give me 2 packages of firewood I will give you 1. We will then divide the water. Is that fair?",Callout-Fairness,"[0, 1, 0, 0, 0, 0, 0, 0, 0]","['Callout-Fairness', 'Promote-Coordination']","[0, 1, 0, 0, 0, 0, 1, 0, 0]","{""intents"":[""Callout-Fairness"",""Promote-Coordination""]}"
484-3_utt1_intention,484-3,1,agent_2: That sounds really fair! 🙂,Callout-Fairness,"[0, 1, 0, 0, 0, 0, 0, 0, 0]","['Build-Rapport', 'Callout-Fairness', 'Promote-Coordination']","[1, 1, 0, 0, 0, 0, 1, 0, 0]","{""intents"":[""Build-Rapport"",""Callout-Fairness"",""Promote-Coordination""]}"
484-3_utt2_intention,484-3,2,agent_1: Would you be willing to give me 2 water and you take 1?,Promote-Coordination,"[0, 0, 0, 0, 0, 0, 1, 0, 0]","['Callout-Fairness', 'Promote-Coordination']","[0, 1, 0, 0, 0, 0, 1, 0, 0]","{""intents"":[""Callout-Fairness"",""Promote-Coordination""]}"
484-4_utt1_intention,484-4,1,agent_2: I'll agree to that!,No-Intention,"[0, 0, 0, 0, 1, 0, 0, 0, 0]","['Callout-Fairness', 'Promote-Coordination']","[0, 1, 0, 0, 0, 0, 1, 0, 0]","{""intents"":[""Callout-Fairness"",""Promote-Coordination""]}"
484-4_utt2_intention,484-4,2,agent_1: Sounds good. Thank you for being flexible. ,No-Intention,"[0, 0, 0, 0, 1, 0, 0, 0, 0]","['Build-Rapport', 'Callout-Fairness', 'Promote-Coordination']","[1, 1, 0, 0, 0, 0, 1, 0, 0]","{""intents"":[""Build-Rapport"",""Callout-Fairness"",""Promote-Coordination""]}"
485-0_utt1_intention,485-0,1,agent_2: Hey there - looks like we are both going camping!  I'm from the South so firewood and water are a high priority for me.,Build-Rapport,"[1, 0, 0, 0, 0, 0, 0, 0, 0]","['Build-Rapport', 'Describe-Need', 'Discover-Preference']","[1, 0, 1, 1, 0, 0, 0, 0, 0]","{""intents"":[""Build-Rapport"",""Describe-Need"",""Discover-Preference""]}"
485-0_utt2_intention,485-0,2,"agent_1: Wow, thats awesome! Yes, I am! Well, that's great because water isn't super important for me. Firewood is though. ",No-Need,"[0, 0, 0, 0, 0, 1, 0, 0, 0]","['Build-Rapport', 'Describe-Need', 'Discover-Preference', 'Promote-Coordination']","[1, 0, 1, 1, 0, 0, 1, 0, 0]","{""intents"":[""Build-Rapport"",""Describe-Need"",""Discover-Preference"",""Promote-Coordination""]}"
485-1_utt1_intention,485-1,1,agent_2: That sounds awesome - I'm sure we can come to an agreement on how to allocate that works for both of us.  ,"Callout-Fairness,Promote-Coordination","[0, 1, 0, 0, 0, 0, 1, 0, 0]","['Build-Rapport', 'Promote-Coordination']","[1, 0, 0, 0, 0, 0, 1, 0, 0]","{""intents"":[""Build-Rapport"",""Promote-Coordination""]}"
485-1_utt2_intention,485-1,2,agent_1: I agree that we will! I do love having food as well. Have lots of people coming.,Describe-Need,"[0, 0, 1, 0, 0, 0, 0, 0, 0]","['Build-Rapport', 'Describe-Need', 'Promote-Coordination']","[1, 0, 1, 0, 0, 0, 1, 0, 0]","{""intents"":[""Build-Rapport"",""Describe-Need"",""Promote-Coordination""]}"
485-2_utt1_intention,485-2,1,"agent_2: I'm not as keen on food, so how does this sound.  I get 2 firewood, 2 waters, and 1 food.  You will get 2 food, 1 firewood, and 1 water. ",No-Intention,"[0, 0, 0, 0, 1, 0, 0, 0, 0]","['Describe-Need', 'Discover-Preference', 'Promote-Coordination']","[0, 0, 1, 1, 0, 0, 1, 0, 0]","{""intents"":[""Describe-Need"",""Discover-Preference"",""Promote-Coordination""]}"
485-2_utt2_intention,485-2,2,"agent_1: Hmm, you're getting my top item there though. That still might work.",Callout-Fairness,"[0, 1, 0, 0, 0, 0, 0, 0, 0]","['Callout-Fairness', 'Describe-Need', 'Promote-Coordination']","[0, 1, 1, 0, 0, 0, 1, 0, 0]","{""intents"":[""Callout-Fairness"",""Describe-Need"",""Promote-Coordination""]}"
485-3_utt1_intention,485-3,1,agent_2: I think it's pretty fair since we'll both get at least one of our top item (firewood) and you get more food (I assume your second priority) and I get more water (my second priority),Callout-Fairness,"[0, 1, 0, 0, 0, 0, 0, 0, 0]","['Callout-Fairness', 'Promote-Coordination', 'Discover-Preference']","[0, 1, 0, 1, 0, 0, 1, 0, 0]","{""intents"":[""Callout-Fairness"",""Promote-Coordination"",""Discover-Preference""]}"
485-3_utt2_intention,485-3,2,agent_1: Well you're getting more on 2/3.,No-Intention,"[0, 0, 0, 0, 1, 0, 0, 0, 0]","['Callout-Fairness', 'Undermine-Requirements']","[0, 1, 0, 0, 0, 0, 0, 0, 1]","{""intents"":[""Callout-Fairness"",""Undermine-Requirements""]}"
485-4_utt1_intention,485-4,1,agent_2: True - but one of us has to 🙂.,No-Intention,"[0, 0, 0, 0, 1, 0, 0, 0, 0]","['Callout-Fairness', 'Promote-Coordination']","[0, 1, 0, 0, 0, 0, 1, 0, 0]","{""intents"":[""Callout-Fairness"",""Promote-Coordination""]}"
485-4_utt2_intention,485-4,2,agent_1: I understand. I do like food so we have a deal.,Show-Empathy,"[0, 0, 0, 0, 0, 0, 0, 1, 0]","['Build-Rapport', 'Callout-Fairness', 'Describe-Need', 'Promote-Coordination']","[1, 1, 1, 0, 0, 0, 1, 0, 0]","{""intents"":[""Build-Rapport"",""Callout-Fairness"",""Describe-Need"",""Promote-Coordination""]}"
486-0_utt1_intention,486-0,1,agent_2: Hello how are you?,Build-Rapport,"[1, 0, 0, 0, 0, 0, 0, 0, 0]",['Build-Rapport'],"[1, 0, 0, 0, 0, 0, 0, 0, 0]","{""intents"":[""Build-Rapport""]}"
486-0_utt2_intention,486-0,2,agent_1: Hello! I am doing well. How about you?,Build-Rapport,"[1, 0, 0, 0, 0, 0, 0, 0, 0]","['Build-Rapport', 'Show-Empathy']","[1, 0, 0, 0, 0, 0, 0, 1, 0]","{""intents"":[""Build-Rapport"",""Show-Empathy""]}"
486-1_utt1_intention,486-1,1,agent_2: I'm doing well. I'm trying to prepare for this camping trip. ,Build-Rapport,"[1, 0, 0, 0, 0, 0, 0, 0, 0]","['Build-Rapport', 'Describe-Need', 'Promote-Coordination']","[1, 0, 1, 0, 0, 0, 1, 0, 0]","{""intents"":[""Build-Rapport"",""Describe-Need"",""Promote-Coordination""]}"
486-1_utt2_intention,486-1,2,agent_1: Me too.🙂,Build-Rapport,"[1, 0, 0, 0, 0, 0, 0, 0, 0]","['Build-Rapport', 'Show-Empathy']","[1, 0, 0, 0, 0, 0, 0, 1, 0]","{""intents"":[""Build-Rapport"",""Show-Empathy""]}"
486-2_utt1_intention,486-2,1,agent_2: What are you looking for?,Discover-Preference,"[0, 0, 0, 1, 0, 0, 0, 0, 0]","['Discover-Preference', 'Promote-Coordination']","[0, 0, 0, 1, 0, 0, 1, 0, 0]","{""intents"":[""Discover-Preference"",""Promote-Coordination""]}"
486-2_utt2_intention,486-2,2,agent_1: Firewood. I need 3. What do you need?,Discover-Preference,"[0, 0, 0, 1, 0, 0, 0, 0, 0]","['Describe-Need', 'Discover-Preference', 'Promote-Coordination']","[0, 0, 1, 1, 0, 0, 1, 0, 0]","{""intents"":[""Describe-Need"",""Discover-Preference"",""Promote-Coordination""]}"
486-3_utt1_intention,486-3,1,"agent_2: I'm looking for mostly water and food. I have some firewood, but I don't think I could trade all 3. ",Promote-Coordination,"[0, 0, 0, 0, 0, 0, 1, 0, 0]","['Describe-Need', 'Discover-Preference']","[0, 0, 1, 1, 0, 0, 0, 0, 0]","{""intents"":[""Describe-Need"",""Discover-Preference""]}"
486-3_utt2_intention,486-3,2,agent_1: Ok. COuld I have all 3 if I gave you 3 food and 2 water?,Promote-Coordination,"[0, 0, 0, 0, 0, 0, 1, 0, 0]","['Describe-Need', 'Promote-Coordination']","[0, 0, 1, 0, 0, 0, 1, 0, 0]","{""intents"":[""Describe-Need"",""Promote-Coordination""]}"
486-4_utt1_intention,486-4,1,agent_2: Would you do 3 water and 2 food? ,No-Intention,"[0, 0, 0, 0, 1, 0, 0, 0, 0]","['Describe-Need', 'Discover-Preference', 'Promote-Coordination']","[0, 0, 1, 1, 0, 0, 1, 0, 0]","{""intents"":[""Describe-Need"",""Discover-Preference"",""Promote-Coordination""]}"
486-4_utt2_intention,486-4,2,"agent_1: Sure, that would work for me",No-Intention,"[0, 0, 0, 0, 1, 0, 0, 0, 0]",['Promote-Coordination'],"[0, 0, 0, 0, 0, 0, 1, 0, 0]","{""intents"":[""Promote-Coordination""]}"
487-0_utt1_intention,487-0,1,"agent_1: Hi, how are you? ",Build-Rapport,"[1, 0, 0, 0, 0, 0, 0, 0, 0]",['Build-Rapport'],"[1, 0, 0, 0, 0, 0, 0, 0, 0]","{""intents"":[""Build-Rapport""]}"
487-0_utt2_intention,487-0,2,agent_2: Am fine what about you?,Build-Rapport,"[1, 0, 0, 0, 0, 0, 0, 0, 0]","['Build-Rapport', 'Show-Empathy']","[1, 0, 0, 0, 0, 0, 0, 1, 0]","{""intents"":[""Build-Rapport"",""Show-Empathy""]}"
487-1_utt1_intention,487-1,1,"agent_1: Good thanks! So I'm hoping I can get all of the Food, but am willing to negotiate on the other items. ",Promote-Coordination,"[0, 0, 0, 0, 0, 0, 1, 0, 0]","['Describe-Need', 'Promote-Coordination']","[0, 0, 1, 0, 0, 0, 1, 0, 0]","{""intents"":[""Describe-Need"",""Promote-Coordination""]}"
487-1_utt2_intention,487-1,2,agent_2: Ohh food?.Thats a very essential property over here.I mean very important.Do you really need it that bad?,Undermine-Requirements,"[0, 0, 0, 0, 0, 0, 0, 0, 1]","['Describe-Need', 'Show-Empathy']","[0, 0, 1, 0, 0, 0, 0, 1, 0]","{""intents"":[""Describe-Need"",""Show-Empathy""]}"
487-2_utt1_intention,487-2,1,"agent_1: It's my top priority, but if you need some, I'd need more water and firewood",Promote-Coordination,"[0, 0, 0, 0, 0, 0, 1, 0, 0]","['Describe-Need', 'Promote-Coordination']","[0, 0, 1, 0, 0, 0, 1, 0, 0]","{""intents"":[""Describe-Need"",""Promote-Coordination""]}"
487-2_utt2_intention,487-2,2,agent_2: It aslo my top priority but i would not if u give me 3 packages of water and  2 firewood in exchange for all food.Agree?,Promote-Coordination,"[0, 0, 0, 0, 0, 0, 1, 0, 0]","['Describe-Need', 'Callout-Fairness', 'Promote-Coordination']","[0, 1, 1, 0, 0, 0, 1, 0, 0]","{""intents"":[""Describe-Need"",""Callout-Fairness"",""Promote-Coordination""]}"
487-3_utt1_intention,487-3,1,agent_1: sure that works,No-Intention,"[0, 0, 0, 0, 1, 0, 0, 0, 0]",['Promote-Coordination'],"[0, 0, 0, 0, 0, 0, 1, 0, 0]","{""intents"":[""Promote-Coordination""]}"
487-3_utt2_intention,487-3,2,agent_2: Okay deal sealed?,No-Intention,"[0, 0, 0, 0, 1, 0, 0, 0, 0]",['Promote-Coordination'],"[0, 0, 0, 0, 0, 0, 1, 0, 0]","{""intents"":[""Promote-Coordination""]}"
487-4_utt1_intention,487-4,1,agent_1: yea good with me. 3 food 1 firewood for me. 3 water and 2 firewood for you,No-Intention,"[0, 0, 0, 0, 1, 0, 0, 0, 0]","['Describe-Need', 'Promote-Coordination']","[0, 0, 1, 0, 0, 0, 1, 0, 0]","{""intents"":[""Describe-Need"",""Promote-Coordination""]}"
487-4_utt2_intention,487-4,2,agent_2: ok deal,No-Intention,"[0, 0, 0, 0, 1, 0, 0, 0, 0]",['Promote-Coordination'],"[0, 0, 0, 0, 0, 0, 1, 0, 0]","{""intents"":[""Promote-Coordination""]}"
488-0_utt1_intention,488-0,1,agent_2: Good morning,No-Intention,"[0, 0, 0, 0, 1, 0, 0, 0, 0]",['Build-Rapport'],"[1, 0, 0, 0, 0, 0, 0, 0, 0]","{""intents"":[""Build-Rapport""]}"
488-0_utt2_intention,488-0,2,"agent_1: Hi, how goes it?",Build-Rapport,"[1, 0, 0, 0, 0, 0, 0, 0, 0]",['Build-Rapport'],"[1, 0, 0, 0, 0, 0, 0, 0, 0]","{""intents"":[""Build-Rapport""]}"
488-1_utt1_intention,488-1,1,agent_2: It's going alright. What do you need the most to trade?,"Discover-Preference,Promote-Coordination","[0, 0, 0, 1, 0, 0, 1, 0, 0]","['Discover-Preference', 'Build-Rapport']","[1, 0, 0, 1, 0, 0, 0, 0, 0]","{""intents"":[""Discover-Preference"",""Build-Rapport""]}"
488-1_utt2_intention,488-1,2,"agent_1: well, I run and could use some extra water. How about you?","Describe-Need,Discover-Preference","[0, 0, 1, 1, 0, 0, 0, 0, 0]","['Describe-Need', 'Discover-Preference']","[0, 0, 1, 1, 0, 0, 0, 0, 0]","{""intents"":[""Describe-Need"",""Discover-Preference""]}"
488-2_utt1_intention,488-2,1,"agent_2: That's a good reason! I don't run, but could use some water. ",No-Intention,"[0, 0, 0, 0, 1, 0, 0, 0, 0]","['Build-Rapport', 'Show-Empathy', 'Describe-Need']","[1, 0, 1, 0, 0, 0, 0, 1, 0]","{""intents"":[""Build-Rapport"",""Show-Empathy"",""Describe-Need""]}"
488-2_utt2_intention,488-2,2,"agent_1: How much were you thinking? I could also use some food, but really don't have much need for firewood.",Promote-Coordination,"[0, 0, 0, 0, 0, 0, 1, 0, 0]","['Describe-Need', 'Discover-Preference']","[0, 0, 1, 1, 0, 0, 0, 0, 0]","{""intents"":[""Describe-Need"",""Discover-Preference""]}"
488-3_utt1_intention,488-3,1,"agent_2: How about we split? 2 water for you, and 1 for us, that way we can go on a fun hike. In exchange, could we also have all the firewood? We want to have a community fire and you're more than welcome!","Build-Rapport,Promote-Coordination","[1, 0, 0, 0, 0, 0, 1, 0, 0]","['Callout-Fairness', 'Describe-Need', 'Promote-Coordination']","[0, 1, 1, 0, 0, 0, 1, 0, 0]","{""intents"":[""Callout-Fairness"",""Describe-Need"",""Promote-Coordination""]}"
488-3_utt2_intention,488-3,2,"agent_1: So 2 waters for me, 1 for you, and all the fire wood. How about the food? Perhaps 1 for me and 2 for you? Sound reasonable?",Callout-Fairness,"[0, 1, 0, 0, 0, 0, 0, 0, 0]","['Callout-Fairness', 'Describe-Need', 'Promote-Coordination']","[0, 1, 1, 0, 0, 0, 1, 0, 0]","{""intents"":[""Callout-Fairness"",""Describe-Need"",""Promote-Coordination""]}"
488-4_utt1_intention,488-4,1,agent_2: That sounds good to me!,No-Intention,"[0, 0, 0, 0, 1, 0, 0, 0, 0]",['Promote-Coordination'],"[0, 0, 0, 0, 0, 0, 1, 0, 0]","{""intents"":[""Promote-Coordination""]}"
488-4_utt2_intention,488-4,2,"agent_1: Ok, by the way are you here with family or friends? ",Build-Rapport,"[1, 0, 0, 0, 0, 0, 0, 0, 0]","['Build-Rapport', 'Discover-Preference']","[1, 0, 0, 1, 0, 0, 0, 0, 0]","{""intents"":[""Build-Rapport"",""Discover-Preference""]}"
488-5_utt1_intention,488-5,1,agent_2: With a few friends. It's my birthday soon and we decided to go camping!,Build-Rapport,"[1, 0, 0, 0, 0, 0, 0, 0, 0]","['Build-Rapport', 'Show-Empathy']","[1, 0, 0, 0, 0, 0, 0, 1, 0]","{""intents"":[""Build-Rapport"",""Show-Empathy""]}"
488-5_utt2_intention,488-5,2,agent_1: 🙂 Happy birthday! a little early. Let me toss you our agreement,Build-Rapport,"[1, 0, 0, 0, 0, 0, 0, 0, 0]","['Build-Rapport', 'Show-Empathy', 'Promote-Coordination']","[1, 0, 0, 0, 0, 0, 1, 1, 0]","{""intents"":[""Build-Rapport"",""Show-Empathy"",""Promote-Coordination""]}"
489-0_utt1_intention,489-0,1,agent_1: Hello 🙂,No-Intention,"[0, 0, 0, 0, 1, 0, 0, 0, 0]",['Build-Rapport'],"[1, 0, 0, 0, 0, 0, 0, 0, 0]","{""intents"":[""Build-Rapport""]}"
489-0_utt2_intention,489-0,2,agent_2: Hello!,No-Intention,"[0, 0, 0, 0, 1, 0, 0, 0, 0]",['Build-Rapport'],"[1, 0, 0, 0, 0, 0, 0, 0, 0]","{""intents"":[""Build-Rapport""]}"
489-1_utt1_intention,489-1,1,agent_1: Which item do you need the most?,Discover-Preference,"[0, 0, 0, 1, 0, 0, 0, 0, 0]","['Discover-Preference', 'Describe-Need']","[0, 0, 1, 1, 0, 0, 0, 0, 0]","{""intents"":[""Discover-Preference"",""Describe-Need""]}"
489-1_utt2_intention,489-1,2,"agent_2: Firewood, due to the area that we are going to. How about you? ","Describe-Need,Discover-Preference","[0, 0, 1, 1, 0, 0, 0, 0, 0]","['Describe-Need', 'Discover-Preference']","[0, 0, 1, 1, 0, 0, 0, 0, 0]","{""intents"":[""Describe-Need"",""Discover-Preference""]}"
489-2_utt1_intention,489-2,1,agent_1: Oh I see. You can have all 3 firewood if you are ok with me taking all 3 food.,Promote-Coordination,"[0, 0, 0, 0, 0, 0, 1, 0, 0]","['Callout-Fairness', 'Promote-Coordination']","[0, 1, 0, 0, 0, 0, 1, 0, 0]","{""intents"":[""Callout-Fairness"",""Promote-Coordination""]}"
489-2_utt2_intention,489-2,2,"agent_2: Hmm, well I'd love to get some of the food. What I took 2 firewood, 1 food and 1 water? ",No-Intention,"[0, 0, 0, 0, 1, 0, 0, 0, 0]","['Describe-Need', 'Discover-Preference', 'Promote-Coordination']","[0, 0, 1, 1, 0, 0, 1, 0, 0]","{""intents"":[""Describe-Need"",""Discover-Preference"",""Promote-Coordination""]}"
489-3_utt1_intention,489-3,1,agent_1: Sorry but I really need all 3 food. All the food I brought with me has spoiled because the AC in my car broke. ☹️,"Callout-Fairness,Describe-Need","[0, 1, 1, 0, 0, 0, 0, 0, 0]","['Describe-Need', 'Show-Empathy']","[0, 0, 1, 0, 0, 0, 0, 1, 0]","{""intents"":[""Describe-Need"",""Show-Empathy""]}"
489-3_utt2_intention,489-3,2,agent_2: I see - So are you saying I would take all 3 firewood and all 3 water and you just get food? ,No-Intention,"[0, 0, 0, 0, 1, 0, 0, 0, 0]","['Callout-Fairness', 'Promote-Coordination']","[0, 1, 0, 0, 0, 0, 1, 0, 0]","{""intents"":[""Callout-Fairness"",""Promote-Coordination""]}"
489-4_utt1_intention,489-4,1,agent_1: No. That's not what I am saying. You can take all 3 firewood and I would like all 3 food.,No-Intention,"[0, 0, 0, 0, 1, 0, 0, 0, 0]","['Callout-Fairness', 'Describe-Need', 'Promote-Coordination']","[0, 1, 1, 0, 0, 0, 1, 0, 0]","{""intents"":[""Callout-Fairness"",""Describe-Need"",""Promote-Coordination""]}"
489-4_utt2_intention,489-4,2,"agent_2: aha, i basically just said that. I was asking about the water. I said I would get all 3 firewood and all 3 water and you would get all the food (3)",No-Intention,"[0, 0, 0, 0, 1, 0, 0, 0, 0]","['Callout-Fairness', 'Describe-Need', 'Promote-Coordination']","[0, 1, 1, 0, 0, 0, 1, 0, 0]","{""intents"":[""Callout-Fairness"",""Describe-Need"",""Promote-Coordination""]}"
489-5_utt1_intention,489-5,1,agent_1: How about I take 2 water and you take 1 water?,No-Intention,"[0, 0, 0, 0, 1, 0, 0, 0, 0]","['Promote-Coordination', 'Callout-Fairness']","[0, 1, 0, 0, 0, 0, 1, 0, 0]","{""intents"":[""Promote-Coordination"",""Callout-Fairness""]}"
489-5_utt2_intention,489-5,2,"agent_2: I don't really think that's fair given you're taking all the food. I would be willing to do the following: 2 firewood, 0 food, 2 water","Callout-Fairness,Promote-Coordination","[0, 1, 0, 0, 0, 0, 1, 0, 0]","['Callout-Fairness', 'Describe-Need', 'Promote-Coordination']","[0, 1, 1, 0, 0, 0, 1, 0, 0]","{""intents"":[""Callout-Fairness"",""Describe-Need"",""Promote-Coordination""]}"
490-0_utt1_intention,490-0,1,"agent_1: Hello there, I'm trying to get some more water. I take medication that makes me dehydrated. Is there something you mite be looking for in exchange?","Describe-Need,Promote-Coordination","[0, 0, 1, 0, 0, 0, 1, 0, 0]","['Describe-Need', 'Discover-Preference']","[0, 0, 1, 1, 0, 0, 0, 0, 0]","{""intents"":[""Describe-Need"",""Discover-Preference""]}"
490-0_utt2_intention,490-0,2,agent_2: I'm sorry to hear about that -- I've been needing water because my child is with me and I can't let them get dehydrated since they're so young. Could we split the other items?,"Describe-Need,Promote-Coordination,Show-Empathy","[0, 0, 1, 0, 0, 0, 1, 1, 0]","['Show-Empathy', 'Describe-Need', 'Promote-Coordination']","[0, 0, 1, 0, 0, 0, 1, 1, 0]","{""intents"":[""Show-Empathy"",""Describe-Need"",""Promote-Coordination""]}"
490-1_utt1_intention,490-1,1,agent_1: We mite can do that. What do you need more of?,Discover-Preference,"[0, 0, 0, 1, 0, 0, 0, 0, 0]","['Promote-Coordination', 'Discover-Preference']","[0, 0, 0, 1, 0, 0, 1, 0, 0]","{""intents"":[""Promote-Coordination"",""Discover-Preference""]}"
490-1_utt2_intention,490-1,2,agent_2: do you want extra firewood if I take extra water?,No-Intention,"[0, 0, 0, 0, 1, 0, 0, 0, 0]","['Describe-Need', 'Promote-Coordination']","[0, 0, 1, 0, 0, 0, 1, 0, 0]","{""intents"":[""Describe-Need"",""Promote-Coordination""]}"
490-2_utt1_intention,490-2,1,"agent_1: At the least, Do you think I could get a little extra food if I give you some extra water as well?",No-Intention,"[0, 0, 0, 0, 1, 0, 0, 0, 0]","['Describe-Need', 'Promote-Coordination']","[0, 0, 1, 0, 0, 0, 1, 0, 0]","{""intents"":[""Describe-Need"",""Promote-Coordination""]}"
490-2_utt2_intention,490-2,2,"agent_2: yes, that would work for sure",No-Intention,"[0, 0, 0, 0, 1, 0, 0, 0, 0]","['Promote-Coordination', 'Show-Empathy']","[0, 0, 0, 0, 0, 0, 1, 1, 0]","{""intents"":[""Promote-Coordination"",""Show-Empathy""]}"
490-3_utt1_intention,490-3,1,"agent_1: Thats Good, I'm a big guy and like to eat when I'm out and about. ",Describe-Need,"[0, 0, 1, 0, 0, 0, 0, 0, 0]","['Build-Rapport', 'Describe-Need']","[1, 0, 1, 0, 0, 0, 0, 0, 0]","{""intents"":[""Build-Rapport"",""Describe-Need""]}"
490-3_utt2_intention,490-3,2,"agent_2: what if we do 3 water for me, 3 food for you, and split the firewood?",Promote-Coordination,"[0, 0, 0, 0, 0, 0, 1, 0, 0]","['Callout-Fairness', 'Promote-Coordination']","[0, 1, 0, 0, 0, 0, 1, 0, 0]","{""intents"":[""Callout-Fairness"",""Promote-Coordination""]}"
490-4_utt1_intention,490-4,1,"agent_1: No, that won't work. I told you in the begining I needed some water because of the medication I'm on.","Callout-Fairness,Describe-Need","[0, 1, 1, 0, 0, 0, 0, 0, 0]","['Describe-Need', 'Undermine-Requirements']","[0, 0, 1, 0, 0, 0, 0, 0, 1]","{""intents"":[""Describe-Need"",""Undermine-Requirements""]}"
490-4_utt2_intention,490-4,2,"agent_2: that's right, how about i take 2 water, and you take 2 food?",No-Intention,"[0, 0, 0, 0, 1, 0, 0, 0, 0]","['Callout-Fairness', 'Describe-Need', 'Promote-Coordination']","[0, 1, 1, 0, 0, 0, 1, 0, 0]","{""intents"":[""Callout-Fairness"",""Describe-Need"",""Promote-Coordination""]}"
490-5_utt1_intention,490-5,1,agent_1: well I was going to let you have two being you have a kid to look out for. But i atleast need the one. So how about I get one water you get two. Then I get Two fire wood and two foods?,Show-Empathy,"[0, 0, 0, 0, 0, 0, 0, 1, 0]","['Callout-Fairness', 'Describe-Need', 'Promote-Coordination']","[0, 1, 1, 0, 0, 0, 1, 0, 0]","{""intents"":[""Callout-Fairness"",""Describe-Need"",""Promote-Coordination""]}"
491-0_utt1_intention,491-0,1,agent_1: I would really like to have 3 waters and 3 firewood because this is my first time camping and I don't have survival skills. ,Describe-Need,"[0, 0, 1, 0, 0, 0, 0, 0, 0]","['Describe-Need', 'Show-Empathy']","[0, 0, 1, 0, 0, 0, 0, 1, 0]","{""intents"":[""Describe-Need"",""Show-Empathy""]}"
491-0_utt2_intention,491-0,2,"agent_2: You must be a comedian.  We will need to come to a compromise because there's no way that's going to happen.  I am like a water buffalo so I'll need at least two waters.  In addition, my family is from the South and will need firewood as well.","Callout-Fairness,Describe-Need,Promote-Coordination","[0, 1, 1, 0, 0, 0, 1, 0, 0]","['Callout-Fairness', 'Describe-Need', 'Promote-Coordination', 'Undermine-Requirements']","[0, 1, 1, 0, 0, 0, 1, 0, 1]","{""intents"":[""Callout-Fairness"",""Describe-Need"",""Promote-Coordination"",""Undermine-Requirements""]}"
491-1_utt1_intention,491-1,1,agent_1: I can't swim too. I think two waters will help me to survive on this trip and I will need at least two firewood to make fish or other food items for my family. ,Describe-Need,"[0, 0, 1, 0, 0, 0, 0, 0, 0]","['Describe-Need', 'Promote-Coordination']","[0, 0, 1, 0, 0, 0, 1, 0, 0]","{""intents"":[""Describe-Need"",""Promote-Coordination""]}"
491-1_utt2_intention,491-1,2,agent_2: You don't need this water to swim.  You can take two of the food if you're worried about food.  I will take two water and two firewood since I have a large family to nourish and keep warm.  Your initial suggestion of 3  waters and firewood is laughable.  Please provide a realistic compromise.,"Callout-Fairness,Describe-Need,Show-Empathy,Undermine-Requirements","[0, 1, 1, 0, 0, 0, 0, 1, 1]","['Callout-Fairness', 'Undermine-Requirements', 'Promote-Coordination']","[0, 1, 0, 0, 0, 0, 1, 0, 1]","{""intents"":[""Callout-Fairness"",""Undermine-Requirements"",""Promote-Coordination""]}"
491-2_utt1_intention,491-2,1,"agent_1: If I take two waters, 1 firewood, and 2 food supplies, this will help me during the trip. It seems as if you are more skilled than I am on a camping trip. Please consider my request☹️","Callout-Fairness,Promote-Coordination","[0, 1, 0, 0, 0, 0, 1, 0, 0]","['Describe-Need', 'Show-Empathy', 'Promote-Coordination']","[0, 0, 1, 0, 0, 0, 1, 1, 0]","{""intents"":[""Describe-Need"",""Show-Empathy"",""Promote-Coordination""]}"
491-2_utt2_intention,491-2,2,"agent_2: LOL - not a chance.  You're going to have to give me more than that.  I am more skilled and thus need firewood.  How about this...I will take 3 firewood and 2 food.  You can take all the water because you're so non-skilled in the wilderness. I am going to hunt for my food, but again I have a large family.  I am not considering your request  at all.  We will need to come to a decision relatively soon.","Callout-Fairness,Describe-Need,Promote-Coordination","[0, 1, 1, 0, 0, 0, 1, 0, 0]","['Callout-Fairness', 'Describe-Need', 'Undermine-Requirements']","[0, 1, 1, 0, 0, 0, 0, 0, 1]","{""intents"":[""Callout-Fairness"",""Describe-Need"",""Undermine-Requirements""]}"
491-3_utt1_intention,491-3,1,"agent_1: I understand your preferences. If I take all of the water, 1 firewood, and 2 food your family will still have the opportunity to have a good camping trip and I can learn to survive on this trip. Please consider my request again.☹️","Callout-Fairness,Undermine-Requirements","[0, 1, 0, 0, 0, 0, 0, 0, 1]","['Describe-Need', 'Promote-Coordination', 'Show-Empathy']","[0, 0, 1, 0, 0, 0, 1, 1, 0]","{""intents"":[""Describe-Need"",""Promote-Coordination"",""Show-Empathy""]}"
491-3_utt2_intention,491-3,2,"agent_2: Ok - you're not being reasonable at all.  If you're so incompetent at going camping, maybe you should stay home and I can take all the supplies. How's that for an excellent offer?  All for me and 0 for you.","Callout-Fairness,Undermine-Requirements","[0, 1, 0, 0, 0, 0, 0, 0, 1]","['Callout-Fairness', 'Undermine-Requirements']","[0, 1, 0, 0, 0, 0, 0, 0, 1]","{""intents"":[""Callout-Fairness"",""Undermine-Requirements""]}"
491-4_utt1_intention,491-4,1,"agent_1: I think it would be good to come to a compromise. If I take all of the water and have the 2 foods, you can take all of the firewood as you originally proposed. Yet, I will have a tough time learning how to survive on a camping trip.😡","Build-Rapport,Promote-Coordination","[1, 0, 0, 0, 0, 0, 1, 0, 0]","['Promote-Coordination', 'Describe-Need', 'Callout-Fairness']","[0, 1, 1, 0, 0, 0, 1, 0, 0]","{""intents"":[""Promote-Coordination"",""Describe-Need"",""Callout-Fairness""]}"
491-4_utt2_intention,491-4,2,"agent_2: Again, that's not a fair compromise....You get all of what we both we want and more of another item.  Let me state it to you clearly so you can understand.  I WILL NOT ACCEPT THAT OFFER.  There is no chance you are getting all the water now that I think about it.  I will offer I get 1 water, 2 firewood, and 2 food.  If you can't come up with a reasonable offer, I will just walk away and we both get nothing.  I will survive because I will have skills.",Callout-Fairness,"[0, 1, 0, 0, 0, 0, 0, 0, 0]","['Callout-Fairness', 'No-Intention', 'Undermine-Requirements']","[0, 1, 0, 0, 1, 0, 0, 0, 1]","{""intents"":[""Callout-Fairness"",""No-Intention"",""Undermine-Requirements""]}"
491-5_utt1_intention,491-5,1,"agent_1: I think this is reasonable because you have a big family. I will accept 2 waters, 1 firewood, and 1 food. ",Callout-Fairness,"[0, 1, 0, 0, 0, 0, 0, 0, 0]","['Callout-Fairness', 'Describe-Need', 'Promote-Coordination', 'Show-Empathy']","[0, 1, 1, 0, 0, 0, 1, 1, 0]","{""intents"":[""Callout-Fairness"",""Describe-Need"",""Promote-Coordination"",""Show-Empathy""]}"
492-0_utt1_intention,492-0,1,agent_2: Can you help out? I can easily dehydrated can you give all the water packages to me?,"Describe-Need,Promote-Coordination","[0, 0, 1, 0, 0, 0, 1, 0, 0]","['Describe-Need', 'Callout-Fairness']","[0, 1, 1, 0, 0, 0, 0, 0, 0]","{""intents"":[""Describe-Need"",""Callout-Fairness""]}"
492-0_utt2_intention,492-0,2,agent_1: I can spare a little as I am currently taking medication that requires me to drink a lot. I can give you 2 bottles of water if you can give me 3 firewood,"Describe-Need,Promote-Coordination","[0, 0, 1, 0, 0, 0, 1, 0, 0]","['Callout-Fairness', 'Describe-Need', 'Promote-Coordination', 'Show-Empathy']","[0, 1, 1, 0, 0, 0, 1, 1, 0]","{""intents"":[""Callout-Fairness"",""Describe-Need"",""Promote-Coordination"",""Show-Empathy""]}"
492-1_utt1_intention,492-1,1,agent_2: I can't give you all the 3 firewood. We can share them. I can give you 1 firewood? Because I am too scared about dark. ☹️,"Describe-Need,Promote-Coordination","[0, 0, 1, 0, 0, 0, 1, 0, 0]","['Callout-Fairness', 'Describe-Need', 'Show-Empathy', 'Promote-Coordination']","[0, 1, 1, 0, 0, 0, 1, 1, 0]","{""intents"":[""Callout-Fairness"",""Describe-Need"",""Show-Empathy"",""Promote-Coordination""]}"
492-1_utt2_intention,492-1,2,"agent_1: I could give you 1 water for 1 firewood, most of my firewood got wet so is almost useless . Would you perhaps except some food for another unit of firewood?",Promote-Coordination,"[0, 0, 0, 0, 0, 0, 1, 0, 0]","['Describe-Need', 'Promote-Coordination', 'Discover-Preference']","[0, 0, 1, 1, 0, 0, 1, 0, 0]","{""intents"":[""Describe-Need"",""Promote-Coordination"",""Discover-Preference""]}"
492-2_utt1_intention,492-2,1,agent_2: Oh. Let do some deal. If you give me all water bottles I will give you 2 firewood. Can you accept this,No-Intention,"[0, 0, 0, 0, 1, 0, 0, 0, 0]","['Describe-Need', 'Promote-Coordination']","[0, 0, 1, 0, 0, 0, 1, 0, 0]","{""intents"":[""Describe-Need"",""Promote-Coordination""]}"
492-2_utt2_intention,492-2,2,agent_1: i could give you 2 water bottles and 3 food if you can do 3 firewood,Promote-Coordination,"[0, 0, 0, 0, 0, 0, 1, 0, 0]","['Callout-Fairness', 'Describe-Need', 'Promote-Coordination']","[0, 1, 1, 0, 0, 0, 1, 0, 0]","{""intents"":[""Callout-Fairness"",""Describe-Need"",""Promote-Coordination""]}"
492-3_utt1_intention,492-3,1,agent_2: OK. Are you need Extra food packages?,Discover-Preference,"[0, 0, 0, 1, 0, 0, 0, 0, 0]",['Discover-Preference'],"[0, 0, 0, 1, 0, 0, 0, 0, 0]","{""intents"":[""Discover-Preference""]}"
492-3_utt2_intention,492-3,2,"agent_1: no, I am okay with food which is why I offered them all to you since all my firewood is ruined. I figured if i gave you 2 water and 3 food you might be able to spare the 3 firewood","No-Need,Promote-Coordination","[0, 0, 0, 0, 0, 1, 1, 0, 0]","['Describe-Need', 'No-Need', 'Promote-Coordination']","[0, 0, 1, 0, 0, 1, 1, 0, 0]","{""intents"":[""Describe-Need"",""No-Need"",""Promote-Coordination""]}"
492-4_utt1_intention,492-4,1,agent_2: No I cant give you all the firewood. I will take atleast one firewood. Also can I have all three water bottles. ,Callout-Fairness,"[0, 1, 0, 0, 0, 0, 0, 0, 0]","['Describe-Need', 'Discover-Preference']","[0, 0, 1, 1, 0, 0, 0, 0, 0]","{""intents"":[""Describe-Need"",""Discover-Preference""]}"
492-4_utt2_intention,492-4,2,"agent_1: the absolute most water I can spare is 2 and , my firewood is pretty much useless. I can give you 2 water and 1 food for 2 of your firewood that is my final offer",No-Intention,"[0, 0, 0, 0, 1, 0, 0, 0, 0]","['Describe-Need', 'Promote-Coordination', 'Callout-Fairness']","[0, 1, 1, 0, 0, 0, 1, 0, 0]","{""intents"":[""Describe-Need"",""Promote-Coordination"",""Callout-Fairness""]}"
492-5_utt1_intention,492-5,1,"agent_2: Ok. I will have 2 water, 2 firewood and 1 food. Am I correct?",No-Intention,"[0, 0, 0, 0, 1, 0, 0, 0, 0]","['Callout-Fairness', 'Promote-Coordination']","[0, 1, 0, 0, 0, 0, 1, 0, 0]","{""intents"":[""Callout-Fairness"",""Promote-Coordination""]}"
492-5_utt2_intention,492-5,2,"agent_1: no, I can give you 2 water and one food if you give me 2 firewood","Callout-Fairness,Promote-Coordination","[0, 1, 0, 0, 0, 0, 1, 0, 0]","['Describe-Need', 'Promote-Coordination']","[0, 0, 1, 0, 0, 0, 1, 0, 0]","{""intents"":[""Describe-Need"",""Promote-Coordination""]}"
492-6_utt1_intention,492-6,1,agent_2: Ok. Can you give atleast two foods for me😮☹️,No-Intention,"[0, 0, 0, 0, 1, 0, 0, 0, 0]","['Describe-Need', 'Show-Empathy']","[0, 0, 1, 0, 0, 0, 0, 1, 0]","{""intents"":[""Describe-Need"",""Show-Empathy""]}"
492-6_utt2_intention,492-6,2,agent_1: okay. so 2 water and 2 food for you and you will give me 2 firewood,Promote-Coordination,"[0, 0, 0, 0, 0, 0, 1, 0, 0]","['Promote-Coordination', 'Callout-Fairness']","[0, 1, 0, 0, 0, 0, 1, 0, 0]","{""intents"":[""Promote-Coordination"",""Callout-Fairness""]}"
492-7_utt1_intention,492-7,1,agent_2: Ok I agree,No-Intention,"[0, 0, 0, 0, 1, 0, 0, 0, 0]",['Promote-Coordination'],"[0, 0, 0, 0, 0, 0, 1, 0, 0]","{""intents"":[""Promote-Coordination""]}"
493-0_utt1_intention,493-0,1,"agent_1: Hello, how are you doing today?",Build-Rapport,"[1, 0, 0, 0, 0, 0, 0, 0, 0]","['Build-Rapport', 'Show-Empathy']","[1, 0, 0, 0, 0, 0, 0, 1, 0]","{""intents"":[""Build-Rapport"",""Show-Empathy""]}"
493-0_utt2_intention,493-0,2,"agent_2: I am doing well, how about you? It is another hot July day.",Build-Rapport,"[1, 0, 0, 0, 0, 0, 0, 0, 0]","['Build-Rapport', 'Show-Empathy']","[1, 0, 0, 0, 0, 0, 0, 1, 0]","{""intents"":[""Build-Rapport"",""Show-Empathy""]}"
493-1_utt1_intention,493-1,1,agent_1: I am doing pretty good. I am going camping this weekend and just double checking to see what extra supplies I need,Build-Rapport,"[1, 0, 0, 0, 0, 0, 0, 0, 0]","['Build-Rapport', 'Describe-Need', 'Promote-Coordination']","[1, 0, 1, 0, 0, 0, 1, 0, 0]","{""intents"":[""Build-Rapport"",""Describe-Need"",""Promote-Coordination""]}"
493-1_utt2_intention,493-1,2,"agent_2: I love camping, have not gone in a while. Have you ever camped by a lake?",Build-Rapport,"[1, 0, 0, 0, 0, 0, 0, 0, 0]","['Build-Rapport', 'Discover-Preference']","[1, 0, 0, 1, 0, 0, 0, 0, 0]","{""intents"":[""Build-Rapport"",""Discover-Preference""]}"
493-2_utt1_intention,493-2,1,agent_1: Yeah! I usually camp by the lake so I can use the lake water when I need extra water.,No-Need,"[0, 0, 0, 0, 0, 1, 0, 0, 0]","['Describe-Need', 'Discover-Preference', 'Build-Rapport']","[1, 0, 1, 1, 0, 0, 0, 0, 0]","{""intents"":[""Describe-Need"",""Discover-Preference"",""Build-Rapport""]}"
493-2_utt2_intention,493-2,2,agent_2: I can understand that. I have done that before. Also done winter camping next to a lake where we tried ice fishing.,No-Intention,"[0, 0, 0, 0, 1, 0, 0, 0, 0]","['Build-Rapport', 'Show-Empathy', 'Discover-Preference']","[1, 0, 0, 1, 0, 0, 0, 1, 0]","{""intents"":[""Build-Rapport"",""Show-Empathy"",""Discover-Preference""]}"
493-3_utt1_intention,493-3,1,"agent_1: That sounds like fun. I checked my list and it looks like I am short on firewood however, would you happen to be able to spare some?","Build-Rapport,Promote-Coordination","[1, 0, 0, 0, 0, 0, 1, 0, 0]","['Describe-Need', 'Promote-Coordination']","[0, 0, 1, 0, 0, 0, 1, 0, 0]","{""intents"":[""Describe-Need"",""Promote-Coordination""]}"
493-3_utt2_intention,493-3,2,agent_2: Yeah I could supply you extra firewood. I would like some extra food if you could spare that.,Promote-Coordination,"[0, 0, 0, 0, 0, 0, 1, 0, 0]","['Describe-Need', 'Promote-Coordination']","[0, 0, 1, 0, 0, 0, 1, 0, 0]","{""intents"":[""Describe-Need"",""Promote-Coordination""]}"
493-4_utt1_intention,493-4,1,"agent_1: Yeah I could. How about I get 2 firewood, 1 food, and 2 water. And you can have the rest?",No-Intention,"[0, 0, 0, 0, 1, 0, 0, 0, 0]","['Describe-Need', 'Promote-Coordination']","[0, 0, 1, 0, 0, 0, 1, 0, 0]","{""intents"":[""Describe-Need"",""Promote-Coordination""]}"
493-4_utt2_intention,493-4,2,agent_2: Yeah that sounds resonable. I hope you can have fun on your trip.🙂,Callout-Fairness,"[0, 1, 0, 0, 0, 0, 0, 0, 0]","['Build-Rapport', 'Show-Empathy', 'Promote-Coordination']","[1, 0, 0, 0, 0, 0, 1, 1, 0]","{""intents"":[""Build-Rapport"",""Show-Empathy"",""Promote-Coordination""]}"
494-0_utt1_intention,494-0,1,agent_2: Hello there! Excited about your camping trip? 🙂,Build-Rapport,"[1, 0, 0, 0, 0, 0, 0, 0, 0]","['Build-Rapport', 'Show-Empathy']","[1, 0, 0, 0, 0, 0, 0, 1, 0]","{""intents"":[""Build-Rapport"",""Show-Empathy""]}"
494-0_utt2_intention,494-0,2,"agent_1: Hello , yes I am , going to have lot fun . Are you excited ?",Build-Rapport,"[1, 0, 0, 0, 0, 0, 0, 0, 0]","['Build-Rapport', 'Show-Empathy', 'Discover-Preference']","[1, 0, 0, 1, 0, 0, 0, 1, 0]","{""intents"":[""Build-Rapport"",""Show-Empathy"",""Discover-Preference""]}"
494-1_utt1_intention,494-1,1,"agent_2: I sure am! There's just the little matter of dividing up the remaining resources, but I'm sure we'll be able to come to an arrangement that suits both of us! What would you say are you most important resources for this trip?","Callout-Fairness,Discover-Preference,Promote-Coordination","[0, 1, 0, 1, 0, 0, 1, 0, 0]","['Build-Rapport', 'Callout-Fairness', 'Promote-Coordination', 'Discover-Preference']","[1, 1, 0, 1, 0, 0, 1, 0, 0]","{""intents"":[""Build-Rapport"",""Callout-Fairness"",""Promote-Coordination"",""Discover-Preference""]}"
494-1_utt2_intention,494-1,2,"agent_1: The food seems to be #1 on my list , if we could find a way to divide this up between us I'd like that a lot 🙂",Promote-Coordination,"[0, 0, 0, 0, 0, 0, 1, 0, 0]","['Describe-Need', 'Promote-Coordination']","[0, 0, 1, 0, 0, 0, 1, 0, 0]","{""intents"":[""Describe-Need"",""Promote-Coordination""]}"
494-2_utt1_intention,494-2,1,agent_2: 😮 Food is #1 for me as well! What a pickle. My #2 is Firewood and my #3 is Water. We can split the Food and divided the Firewood and Food based on how important they are to us.,"Callout-Fairness,Promote-Coordination","[0, 1, 0, 0, 0, 0, 1, 0, 0]","['Describe-Need', 'Discover-Preference', 'Promote-Coordination']","[0, 0, 1, 1, 0, 0, 1, 0, 0]","{""intents"":[""Describe-Need"",""Discover-Preference"",""Promote-Coordination""]}"
494-2_utt2_intention,494-2,2,"agent_1: True we can , I'd be willing to just take one of the foods if you'd be willing to do that ? Then we can decide on the others ",Promote-Coordination,"[0, 0, 0, 0, 0, 0, 1, 0, 0]","['Promote-Coordination', 'Callout-Fairness', 'Describe-Need']","[0, 1, 1, 0, 0, 0, 1, 0, 0]","{""intents"":[""Promote-Coordination"",""Callout-Fairness"",""Describe-Need""]}"
494-3_utt1_intention,494-3,1,"agent_2: 🙂v it sound's like we're on the right track! I'll gladly take 2 Food. How would you feel about taking all of the Water, while I take all of the Firewood?",Promote-Coordination,"[0, 0, 0, 0, 0, 0, 1, 0, 0]","['Promote-Coordination', 'Discover-Preference']","[0, 0, 0, 1, 0, 0, 1, 0, 0]","{""intents"":[""Promote-Coordination"",""Discover-Preference""]}"
494-3_utt2_intention,494-3,2,"agent_1: Not really liking that , but I'd be willing to split the water with you if I could take 2 of those 🙂","Callout-Fairness,Promote-Coordination","[0, 1, 0, 0, 0, 0, 1, 0, 0]","['Callout-Fairness', 'Promote-Coordination', 'Describe-Need']","[0, 1, 1, 0, 0, 0, 1, 0, 0]","{""intents"":[""Callout-Fairness"",""Promote-Coordination"",""Describe-Need""]}"
494-4_utt1_intention,494-4,1,"agent_2: OK, you take 2 of the Water, and I take 1. That just leaves the Firewood. How about 2 for me and 1 for you?",No-Intention,"[0, 0, 0, 0, 1, 0, 0, 0, 0]","['Promote-Coordination', 'Callout-Fairness']","[0, 1, 0, 0, 0, 0, 1, 0, 0]","{""intents"":[""Promote-Coordination"",""Callout-Fairness""]}"
494-4_utt2_intention,494-4,2,"agent_1: That sounds like what I had in mind to do , but let me think a bit more ok ?",No-Intention,"[0, 0, 0, 0, 1, 0, 0, 0, 0]","['Build-Rapport', 'Promote-Coordination']","[1, 0, 0, 0, 0, 0, 1, 0, 0]","{""intents"":[""Build-Rapport"",""Promote-Coordination""]}"
495-0_utt1_intention,495-0,1,"agent_1: Hello, how are you doing today?",Build-Rapport,"[1, 0, 0, 0, 0, 0, 0, 0, 0]","['Build-Rapport', 'Show-Empathy']","[1, 0, 0, 0, 0, 0, 0, 1, 0]","{""intents"":[""Build-Rapport"",""Show-Empathy""]}"
495-0_utt2_intention,495-0,2,agent_2: Very good. How about you?,Build-Rapport,"[1, 0, 0, 0, 0, 0, 0, 0, 0]","['Build-Rapport', 'Show-Empathy']","[1, 0, 0, 0, 0, 0, 0, 1, 0]","{""intents"":[""Build-Rapport"",""Show-Empathy""]}"
495-1_utt1_intention,495-1,1,"agent_1: I'm doing well. I'm looking forward to going on my camping trip but will need some additional items to make sure the trip is safe, healthy, and enjoyable. ",Build-Rapport,"[1, 0, 0, 0, 0, 0, 0, 0, 0]","['Build-Rapport', 'Describe-Need']","[1, 0, 1, 0, 0, 0, 0, 0, 0]","{""intents"":[""Build-Rapport"",""Describe-Need""]}"
495-1_utt2_intention,495-1,2,agent_2: Same here. ,Build-Rapport,"[1, 0, 0, 0, 0, 0, 0, 0, 0]","['Build-Rapport', 'Show-Empathy']","[1, 0, 0, 0, 0, 0, 0, 1, 0]","{""intents"":[""Build-Rapport"",""Show-Empathy""]}"
495-2_utt1_intention,495-2,1,"agent_1: I have diabetes, so it is very important to me that I get extra packages of water and food. When I'm at home, I always need to pack extra drinks and snacks for myself in case I go into shock and need to take medication. The trip could be very dangerous for me if I don't have access to these additional supplies. ",Describe-Need,"[0, 0, 1, 0, 0, 0, 0, 0, 0]","['Describe-Need', 'Show-Empathy']","[0, 0, 1, 0, 0, 0, 0, 1, 0]","{""intents"":[""Describe-Need"",""Show-Empathy""]}"
495-2_utt2_intention,495-2,2,"agent_2: Actually mine own purposeful need is firewood and water. Being on a first time adventure, I lack these items as I was inadequately prepared.",Describe-Need,"[0, 0, 1, 0, 0, 0, 0, 0, 0]","['Describe-Need', 'Promote-Coordination']","[0, 0, 1, 0, 0, 0, 1, 0, 0]","{""intents"":[""Describe-Need"",""Promote-Coordination""]}"
495-3_utt1_intention,495-3,1,"agent_1: Okay, so firewood and water are your two most pressing needs?",Discover-Preference,"[0, 0, 0, 1, 0, 0, 0, 0, 0]","['Discover-Preference', 'Promote-Coordination']","[0, 0, 0, 1, 0, 0, 1, 0, 0]","{""intents"":[""Discover-Preference"",""Promote-Coordination""]}"
495-3_utt2_intention,495-3,2,agent_2: Yes.,No-Intention,"[0, 0, 0, 0, 1, 0, 0, 0, 0]",['No-Intention'],"[0, 0, 0, 0, 1, 0, 0, 0, 0]","{""intents"":[""No-Intention""]}"
495-4_utt1_intention,495-4,1,"agent_1: Okay. I'm willing to give in on the firewood, but I really can't give in on the water or the food. As a diabetic I have to put my health first. ",Promote-Coordination,"[0, 0, 0, 0, 0, 0, 1, 0, 0]","['Describe-Need', 'Show-Empathy', 'Callout-Fairness']","[0, 1, 1, 0, 0, 0, 0, 1, 0]","{""intents"":[""Describe-Need"",""Show-Empathy"",""Callout-Fairness""]}"
495-4_utt2_intention,495-4,2,agent_2: I can give out the food in exchange for the firewood,Promote-Coordination,"[0, 0, 0, 0, 0, 0, 1, 0, 0]","['Describe-Need', 'Promote-Coordination']","[0, 0, 1, 0, 0, 0, 1, 0, 0]","{""intents"":[""Describe-Need"",""Promote-Coordination""]}"
495-5_utt1_intention,495-5,1,"agent_1: Okay. I need all of the water, if you're getting the firewood. ",Promote-Coordination,"[0, 0, 0, 0, 0, 0, 1, 0, 0]","['Describe-Need', 'Callout-Fairness']","[0, 1, 1, 0, 0, 0, 0, 0, 0]","{""intents"":[""Describe-Need"",""Callout-Fairness""]}"
495-5_utt2_intention,495-5,2,agent_2: I can't give out all the water. I need to be hydrated as well. ,Describe-Need,"[0, 0, 1, 0, 0, 0, 0, 0, 0]","['Describe-Need', 'Show-Empathy']","[0, 0, 1, 0, 0, 0, 0, 1, 0]","{""intents"":[""Describe-Need"",""Show-Empathy""]}"
495-6_utt1_intention,495-6,1,"agent_1: You already have all the basics, though, so you won't lack sufficient water to be hydrated. I have a serious medical condition that requires that I have access to additional water. ","Describe-Need,Undermine-Requirements","[0, 0, 1, 0, 0, 0, 0, 0, 1]","['Callout-Fairness', 'Describe-Need', 'Show-Empathy']","[0, 1, 1, 0, 0, 0, 0, 1, 0]","{""intents"":[""Callout-Fairness"",""Describe-Need"",""Show-Empathy""]}"
495-6_utt2_intention,495-6,2,agent_2: The maximum bundle I can give is all packages of food + 1 package of water,No-Intention,"[0, 0, 0, 0, 1, 0, 0, 0, 0]","['Describe-Need', 'Promote-Coordination']","[0, 0, 1, 0, 0, 0, 1, 0, 0]","{""intents"":[""Describe-Need"",""Promote-Coordination""]}"
495-7_utt1_intention,495-7,1,"agent_1: Sorry, that won't work for me. I've already said that I have a medical condition that requires additional water. You do not need that much water just to be hydrated -- you already have basic water. I can give you all of the firewood, but I need all of the water. ","Callout-Fairness,Describe-Need,Undermine-Requirements","[0, 1, 1, 0, 0, 0, 0, 0, 1]","['Describe-Need', 'Callout-Fairness', 'Undermine-Requirements']","[0, 1, 1, 0, 0, 0, 0, 0, 1]","{""intents"":[""Describe-Need"",""Callout-Fairness"",""Undermine-Requirements""]}"
495-7_utt2_intention,495-7,2,agent_2: In that case I exchange all the water only for all your firewood,Promote-Coordination,"[0, 0, 0, 0, 0, 0, 1, 0, 0]","['Describe-Need', 'Callout-Fairness', 'Promote-Coordination']","[0, 1, 1, 0, 0, 0, 1, 0, 0]","{""intents"":[""Describe-Need"",""Callout-Fairness"",""Promote-Coordination""]}"
495-8_utt1_intention,495-8,1,"agent_1: I can give you all the firewood - but as a diabetic, I still need at least one extra package of food for my blood sugar levels. So, as my final offer I can give you all of the firewood, and two extra packages of food. Do you agree to these terms?",No-Intention,"[0, 0, 0, 0, 1, 0, 0, 0, 0]","['Describe-Need', 'Promote-Coordination', 'Show-Empathy']","[0, 0, 1, 0, 0, 0, 1, 1, 0]","{""intents"":[""Describe-Need"",""Promote-Coordination"",""Show-Empathy""]}"
495-8_utt2_intention,495-8,2,"agent_2: No, I give out only one extra package of food",Callout-Fairness,"[0, 1, 0, 0, 0, 0, 0, 0, 0]","['No-Intention', 'Describe-Need']","[0, 0, 1, 0, 1, 0, 0, 0, 0]","{""intents"":[""No-Intention"",""Describe-Need""]}"
495-9_utt1_intention,495-9,1,"agent_1: I think you misunderstood what I said. I said that *you* would receive all of the firewood, and two extra packages of food. ",No-Intention,"[0, 0, 0, 0, 1, 0, 0, 0, 0]","['Callout-Fairness', 'Describe-Need', 'Promote-Coordination']","[0, 1, 1, 0, 0, 0, 1, 0, 0]","{""intents"":[""Callout-Fairness"",""Describe-Need"",""Promote-Coordination""]}"
495-9_utt2_intention,495-9,2,agent_2: ok,No-Intention,"[0, 0, 0, 0, 1, 0, 0, 0, 0]",['No-Intention'],"[0, 0, 0, 0, 1, 0, 0, 0, 0]","{""intents"":[""No-Intention""]}"
495-10_utt1_intention,495-10,1,"agent_1: Ok, great. It was nice negotiating with you.",Build-Rapport,"[1, 0, 0, 0, 0, 0, 0, 0, 0]",['Build-Rapport'],"[1, 0, 0, 0, 0, 0, 0, 0, 0]","{""intents"":[""Build-Rapport""]}"
495-10_utt2_intention,495-10,2,agent_2: same here,Build-Rapport,"[1, 0, 0, 0, 0, 0, 0, 0, 0]",['Build-Rapport'],"[1, 0, 0, 0, 0, 0, 0, 0, 0]","{""intents"":[""Build-Rapport""]}"
496-0_utt1_intention,496-0,1,agent_2: Hi there.  I'm hoping we can make a deal about me getting firewood.  I get really cold at night and I'd love to have my fire still going in the morning for coffee - I'd gladly share some if you pop by my campsite.,Describe-Need,"[0, 0, 1, 0, 0, 0, 0, 0, 0]","['Describe-Need', 'Promote-Coordination', 'Build-Rapport']","[1, 0, 1, 0, 0, 0, 1, 0, 0]","{""intents"":[""Describe-Need"",""Promote-Coordination"",""Build-Rapport""]}"
496-0_utt2_intention,496-0,2,agent_1: I am in dire need of firewood myself. I was planning on bringing food that needed to be cooked over flame. 😮,Describe-Need,"[0, 0, 1, 0, 0, 0, 0, 0, 0]","['Describe-Need', 'Promote-Coordination']","[0, 0, 1, 0, 0, 0, 1, 0, 0]","{""intents"":[""Describe-Need"",""Promote-Coordination""]}"
496-1_utt1_intention,496-1,1,"agent_2: Well maybe we can find a way to split it!  This isn't a problem we can't solve.  Are you in need of food too, then?","Discover-Preference,Promote-Coordination","[0, 0, 0, 1, 0, 0, 1, 0, 0]","['Promote-Coordination', 'Discover-Preference']","[0, 0, 0, 1, 0, 0, 1, 0, 0]","{""intents"":[""Promote-Coordination"",""Discover-Preference""]}"
496-1_utt2_intention,496-1,2,"agent_1: That would be great! I don't need food as much as I am in need of firewood, to be honest.",No-Intention,"[0, 0, 0, 0, 1, 0, 0, 0, 0]","['Describe-Need', 'Promote-Coordination']","[0, 0, 1, 0, 0, 0, 1, 0, 0]","{""intents"":[""Describe-Need"",""Promote-Coordination""]}"
496-2_utt1_intention,496-2,1,agent_2: I brought purification tablets so I can make do with rainwater or river water.  How about you?,Discover-Preference,"[0, 0, 0, 1, 0, 0, 0, 0, 0]","['Describe-Need', 'Discover-Preference', 'Promote-Coordination']","[0, 0, 1, 1, 0, 0, 1, 0, 0]","{""intents"":[""Describe-Need"",""Discover-Preference"",""Promote-Coordination""]}"
496-2_utt2_intention,496-2,2,agent_1: That's very smart! 🙂 Way to be prepared! I didn't think to do that.,Build-Rapport,"[1, 0, 0, 0, 0, 0, 0, 0, 0]","['Build-Rapport', 'Show-Empathy']","[1, 0, 0, 0, 0, 0, 0, 1, 0]","{""intents"":[""Build-Rapport"",""Show-Empathy""]}"
496-3_utt1_intention,496-3,1,"agent_2: So if we were to split the firewood more in your favor and I were to take all the food, and then we kind of split the water, I think we could maybe make a deal here?  🙂","Callout-Fairness,Promote-Coordination","[0, 1, 0, 0, 0, 0, 1, 0, 0]","['Callout-Fairness', 'Promote-Coordination']","[0, 1, 0, 0, 0, 0, 1, 0, 0]","{""intents"":[""Callout-Fairness"",""Promote-Coordination""]}"
496-3_utt2_intention,496-3,2,agent_1: I think that is definitely doable! I'd be glad to make a deal with you. Thanks for being so reasonable! 🙂🙂,Callout-Fairness,"[0, 1, 0, 0, 0, 0, 0, 0, 0]","['Build-Rapport', 'Callout-Fairness', 'Promote-Coordination']","[1, 1, 0, 0, 0, 0, 1, 0, 0]","{""intents"":[""Build-Rapport"",""Callout-Fairness"",""Promote-Coordination""]}"
496-4_utt1_intention,496-4,1,"agent_2: So I'm proposing 1 firewood to me, 2 to you.  3 food to me.  And 2 water to me, 1 to you.  Can we work with that?  Firewood seems to be important to the both of us so I'm giving up things here.",Callout-Fairness,"[0, 1, 0, 0, 0, 0, 0, 0, 0]","['Callout-Fairness', 'Promote-Coordination', 'Describe-Need']","[0, 1, 1, 0, 0, 0, 1, 0, 0]","{""intents"":[""Callout-Fairness"",""Promote-Coordination"",""Describe-Need""]}"
496-4_utt2_intention,496-4,2,agent_1: Yes I think that will work just fine. Firewood is important especially because I usually find my food in the woods.,"Describe-Need,No-Need","[0, 0, 1, 0, 0, 1, 0, 0, 0]","['Callout-Fairness', 'Describe-Need', 'Promote-Coordination']","[0, 1, 1, 0, 0, 0, 1, 0, 0]","{""intents"":[""Callout-Fairness"",""Describe-Need"",""Promote-Coordination""]}"
497-0_utt1_intention,497-0,1,"agent_2: Hello, I think that my first deal will be fair 🙂",Callout-Fairness,"[0, 1, 0, 0, 0, 0, 0, 0, 0]","['Build-Rapport', 'Callout-Fairness']","[1, 1, 0, 0, 0, 0, 0, 0, 0]","{""intents"":[""Build-Rapport"",""Callout-Fairness""]}"
497-0_utt2_intention,497-0,2,agent_1: Well that's interesting because I don't even know what is is.,Build-Rapport,"[1, 0, 0, 0, 0, 0, 0, 0, 0]",['No-Intention'],"[0, 0, 0, 0, 1, 0, 0, 0, 0]","{""intents"":[""No-Intention""]}"
497-1_utt1_intention,497-1,1,agent_2: We aren't allowed to submit it just yet. So let's chat. What do you value most among the items?,Discover-Preference,"[0, 0, 0, 1, 0, 0, 0, 0, 0]","['Promote-Coordination', 'Discover-Preference']","[0, 0, 0, 1, 0, 0, 1, 0, 0]","{""intents"":[""Promote-Coordination"",""Discover-Preference""]}"
497-1_utt2_intention,497-1,2,agent_1: Please don't try to order me around. 😡 I require a majority of water.,No-Intention,"[0, 0, 0, 0, 1, 0, 0, 0, 0]","['Callout-Fairness', 'Describe-Need', 'Undermine-Requirements']","[0, 1, 1, 0, 0, 0, 0, 0, 1]","{""intents"":[""Callout-Fairness"",""Describe-Need"",""Undermine-Requirements""]}"
497-2_utt1_intention,497-2,1,agent_2: Let's be reasonable here. If you are nice to me I'll be nice to you. I'll take the majority of the wood and food if you want most water.,"Callout-Fairness,Promote-Coordination","[0, 1, 0, 0, 0, 0, 1, 0, 0]","['Build-Rapport', 'Callout-Fairness', 'Promote-Coordination']","[1, 1, 0, 0, 0, 0, 1, 0, 0]","{""intents"":[""Build-Rapport"",""Callout-Fairness"",""Promote-Coordination""]}"
497-2_utt2_intention,497-2,2,agent_1: Again don't patronize me.  What is your main focus?,Discover-Preference,"[0, 0, 0, 1, 0, 0, 0, 0, 0]","['Callout-Fairness', 'Discover-Preference', 'Undermine-Requirements']","[0, 1, 0, 1, 0, 0, 0, 0, 1]","{""intents"":[""Callout-Fairness"",""Discover-Preference"",""Undermine-Requirements""]}"
497-3_utt1_intention,497-3,1,agent_2: Please grow up. No one is patronizing you. I'm trying to negotiate. Don't be so emotional okay?,Build-Rapport,"[1, 0, 0, 0, 0, 0, 0, 0, 0]","['Undermine-Requirements', 'Promote-Coordination']","[0, 0, 0, 0, 0, 0, 1, 0, 1]","{""intents"":[""Undermine-Requirements"",""Promote-Coordination""]}"
497-3_utt2_intention,497-3,2,agent_1: Grow up. 🙂 This was too easy.  Now please answer the question.,Build-Rapport,"[1, 0, 0, 0, 0, 0, 0, 0, 0]","['Callout-Fairness', 'Undermine-Requirements']","[0, 1, 0, 0, 0, 0, 0, 0, 1]","{""intents"":[""Callout-Fairness"",""Undermine-Requirements""]}"
497-4_utt1_intention,497-4,1,agent_2: I just told what I want in exchange for majority of the water. I'll take most of the food and wood. Or else you make out way better than I do.,"Callout-Fairness,Promote-Coordination","[0, 1, 0, 0, 0, 0, 1, 0, 0]","['Describe-Need', 'Discover-Preference', 'Promote-Coordination']","[0, 0, 1, 1, 0, 0, 1, 0, 0]","{""intents"":[""Describe-Need"",""Discover-Preference"",""Promote-Coordination""]}"
497-4_utt2_intention,497-4,2,agent_1: That is not what I asked.  Is your main focus water?,Discover-Preference,"[0, 0, 0, 1, 0, 0, 0, 0, 0]","['Callout-Fairness', 'Discover-Preference']","[0, 1, 0, 1, 0, 0, 0, 0, 0]","{""intents"":[""Callout-Fairness"",""Discover-Preference""]}"
497-5_utt1_intention,497-5,1,agent_2: I'm tired of repeating myself. I'll just submit the deal.,No-Intention,"[0, 0, 0, 0, 1, 0, 0, 0, 0]","['No-Intention', 'Undermine-Requirements']","[0, 0, 0, 0, 1, 0, 0, 0, 1]","{""intents"":[""No-Intention"",""Undermine-Requirements""]}"
497-5_utt2_intention,497-5,2,agent_1: Ok.,No-Intention,"[0, 0, 0, 0, 1, 0, 0, 0, 0]",['No-Intention'],"[0, 0, 0, 0, 1, 0, 0, 0, 0]","{""intents"":[""No-Intention""]}"
497-6_utt1_intention,497-6,1,agent_1: What is your main focus?,Promote-Coordination,"[0, 0, 0, 0, 0, 0, 1, 0, 0]",['Discover-Preference'],"[0, 0, 0, 1, 0, 0, 0, 0, 0]","{""intents"":[""Discover-Preference""]}"
498-0_utt1_intention,498-0,1,agent_2: Hey how's it going?,Build-Rapport,"[1, 0, 0, 0, 0, 0, 0, 0, 0]",['Build-Rapport'],"[1, 0, 0, 0, 0, 0, 0, 0, 0]","{""intents"":[""Build-Rapport""]}"
498-0_utt2_intention,498-0,2,"agent_1: Not bad, yourself?",Build-Rapport,"[1, 0, 0, 0, 0, 0, 0, 0, 0]",['Build-Rapport'],"[1, 0, 0, 0, 0, 0, 0, 0, 0]","{""intents"":[""Build-Rapport""]}"
498-1_utt1_intention,498-1,1,agent_2: Pretty good. The kids are looking forward to this weekend's camping trip. ,Build-Rapport,"[1, 0, 0, 0, 0, 0, 0, 0, 0]","['Build-Rapport', 'Show-Empathy']","[1, 0, 0, 0, 0, 0, 0, 1, 0]","{""intents"":[""Build-Rapport"",""Show-Empathy""]}"
498-1_utt2_intention,498-1,2,"agent_1: I see, thankfully I do not have any.",Build-Rapport,"[1, 0, 0, 0, 0, 0, 0, 0, 0]","['Build-Rapport', 'No-Need']","[1, 0, 0, 0, 0, 1, 0, 0, 0]","{""intents"":[""Build-Rapport"",""No-Need""]}"
498-2_utt1_intention,498-2,1,agent_2: yeah we got a lot of things planned for them at the campgrounds. they're going to be pretty busy,Build-Rapport,"[1, 0, 0, 0, 0, 0, 0, 0, 0]","['Build-Rapport', 'Describe-Need']","[1, 0, 1, 0, 0, 0, 0, 0, 0]","{""intents"":[""Build-Rapport"",""Describe-Need""]}"
498-2_utt2_intention,498-2,2,agent_1: So what is your main focus this trip?,Discover-Preference,"[0, 0, 0, 1, 0, 0, 0, 0, 0]",['Discover-Preference'],"[0, 0, 0, 1, 0, 0, 0, 0, 0]","{""intents"":[""Discover-Preference""]}"
498-3_utt1_intention,498-3,1,agent_2: one of my kids is on medication so we are going to need to pack a lot of water. so if could spare that it would be appreciated.,"Describe-Need,Promote-Coordination","[0, 0, 1, 0, 0, 0, 1, 0, 0]","['Describe-Need', 'Show-Empathy']","[0, 0, 1, 0, 0, 0, 0, 1, 0]","{""intents"":[""Describe-Need"",""Show-Empathy""]}"
498-3_utt2_intention,498-3,2,"agent_1: Well sadly I plan to go hiking a lot so I will need lots of water, but perhaps we can come to a reasonable agreement if I have to shorten my hikes.","Callout-Fairness,Describe-Need","[0, 1, 1, 0, 0, 0, 0, 0, 0]","['Callout-Fairness', 'Describe-Need', 'Promote-Coordination']","[0, 1, 1, 0, 0, 0, 1, 0, 0]","{""intents"":[""Callout-Fairness"",""Describe-Need"",""Promote-Coordination""]}"
498-4_utt1_intention,498-4,1,agent_2: ok what do you have in mind?,Promote-Coordination,"[0, 0, 0, 0, 0, 0, 1, 0, 0]","['Discover-Preference', 'Promote-Coordination']","[0, 0, 0, 1, 0, 0, 1, 0, 0]","{""intents"":[""Discover-Preference"",""Promote-Coordination""]}"
498-4_utt2_intention,498-4,2,"agent_1: Well if I gave you a majority of the water, I would like 1 water, 3 firewood and 1 food.",Promote-Coordination,"[0, 0, 0, 0, 0, 0, 1, 0, 0]","['Callout-Fairness', 'Describe-Need', 'Promote-Coordination']","[0, 1, 1, 0, 0, 0, 1, 0, 0]","{""intents"":[""Callout-Fairness"",""Describe-Need"",""Promote-Coordination""]}"
498-5_utt1_intention,498-5,1,"agent_2: so I would have 2 water, 2 food and 1 firewood? My kids were looking forward to making s'mores. If I could get 2 water, 2 firewood and one food, that would be great!",Describe-Need,"[0, 0, 1, 0, 0, 0, 0, 0, 0]","['Describe-Need', 'Discover-Preference', 'Show-Empathy']","[0, 0, 1, 1, 0, 0, 0, 1, 0]","{""intents"":[""Describe-Need"",""Discover-Preference"",""Show-Empathy""]}"
498-5_utt2_intention,498-5,2,"agent_1: You would get 2 water and 2 food, I would get 1 water and 1 food for hiking and 3 firewood for having to stay out longer in the dark to complete my hiking goals.",Describe-Need,"[0, 0, 1, 0, 0, 0, 0, 0, 0]","['Callout-Fairness', 'Promote-Coordination']","[0, 1, 0, 0, 0, 0, 1, 0, 0]","{""intents"":[""Callout-Fairness"",""Promote-Coordination""]}"
498-6_utt1_intention,498-6,1,agent_2: doesn't really seem fair for you to get all the firewood. I would like to have at least one because then we're completely in the dark.,Callout-Fairness,"[0, 1, 0, 0, 0, 0, 0, 0, 0]","['Callout-Fairness', 'Describe-Need']","[0, 1, 1, 0, 0, 0, 0, 0, 0]","{""intents"":[""Callout-Fairness"",""Describe-Need""]}"
498-6_utt2_intention,498-6,2,"agent_1: You get lots of water and food for your children, I am cutting back on my goals by giving up energy which means I have spend more time outside hiking.  I do need to stay warm","Describe-Need,Undermine-Requirements","[0, 0, 1, 0, 0, 0, 0, 0, 1]","['Callout-Fairness', 'Describe-Need', 'Show-Empathy']","[0, 1, 1, 0, 0, 0, 0, 1, 0]","{""intents"":[""Callout-Fairness"",""Describe-Need"",""Show-Empathy""]}"
498-7_utt1_intention,498-7,1,agent_2: yes which is why you have two firewood. I think it is fair for me to get at least one. If food is so important to you then I'll give you two food. but we would be in the dark,Callout-Fairness,"[0, 1, 0, 0, 0, 0, 0, 0, 0]","['Callout-Fairness', 'Describe-Need', 'Promote-Coordination']","[0, 1, 1, 0, 0, 0, 1, 0, 0]","{""intents"":[""Callout-Fairness"",""Describe-Need"",""Promote-Coordination""]}"
498-7_utt2_intention,498-7,2,agent_1: I suppose that's fair enough.,Callout-Fairness,"[0, 1, 0, 0, 0, 0, 0, 0, 0]","['Callout-Fairness', 'Promote-Coordination']","[0, 1, 0, 0, 0, 0, 1, 0, 0]","{""intents"":[""Callout-Fairness"",""Promote-Coordination""]}"
499-0_utt1_intention,499-0,1,agent_1: Hello 🙂What would you like to do with this deal?,Build-Rapport,"[1, 0, 0, 0, 0, 0, 0, 0, 0]","['Build-Rapport', 'Discover-Preference']","[1, 0, 0, 1, 0, 0, 0, 0, 0]","{""intents"":[""Build-Rapport"",""Discover-Preference""]}"
499-0_utt2_intention,499-0,2,"agent_2: My friend ended up having a medical emergency and couldn't go to the store when I asked her to get food. Because of that, I would like 3 food packages. I had to go help her with the medical forms and didn't have time to shop","Build-Rapport,Describe-Need","[1, 0, 1, 0, 0, 0, 0, 0, 0]","['Describe-Need', 'Show-Empathy']","[0, 0, 1, 0, 0, 0, 0, 1, 0]","{""intents"":[""Describe-Need"",""Show-Empathy""]}"
499-1_utt1_intention,499-1,1,agent_1: Yes I can give you the three food but I need 2 water. I can become very thirsty. ,Describe-Need,"[0, 0, 1, 0, 0, 0, 0, 0, 0]","['Describe-Need', 'Promote-Coordination']","[0, 0, 1, 0, 0, 0, 1, 0, 0]","{""intents"":[""Describe-Need"",""Promote-Coordination""]}"
499-1_utt2_intention,499-1,2,agent_2: Yes that is totally fine with me. What about firewood,No-Intention,"[0, 0, 0, 0, 1, 0, 0, 0, 0]","['Promote-Coordination', 'Discover-Preference']","[0, 0, 0, 1, 0, 0, 1, 0, 0]","{""intents"":[""Promote-Coordination"",""Discover-Preference""]}"
499-2_utt1_intention,499-2,1,agent_1: I can give you 1 of the firewood. I would like to stay warm at night so I want 2. 😮,Describe-Need,"[0, 0, 1, 0, 0, 0, 0, 0, 0]","['Describe-Need', 'Show-Empathy']","[0, 0, 1, 0, 0, 0, 0, 1, 0]","{""intents"":[""Describe-Need"",""Show-Empathy""]}"
499-2_utt2_intention,499-2,2,agent_2: Hmm that's going to be hard for me because I also get cold. what other reasons do you have?,Describe-Need,"[0, 0, 1, 0, 0, 0, 0, 0, 0]","['Show-Empathy', 'Callout-Fairness', 'Describe-Need']","[0, 1, 1, 0, 0, 0, 0, 1, 0]","{""intents"":[""Show-Empathy"",""Callout-Fairness"",""Describe-Need""]}"
499-3_utt1_intention,499-3,1,agent_1: I like to have a big fire so that I can feel good at night. I can get lonely at night. ☹️,Describe-Need,"[0, 0, 1, 0, 0, 0, 0, 0, 0]","['Show-Empathy', 'Describe-Need']","[0, 0, 1, 0, 0, 0, 0, 1, 0]","{""intents"":[""Show-Empathy"",""Describe-Need""]}"
499-3_utt2_intention,499-3,2,agent_2: aww that's sad! I think I can do that then. ,Show-Empathy,"[0, 0, 0, 0, 0, 0, 0, 1, 0]","['Build-Rapport', 'Show-Empathy', 'Promote-Coordination']","[1, 0, 0, 0, 0, 0, 1, 1, 0]","{""intents"":[""Build-Rapport"",""Show-Empathy"",""Promote-Coordination""]}"
499-4_utt1_intention,499-4,1,agent_1: Thank you so much. Do you have any things you might need?,Build-Rapport,"[1, 0, 0, 0, 0, 0, 0, 0, 0]","['Build-Rapport', 'Discover-Preference', 'Promote-Coordination']","[1, 0, 0, 1, 0, 0, 1, 0, 0]","{""intents"":[""Build-Rapport"",""Discover-Preference"",""Promote-Coordination""]}"
499-4_utt2_intention,499-4,2,"agent_2: I think having 3 food, 1 firewood, and 1 water like we have discussed is what I need. You can have the rest. ",No-Intention,"[0, 0, 0, 0, 1, 0, 0, 0, 0]","['Describe-Need', 'Promote-Coordination']","[0, 0, 1, 0, 0, 0, 1, 0, 0]","{""intents"":[""Describe-Need"",""Promote-Coordination""]}"
500-0_utt1_intention,500-0,1,"agent_1: It's been so cold these last few days, I'm worried that I didn't bring enough wood for the next few nights.",Describe-Need,"[0, 0, 1, 0, 0, 0, 0, 0, 0]","['Describe-Need', 'Show-Empathy']","[0, 0, 1, 0, 0, 0, 0, 1, 0]","{""intents"":[""Describe-Need"",""Show-Empathy""]}"
500-0_utt2_intention,500-0,2,agent_2: That is unfortunate. How about I give you are my firewood for all your food?,"Promote-Coordination,Show-Empathy","[0, 0, 0, 0, 0, 0, 1, 1, 0]","['Show-Empathy', 'Promote-Coordination']","[0, 0, 0, 0, 0, 0, 1, 1, 0]","{""intents"":[""Show-Empathy"",""Promote-Coordination""]}"
500-1_utt1_intention,500-1,1,agent_1: That is a very generous offer but I think I need to keep some food to be safe. Do you need any water?,"Callout-Fairness,Discover-Preference","[0, 1, 0, 1, 0, 0, 0, 0, 0]","['Show-Empathy', 'Describe-Need', 'No-Need']","[0, 0, 1, 0, 0, 1, 0, 1, 0]","{""intents"":[""Show-Empathy"",""Describe-Need"",""No-Need""]}"
500-1_utt2_intention,500-1,2,"agent_2: I can use water, yes. You could have all the firewood, one food ration. Then I could take the water rations and two food rations. ",No-Intention,"[0, 0, 0, 0, 1, 0, 0, 0, 0]","['Describe-Need', 'Promote-Coordination']","[0, 0, 1, 0, 0, 0, 1, 0, 0]","{""intents"":[""Describe-Need"",""Promote-Coordination""]}"
500-2_utt1_intention,500-2,1,"agent_1: Actually, I'd like to keep some water as well in case it gets so cold that the lakes and other water sources freeze.",Describe-Need,"[0, 0, 1, 0, 0, 0, 0, 0, 0]","['Describe-Need', 'Show-Empathy']","[0, 0, 1, 0, 0, 0, 0, 1, 0]","{""intents"":[""Describe-Need"",""Show-Empathy""]}"
500-2_utt2_intention,500-2,2,"agent_2: Well, I need as much food as possible. You seem to want firewood. How about you suggest something.",Promote-Coordination,"[0, 0, 0, 0, 0, 0, 1, 0, 0]","['Describe-Need', 'Discover-Preference', 'Promote-Coordination']","[0, 0, 1, 1, 0, 0, 1, 0, 0]","{""intents"":[""Describe-Need"",""Discover-Preference"",""Promote-Coordination""]}"
500-3_utt1_intention,500-3,1,"agent_1: That's a good idea.Let me think. How about 3 Firewood, 1 Food and 2 waters for me.",No-Intention,"[0, 0, 0, 0, 1, 0, 0, 0, 0]","['Promote-Coordination', 'Describe-Need']","[0, 0, 1, 0, 0, 0, 1, 0, 0]","{""intents"":[""Promote-Coordination"",""Describe-Need""]}"
500-3_utt2_intention,500-3,2,agent_2: That will not work for me at all. ,Callout-Fairness,"[0, 1, 0, 0, 0, 0, 0, 0, 0]","['No-Intention', 'Undermine-Requirements']","[0, 0, 0, 0, 1, 0, 0, 0, 1]","{""intents"":[""No-Intention"",""Undermine-Requirements""]}"
500-4_utt1_intention,500-4,1,"agent_1: I see. Then how does 2 Firewood, 1 food and 1 water for me sound? You'll be getting 1, Wood 2 Foods and 1 Water",No-Intention,"[0, 0, 0, 0, 1, 0, 0, 0, 0]","['Describe-Need', 'Promote-Coordination']","[0, 0, 1, 0, 0, 0, 1, 0, 0]","{""intents"":[""Describe-Need"",""Promote-Coordination""]}"
500-4_utt2_intention,500-4,2,"agent_2: Your calculations are incorrect. There are 3 firewood, 3 food, and 3 water. You are missing a water. I will return to my original offer since you need firewood the most and I need food the most. I take all the food, you take all the wood. And then you can take 1 water as you just suggested. ",No-Intention,"[0, 0, 0, 0, 1, 0, 0, 0, 0]","['Callout-Fairness', 'Describe-Need', 'Promote-Coordination']","[0, 1, 1, 0, 0, 0, 1, 0, 0]","{""intents"":[""Callout-Fairness"",""Describe-Need"",""Promote-Coordination""]}"
500-5_utt1_intention,500-5,1,agent_1: That will work fine with me. Please enjoy your food and two waters.,No-Intention,"[0, 0, 0, 0, 1, 0, 0, 0, 0]","['Build-Rapport', 'Promote-Coordination']","[1, 0, 0, 0, 0, 0, 1, 0, 0]","{""intents"":[""Build-Rapport"",""Promote-Coordination""]}"
500-5_utt2_intention,500-5,2,"agent_2: Thank you, you as well. ",No-Intention,"[0, 0, 0, 0, 1, 0, 0, 0, 0]",['Build-Rapport'],"[1, 0, 0, 0, 0, 0, 0, 0, 0]","{""intents"":[""Build-Rapport""]}"
501-0_utt1_intention,501-0,1,"agent_1: Hello, how are you doing today?",Build-Rapport,"[1, 0, 0, 0, 0, 0, 0, 0, 0]","['Build-Rapport', 'Show-Empathy']","[1, 0, 0, 0, 0, 0, 0, 1, 0]","{""intents"":[""Build-Rapport"",""Show-Empathy""]}"
501-0_utt2_intention,501-0,2,agent_2: Hi! I am doing good.What about you?,Build-Rapport,"[1, 0, 0, 0, 0, 0, 0, 0, 0]","['Build-Rapport', 'Show-Empathy']","[1, 0, 0, 0, 0, 0, 0, 1, 0]","{""intents"":[""Build-Rapport"",""Show-Empathy""]}"
501-1_utt1_intention,501-1,1,"agent_1: Doing well, I'm exciting about my next camping trip with my family. ",Build-Rapport,"[1, 0, 0, 0, 0, 0, 0, 0, 0]","['Build-Rapport', 'Describe-Need']","[1, 0, 1, 0, 0, 0, 0, 0, 0]","{""intents"":[""Build-Rapport"",""Describe-Need""]}"
501-1_utt2_intention,501-1,2,agent_2: Yeah that's fine.What you need the most?,Discover-Preference,"[0, 0, 0, 1, 0, 0, 0, 0, 0]","['Build-Rapport', 'Discover-Preference']","[1, 0, 0, 1, 0, 0, 0, 0, 0]","{""intents"":[""Build-Rapport"",""Discover-Preference""]}"
501-2_utt1_intention,501-2,1,agent_1: I need food because I have mouths to feed and maybe a firewood?,Describe-Need,"[0, 0, 1, 0, 0, 0, 0, 0, 0]",['Describe-Need'],"[0, 0, 1, 0, 0, 0, 0, 0, 0]","{""intents"":[""Describe-Need""]}"
501-2_utt2_intention,501-2,2,agent_2: Okay . How much You need each?,No-Intention,"[0, 0, 0, 0, 1, 0, 0, 0, 0]","['Discover-Preference', 'Promote-Coordination']","[0, 0, 0, 1, 0, 0, 1, 0, 0]","{""intents"":[""Discover-Preference"",""Promote-Coordination""]}"
501-3_utt1_intention,501-3,1,agent_1: 3 Food and 1 Firewood? You get the rest?,No-Intention,"[0, 0, 0, 0, 1, 0, 0, 0, 0]","['Describe-Need', 'Promote-Coordination']","[0, 0, 1, 0, 0, 0, 1, 0, 0]","{""intents"":[""Describe-Need"",""Promote-Coordination""]}"
501-3_utt2_intention,501-3,2,agent_2: That's fine.I will accept your deal.Tell me the reason why you need the item?,Discover-Preference,"[0, 0, 0, 1, 0, 0, 0, 0, 0]","['Promote-Coordination', 'Describe-Need']","[0, 0, 1, 0, 0, 0, 1, 0, 0]","{""intents"":[""Promote-Coordination"",""Describe-Need""]}"
501-4_utt1_intention,501-4,1,"agent_1: Food for the family, and firewood is a good tool to purify water and cook. Also wanted to make a win-win deal","Callout-Fairness,Describe-Need","[0, 1, 1, 0, 0, 0, 0, 0, 0]","['Describe-Need', 'Callout-Fairness']","[0, 1, 1, 0, 0, 0, 0, 0, 0]","{""intents"":[""Describe-Need"",""Callout-Fairness""]}"
501-4_utt2_intention,501-4,2,agent_2: Good.You explained me very well.I like your demand and your needs. ,No-Intention,"[0, 0, 0, 0, 1, 0, 0, 0, 0]","['Build-Rapport', 'Show-Empathy']","[1, 0, 0, 0, 0, 0, 0, 1, 0]","{""intents"":[""Build-Rapport"",""Show-Empathy""]}"
502-0_utt1_intention,502-0,1,"agent_1: Hi there, how are you doing today?",Build-Rapport,"[1, 0, 0, 0, 0, 0, 0, 0, 0]",['Build-Rapport'],"[1, 0, 0, 0, 0, 0, 0, 0, 0]","{""intents"":[""Build-Rapport""]}"
502-0_utt2_intention,502-0,2,"agent_2: I am doing well, thanks! ",Build-Rapport,"[1, 0, 0, 0, 0, 0, 0, 0, 0]",['Build-Rapport'],"[1, 0, 0, 0, 0, 0, 0, 0, 0]","{""intents"":[""Build-Rapport""]}"
502-1_utt1_intention,502-1,1,agent_1: That's good to hear. I am going camping this weekend and need some extra supplies. What about you?,Build-Rapport,"[1, 0, 0, 0, 0, 0, 0, 0, 0]","['Build-Rapport', 'Describe-Need', 'Discover-Preference']","[1, 0, 1, 1, 0, 0, 0, 0, 0]","{""intents"":[""Build-Rapport"",""Describe-Need"",""Discover-Preference""]}"
502-1_utt2_intention,502-1,2,agent_2: That's great! I also have a comping trip planned. We will be having an all night dance party. I could definitely use some extra supplies. What are you in need of the most?,"Build-Rapport,Discover-Preference","[1, 0, 0, 1, 0, 0, 0, 0, 0]","['Build-Rapport', 'Describe-Need', 'Discover-Preference', 'Promote-Coordination']","[1, 0, 1, 1, 0, 0, 1, 0, 0]","{""intents"":[""Build-Rapport"",""Describe-Need"",""Discover-Preference"",""Promote-Coordination""]}"
502-2_utt1_intention,502-2,1,"agent_1: That sounds like fun. I am pretty good at hunting and fishing, so I really don't need the extra food. I would like some extra firewood however. That would help cook the food and keep animals and insects away at night","Describe-Need,No-Need","[0, 0, 1, 0, 0, 1, 0, 0, 0]","['Build-Rapport', 'Describe-Need', 'Promote-Coordination']","[1, 0, 1, 0, 0, 0, 1, 0, 0]","{""intents"":[""Build-Rapport"",""Describe-Need"",""Promote-Coordination""]}"
502-2_utt2_intention,502-2,2,agent_2: Ugh ☹️ I too could really use the firewood. We need that campfire going all night to be able to socialize. How about water? Do you have enough? Do you need more?,"Describe-Need,Discover-Preference","[0, 0, 1, 1, 0, 0, 0, 0, 0]","['Show-Empathy', 'Describe-Need', 'Promote-Coordination']","[0, 0, 1, 0, 0, 0, 1, 1, 0]","{""intents"":[""Show-Empathy"",""Describe-Need"",""Promote-Coordination""]}"
502-3_utt1_intention,502-3,1,agent_1: I have an idea. I could give you 3 firewood and you give me 3 water and 3 food. ,No-Intention,"[0, 0, 0, 0, 1, 0, 0, 0, 0]","['Describe-Need', 'Promote-Coordination']","[0, 0, 1, 0, 0, 0, 1, 0, 0]","{""intents"":[""Describe-Need"",""Promote-Coordination""]}"
502-3_utt2_intention,502-3,2,agent_2: That would be great but I could find myself in need of some extra water. Don't want t get dehydrated from all the dancing! Could I trade you one of the firewood for 2 of the water?,"Describe-Need,Promote-Coordination","[0, 0, 1, 0, 0, 0, 1, 0, 0]","['Describe-Need', 'Promote-Coordination', 'Show-Empathy']","[0, 0, 1, 0, 0, 0, 1, 1, 0]","{""intents"":[""Describe-Need"",""Promote-Coordination"",""Show-Empathy""]}"
502-4_utt1_intention,502-4,1,agent_1: I see. How about you get 2 firewood 1 water 1 food. And I get 1 firewod 2 water 2 food?,No-Intention,"[0, 0, 0, 0, 1, 0, 0, 0, 0]","['Callout-Fairness', 'Promote-Coordination']","[0, 1, 0, 0, 0, 0, 1, 0, 0]","{""intents"":[""Callout-Fairness"",""Promote-Coordination""]}"
502-4_utt2_intention,502-4,2,"agent_2: I think that sounds fair. So I would get 2 firewood, 1 water and 1 food. You could get 1 firewood, 2 water, 2 food. Is that correct?",Callout-Fairness,"[0, 1, 0, 0, 0, 0, 0, 0, 0]","['Callout-Fairness', 'Promote-Coordination']","[0, 1, 0, 0, 0, 0, 1, 0, 0]","{""intents"":[""Callout-Fairness"",""Promote-Coordination""]}"
502-5_utt1_intention,502-5,1,"agent_1: Yes, sounds like a deal!",No-Intention,"[0, 0, 0, 0, 1, 0, 0, 0, 0]","['Callout-Fairness', 'Promote-Coordination']","[0, 1, 0, 0, 0, 0, 1, 0, 0]","{""intents"":[""Callout-Fairness"",""Promote-Coordination""]}"
502-5_utt2_intention,502-5,2,agent_2: Wonderful! 🙂,No-Intention,"[0, 0, 0, 0, 1, 0, 0, 0, 0]","['Build-Rapport', 'Callout-Fairness', 'Promote-Coordination']","[1, 1, 0, 0, 0, 0, 1, 0, 0]","{""intents"":[""Build-Rapport"",""Callout-Fairness"",""Promote-Coordination""]}"
503-0_utt1_intention,503-0,1,"agent_1: Hello, what do you expect from me?",Build-Rapport,"[1, 0, 0, 0, 0, 0, 0, 0, 0]","['Discover-Preference', 'Build-Rapport']","[1, 0, 0, 1, 0, 0, 0, 0, 0]","{""intents"":[""Discover-Preference"",""Build-Rapport""]}"
503-0_utt2_intention,503-0,2,"agent_2: Hi! I'm really excited for the camping trip, but I guess can we talk about it first? I don't think we're supposed to rush into a decision.",Build-Rapport,"[1, 0, 0, 0, 0, 0, 0, 0, 0]","['Build-Rapport', 'Promote-Coordination', 'Callout-Fairness']","[1, 1, 0, 0, 0, 0, 1, 0, 0]","{""intents"":[""Build-Rapport"",""Promote-Coordination"",""Callout-Fairness""]}"
503-1_utt1_intention,503-1,1,"agent_1: Okay, What did you thing about the camping trip?",Build-Rapport,"[1, 0, 0, 0, 0, 0, 0, 0, 0]","['Discover-Preference', 'Promote-Coordination']","[0, 0, 0, 1, 0, 0, 1, 0, 0]","{""intents"":[""Discover-Preference"",""Promote-Coordination""]}"
503-1_utt2_intention,503-1,2,"agent_2: I'm excited to go on it! I haven't gone it yet, that's why we're talking about supplies now.",Build-Rapport,"[1, 0, 0, 0, 0, 0, 0, 0, 0]","['Build-Rapport', 'Describe-Need', 'Promote-Coordination']","[1, 0, 1, 0, 0, 0, 1, 0, 0]","{""intents"":[""Build-Rapport"",""Describe-Need"",""Promote-Coordination""]}"
503-2_utt1_intention,503-2,1,"agent_1: Yeah, What did think about water? ",Discover-Preference,"[0, 0, 0, 1, 0, 0, 0, 0, 0]","['Discover-Preference', 'Promote-Coordination']","[0, 0, 0, 1, 0, 0, 1, 0, 0]","{""intents"":[""Discover-Preference"",""Promote-Coordination""]}"
503-2_utt2_intention,503-2,2,"agent_2: I think water is great! I don't need very much for this trip, but water is delicious.",No-Need,"[0, 0, 0, 0, 0, 1, 0, 0, 0]","['Describe-Need', 'Discover-Preference']","[0, 0, 1, 1, 0, 0, 0, 0, 0]","{""intents"":[""Describe-Need"",""Discover-Preference""]}"
503-3_utt1_intention,503-3,1,"agent_1: Okay, but water is important to me because I have health issues. So I drink more water for save my health.",Describe-Need,"[0, 0, 1, 0, 0, 0, 0, 0, 0]","['Describe-Need', 'Show-Empathy']","[0, 0, 1, 0, 0, 0, 0, 1, 0]","{""intents"":[""Describe-Need"",""Show-Empathy""]}"
503-3_utt2_intention,503-3,2,agent_2: Okay! You can have all the water. I want all the food.,No-Intention,"[0, 0, 0, 0, 1, 0, 0, 0, 0]","['Promote-Coordination', 'Discover-Preference']","[0, 0, 0, 1, 0, 0, 1, 0, 0]","{""intents"":[""Promote-Coordination"",""Discover-Preference""]}"
503-4_utt1_intention,503-4,1,"agent_1: yeah sure, I will share with you all the food. What is about firewood?",Promote-Coordination,"[0, 0, 0, 0, 0, 0, 1, 0, 0]","['Build-Rapport', 'Promote-Coordination']","[1, 0, 0, 0, 0, 0, 1, 0, 0]","{""intents"":[""Build-Rapport"",""Promote-Coordination""]}"
503-4_utt2_intention,503-4,2,agent_2: You can have two if I can have one if you're okay with that.,Callout-Fairness,"[0, 1, 0, 0, 0, 0, 0, 0, 0]","['Callout-Fairness', 'Promote-Coordination']","[0, 1, 0, 0, 0, 0, 1, 0, 0]","{""intents"":[""Callout-Fairness"",""Promote-Coordination""]}"
503-5_utt1_intention,503-5,1,"agent_1: My place is so cold, so I want all the firewood for save my children from cold.",Describe-Need,"[0, 0, 1, 0, 0, 0, 0, 0, 0]","['Describe-Need', 'Callout-Fairness']","[0, 1, 1, 0, 0, 0, 0, 0, 0]","{""intents"":[""Describe-Need"",""Callout-Fairness""]}"
503-5_utt2_intention,503-5,2,agent_1: I want at least 2 packages of  firewood ,No-Intention,"[0, 0, 0, 0, 1, 0, 0, 0, 0]","['Describe-Need', 'Callout-Fairness']","[0, 1, 1, 0, 0, 0, 0, 0, 0]","{""intents"":[""Describe-Need"",""Callout-Fairness""]}"
504-0_utt1_intention,504-0,1,agent_2: hi,No-Intention,"[0, 0, 0, 0, 1, 0, 0, 0, 0]",['Build-Rapport'],"[1, 0, 0, 0, 0, 0, 0, 0, 0]","{""intents"":[""Build-Rapport""]}"
504-0_utt2_intention,504-0,2,"agent_1: hi there! ready to go hiking? Where will you be going, I'll be going to NY, the Catskills mountains.",Build-Rapport,"[1, 0, 0, 0, 0, 0, 0, 0, 0]","['Build-Rapport', 'Discover-Preference', 'Promote-Coordination']","[1, 0, 0, 1, 0, 0, 1, 0, 0]","{""intents"":[""Build-Rapport"",""Discover-Preference"",""Promote-Coordination""]}"
504-1_utt1_intention,504-1,1,agent_2: yes im ready rocky mountains ,Build-Rapport,"[1, 0, 0, 0, 0, 0, 0, 0, 0]","['Build-Rapport', 'Promote-Coordination']","[1, 0, 0, 0, 0, 0, 1, 0, 0]","{""intents"":[""Build-Rapport"",""Promote-Coordination""]}"
504-1_utt2_intention,504-1,2,"agent_1: awesome! I love the rockies. So let's try and divy up our extra supplies then. Personally, I feel that I'd need the most extra food, as I'm a rather large guy and plan to go hiking a lot during this time. Firewood would be nice, so I could have a big bonfire. What are your prefernces? ","Build-Rapport,Describe-Need,Discover-Preference","[1, 0, 1, 1, 0, 0, 0, 0, 0]","['Build-Rapport', 'Describe-Need', 'Discover-Preference', 'Promote-Coordination']","[1, 0, 1, 1, 0, 0, 1, 0, 0]","{""intents"":[""Build-Rapport"",""Describe-Need"",""Discover-Preference"",""Promote-Coordination""]}"
504-2_utt1_intention,504-2,1,agent_2: i need food the most since there will be my kids and I. I can give up my firewood for food,"Describe-Need,Promote-Coordination","[0, 0, 1, 0, 0, 0, 1, 0, 0]","['Describe-Need', 'Promote-Coordination']","[0, 0, 1, 0, 0, 0, 1, 0, 0]","{""intents"":[""Describe-Need"",""Promote-Coordination""]}"
504-2_utt2_intention,504-2,2,"agent_1: Okay, so how about I get 1 food, and 3 firewood and 1 water, and you get 2 food, 0 firewood, and 2 water",No-Intention,"[0, 0, 0, 0, 1, 0, 0, 0, 0]","['Promote-Coordination', 'Callout-Fairness']","[0, 1, 0, 0, 0, 0, 1, 0, 0]","{""intents"":[""Promote-Coordination"",""Callout-Fairness""]}"
504-3_utt1_intention,504-3,1,agent_2: sounds great,No-Intention,"[0, 0, 0, 0, 1, 0, 0, 0, 0]","['Build-Rapport', 'Promote-Coordination']","[1, 0, 0, 0, 0, 0, 1, 0, 0]","{""intents"":[""Build-Rapport"",""Promote-Coordination""]}"
504-3_utt2_intention,504-3,2,agent_1: great! sounds good to me,No-Intention,"[0, 0, 0, 0, 1, 0, 0, 0, 0]","['Build-Rapport', 'Promote-Coordination']","[1, 0, 0, 0, 0, 0, 1, 0, 0]","{""intents"":[""Build-Rapport"",""Promote-Coordination""]}"
504-4_utt1_intention,504-4,1,agent_2: ok ready to make the deal,No-Intention,"[0, 0, 0, 0, 1, 0, 0, 0, 0]",['Promote-Coordination'],"[0, 0, 0, 0, 0, 0, 1, 0, 0]","{""intents"":[""Promote-Coordination""]}"
504-4_utt2_intention,504-4,2,"agent_1: I'm ready! here, you do it 🙂",No-Intention,"[0, 0, 0, 0, 1, 0, 0, 0, 0]",['Promote-Coordination'],"[0, 0, 0, 0, 0, 0, 1, 0, 0]","{""intents"":[""Promote-Coordination""]}"
505-0_utt1_intention,505-0,1,agent_1: hello,No-Intention,"[0, 0, 0, 0, 1, 0, 0, 0, 0]",['Build-Rapport'],"[1, 0, 0, 0, 0, 0, 0, 0, 0]","{""intents"":[""Build-Rapport""]}"
505-0_utt2_intention,505-0,2,agent_2: Hey there. How are you?,Build-Rapport,"[1, 0, 0, 0, 0, 0, 0, 0, 0]","['Build-Rapport', 'Show-Empathy']","[1, 0, 0, 0, 0, 0, 0, 1, 0]","{""intents"":[""Build-Rapport"",""Show-Empathy""]}"
505-1_utt1_intention,505-1,1,"agent_1: not soo good, i am hungry",Build-Rapport,"[1, 0, 0, 0, 0, 0, 0, 0, 0]","['Describe-Need', 'Show-Empathy']","[0, 0, 1, 0, 0, 0, 0, 1, 0]","{""intents"":[""Describe-Need"",""Show-Empathy""]}"
505-1_utt2_intention,505-1,2,agent_2: Uh oh. What are you preferences on supplies?,Discover-Preference,"[0, 0, 0, 1, 0, 0, 0, 0, 0]","['Show-Empathy', 'Discover-Preference']","[0, 0, 0, 1, 0, 0, 0, 1, 0]","{""intents"":[""Show-Empathy"",""Discover-Preference""]}"
505-2_utt1_intention,505-2,1,"agent_1: food, then water, then firewood, and yours?",Discover-Preference,"[0, 0, 0, 1, 0, 0, 0, 0, 0]","['Discover-Preference', 'Describe-Need']","[0, 0, 1, 1, 0, 0, 0, 0, 0]","{""intents"":[""Discover-Preference"",""Describe-Need""]}"
505-2_utt2_intention,505-2,2,"agent_2: water, food then firewood. It's really hot so I need to make sure we are hydrated. We forgot a bag of supplies that had mostly food so we really could use food. It's hot so firewood isn't necessary. If anything we can get it from around or on a hike.","Describe-Need,No-Need","[0, 0, 1, 0, 0, 1, 0, 0, 0]","['Describe-Need', 'Discover-Preference', 'Show-Empathy', 'Promote-Coordination']","[0, 0, 1, 1, 0, 0, 1, 1, 0]","{""intents"":[""Describe-Need"",""Discover-Preference"",""Show-Empathy"",""Promote-Coordination""]}"
505-3_utt1_intention,505-3,1,"agent_1: of course, we should help one another, we will figure something out i'm sure","Callout-Fairness,Promote-Coordination","[0, 1, 0, 0, 0, 0, 1, 0, 0]","['Build-Rapport', 'Promote-Coordination', 'Show-Empathy']","[1, 0, 0, 0, 0, 0, 1, 1, 0]","{""intents"":[""Build-Rapport"",""Promote-Coordination"",""Show-Empathy""]}"
505-3_utt2_intention,505-3,2,"agent_2: Yes, I think we can. I'm thinking 3 water, 2 food and 1 firewood for myself? How does that sound to you?",No-Intention,"[0, 0, 0, 0, 1, 0, 0, 0, 0]","['Describe-Need', 'Discover-Preference', 'Promote-Coordination']","[0, 0, 1, 1, 0, 0, 1, 0, 0]","{""intents"":[""Describe-Need"",""Discover-Preference"",""Promote-Coordination""]}"
505-4_utt1_intention,505-4,1,"agent_1: i can't agree to that, the best i can do is 2water 1 food and 2 firewood for you, i have to have supplies too",Callout-Fairness,"[0, 1, 0, 0, 0, 0, 0, 0, 0]","['Callout-Fairness', 'Describe-Need', 'Promote-Coordination']","[0, 1, 1, 0, 0, 0, 1, 0, 0]","{""intents"":[""Callout-Fairness"",""Describe-Need"",""Promote-Coordination""]}"
505-4_utt2_intention,505-4,2,agent_2: Could I trade one firewood for another food?,Promote-Coordination,"[0, 0, 0, 0, 0, 0, 1, 0, 0]","['Callout-Fairness', 'Describe-Need', 'Promote-Coordination']","[0, 1, 1, 0, 0, 0, 1, 0, 0]","{""intents"":[""Callout-Fairness"",""Describe-Need"",""Promote-Coordination""]}"
505-5_utt1_intention,505-5,1,"agent_1: no, food is the top priority for me",Callout-Fairness,"[0, 1, 0, 0, 0, 0, 0, 0, 0]","['Describe-Need', 'Callout-Fairness']","[0, 1, 1, 0, 0, 0, 0, 0, 0]","{""intents"":[""Describe-Need"",""Callout-Fairness""]}"
506-0_utt1_intention,506-0,1,"agent_2: Hello, How are you? My children love to eat and have fires daily. I hope this deal works for you.🙂",Build-Rapport,"[1, 0, 0, 0, 0, 0, 0, 0, 0]","['Build-Rapport', 'Describe-Need', 'Promote-Coordination']","[1, 0, 1, 0, 0, 0, 1, 0, 0]","{""intents"":[""Build-Rapport"",""Describe-Need"",""Promote-Coordination""]}"
506-0_utt2_intention,506-0,2,"agent_1: Hello, I'm fine. I understand your need. I have health issue I can't stand without food and water.I hope you will understand my situation.",Describe-Need,"[0, 0, 1, 0, 0, 0, 0, 0, 0]","['Show-Empathy', 'Describe-Need']","[0, 0, 1, 0, 0, 0, 0, 1, 0]","{""intents"":[""Show-Empathy"",""Describe-Need""]}"
506-1_utt1_intention,506-1,1,agent_2: I completely understand where you are coming from. How much food do you need?,Show-Empathy,"[0, 0, 0, 0, 0, 0, 0, 1, 0]","['Show-Empathy', 'Discover-Preference']","[0, 0, 0, 1, 0, 0, 0, 1, 0]","{""intents"":[""Show-Empathy"",""Discover-Preference""]}"
506-1_utt2_intention,506-1,2,agent_1: I need at least 2 package of food and 3 package of water. Please do favor for me.,Callout-Fairness,"[0, 1, 0, 0, 0, 0, 0, 0, 0]","['Describe-Need', 'Callout-Fairness']","[0, 1, 1, 0, 0, 0, 0, 0, 0]","{""intents"":[""Describe-Need"",""Callout-Fairness""]}"
506-2_utt1_intention,506-2,1,"agent_2: I have young teenagers who eat and drink like crazy. I will need atleast 1 package of water, I may be able to work on the food. What do you think?",Build-Rapport,"[1, 0, 0, 0, 0, 0, 0, 0, 0]","['Describe-Need', 'Show-Empathy', 'Promote-Coordination']","[0, 0, 1, 0, 0, 0, 1, 1, 0]","{""intents"":[""Describe-Need"",""Show-Empathy"",""Promote-Coordination""]}"
506-2_utt2_intention,506-2,2,agent_1: I can also understand your family situation. I'll give 1 package of water.🙂,Show-Empathy,"[0, 0, 0, 0, 0, 0, 0, 1, 0]","['Show-Empathy', 'Promote-Coordination']","[0, 0, 0, 0, 0, 0, 1, 1, 0]","{""intents"":[""Show-Empathy"",""Promote-Coordination""]}"
506-3_utt1_intention,506-3,1,agent_2: That works for me.🙂 Are you able to share the food if I give you 1 firewood?,Promote-Coordination,"[0, 0, 0, 0, 0, 0, 1, 0, 0]","['Build-Rapport', 'Describe-Need', 'Promote-Coordination']","[1, 0, 1, 0, 0, 0, 1, 0, 0]","{""intents"":[""Build-Rapport"",""Describe-Need"",""Promote-Coordination""]}"
506-3_utt2_intention,506-3,2,"agent_1: I think our dealing is going good. You take all the firewood.As I already said, I have some health issue.  Can you help me with the food?",Promote-Coordination,"[0, 0, 0, 0, 0, 0, 1, 0, 0]","['Build-Rapport', 'Describe-Need', 'Show-Empathy']","[1, 0, 1, 0, 0, 0, 0, 1, 0]","{""intents"":[""Build-Rapport"",""Describe-Need"",""Show-Empathy""]}"
506-4_utt1_intention,506-4,1,agent_2: Sounds good I will give you the 2 packages of food.🙂,No-Intention,"[0, 0, 0, 0, 1, 0, 0, 0, 0]","['Promote-Coordination', 'Show-Empathy']","[0, 0, 0, 0, 0, 0, 1, 1, 0]","{""intents"":[""Promote-Coordination"",""Show-Empathy""]}"
506-4_utt2_intention,506-4,2,agent_1: So nice of you !!  Now can you summarize your needs?,No-Intention,"[0, 0, 0, 0, 1, 0, 0, 0, 0]","['Build-Rapport', 'Promote-Coordination']","[1, 0, 0, 0, 0, 0, 1, 0, 0]","{""intents"":[""Build-Rapport"",""Promote-Coordination""]}"
506-5_utt1_intention,506-5,1,agent_2: I will need 3 packages of firewood. 1 package of food and 1 package of water. What are your needs?,No-Intention,"[0, 0, 0, 0, 1, 0, 0, 0, 0]","['Describe-Need', 'Discover-Preference']","[0, 0, 1, 1, 0, 0, 0, 0, 0]","{""intents"":[""Describe-Need"",""Discover-Preference""]}"
506-5_utt2_intention,506-5,2,"agent_1: Yes, you are absolutely right. Thank you very much !! I'll take 2 package of food and 2 package of water .",No-Intention,"[0, 0, 0, 0, 1, 0, 0, 0, 0]","['Build-Rapport', 'Describe-Need', 'Promote-Coordination']","[1, 0, 1, 0, 0, 0, 1, 0, 0]","{""intents"":[""Build-Rapport"",""Describe-Need"",""Promote-Coordination""]}"
507-0_utt1_intention,507-0,1,agent_1: Hi! I am looking forward to making a deal with you today.,Build-Rapport,"[1, 0, 0, 0, 0, 0, 0, 0, 0]","['Build-Rapport', 'Describe-Need']","[1, 0, 1, 0, 0, 0, 0, 0, 0]","{""intents"":[""Build-Rapport"",""Describe-Need""]}"
507-0_utt2_intention,507-0,2,"agent_2: Hello, that sounds good. How are you today?",Build-Rapport,"[1, 0, 0, 0, 0, 0, 0, 0, 0]","['Build-Rapport', 'Show-Empathy']","[1, 0, 0, 0, 0, 0, 0, 1, 0]","{""intents"":[""Build-Rapport"",""Show-Empathy""]}"
507-1_utt1_intention,507-1,1,agent_1: I am doing okay but am in need of some supplies. What about you?,Build-Rapport,"[1, 0, 0, 0, 0, 0, 0, 0, 0]","['Describe-Need', 'Build-Rapport']","[1, 0, 1, 0, 0, 0, 0, 0, 0]","{""intents"":[""Describe-Need"",""Build-Rapport""]}"
507-1_utt2_intention,507-1,2,agent_2: Same here. My kids are really looking forward to this. What is most important to you?,"Build-Rapport,Discover-Preference","[1, 0, 0, 1, 0, 0, 0, 0, 0]","['Build-Rapport', 'Show-Empathy', 'Discover-Preference']","[1, 0, 0, 1, 0, 0, 0, 1, 0]","{""intents"":[""Build-Rapport"",""Show-Empathy"",""Discover-Preference""]}"
507-2_utt1_intention,507-2,1,agent_1: Firewood! I need it to cook my food and also to stay warm. What about you?,"Describe-Need,Discover-Preference","[0, 0, 1, 1, 0, 0, 0, 0, 0]","['Describe-Need', 'Discover-Preference']","[0, 0, 1, 1, 0, 0, 0, 0, 0]","{""intents"":[""Describe-Need"",""Discover-Preference""]}"
507-2_utt2_intention,507-2,2,agent_2: That is the same for me as well. My kids were really looking forward to making s'mores and telling stories by the campfire. That's all they've been talking about,"Build-Rapport,Describe-Need","[1, 0, 1, 0, 0, 0, 0, 0, 0]","['Build-Rapport', 'Show-Empathy', 'Describe-Need', 'Discover-Preference']","[1, 0, 1, 1, 0, 0, 0, 1, 0]","{""intents"":[""Build-Rapport"",""Show-Empathy"",""Describe-Need"",""Discover-Preference""]}"
507-3_utt1_intention,507-3,1,"agent_1: Awesome, I'd be happy to negotiate that. What is your second most needed item?",Promote-Coordination,"[0, 0, 0, 0, 0, 0, 1, 0, 0]","['Promote-Coordination', 'Discover-Preference']","[0, 0, 0, 1, 0, 0, 1, 0, 0]","{""intents"":[""Promote-Coordination"",""Discover-Preference""]}"
507-3_utt2_intention,507-3,2,agent_2: I'll need water. My kids take medications and need to stay hydrated.,Describe-Need,"[0, 0, 1, 0, 0, 0, 0, 0, 0]","['Describe-Need', 'Show-Empathy']","[0, 0, 1, 0, 0, 0, 0, 1, 0]","{""intents"":[""Describe-Need"",""Show-Empathy""]}"
507-4_utt1_intention,507-4,1,agent_1: Absolutely. My second most needed item is food so that works out well.,No-Intention,"[0, 0, 0, 0, 1, 0, 0, 0, 0]","['Describe-Need', 'Promote-Coordination']","[0, 0, 1, 0, 0, 0, 1, 0, 0]","{""intents"":[""Describe-Need"",""Promote-Coordination""]}"
507-4_utt2_intention,507-4,2,agent_2: Well I am happy to give you all my food in exchange for all your water.,Promote-Coordination,"[0, 0, 0, 0, 0, 0, 1, 0, 0]","['Describe-Need', 'Promote-Coordination']","[0, 0, 1, 0, 0, 0, 1, 0, 0]","{""intents"":[""Describe-Need"",""Promote-Coordination""]}"
507-5_utt1_intention,507-5,1,agent_1: We can do that! How do you want to split up the firewood?,Promote-Coordination,"[0, 0, 0, 0, 0, 0, 1, 0, 0]","['Promote-Coordination', 'Callout-Fairness']","[0, 1, 0, 0, 0, 0, 1, 0, 0]","{""intents"":[""Promote-Coordination"",""Callout-Fairness""]}"
507-5_utt2_intention,507-5,2,agent_2: It's an odd number so someone has to get 2. But in order to make it fair if one of us takes two then the other should get one of the lower priority items. What do you think?,Callout-Fairness,"[0, 1, 0, 0, 0, 0, 0, 0, 0]","['Callout-Fairness', 'Promote-Coordination']","[0, 1, 0, 0, 0, 0, 1, 0, 0]","{""intents"":[""Callout-Fairness"",""Promote-Coordination""]}"
507-6_utt1_intention,507-6,1,agent_1: That sounds fair to me! I am good either way.,Callout-Fairness,"[0, 1, 0, 0, 0, 0, 0, 0, 0]","['Callout-Fairness', 'Promote-Coordination']","[0, 1, 0, 0, 0, 0, 1, 0, 0]","{""intents"":[""Callout-Fairness"",""Promote-Coordination""]}"
507-6_utt2_intention,507-6,2,agent_2: That's very nice of you. If it is ok with you them I'll take two firewood and 2 water and you can have the rest.,No-Intention,"[0, 0, 0, 0, 1, 0, 0, 0, 0]","['Build-Rapport', 'Callout-Fairness', 'Promote-Coordination']","[1, 1, 0, 0, 0, 0, 1, 0, 0]","{""intents"":[""Build-Rapport"",""Callout-Fairness"",""Promote-Coordination""]}"
508-0_utt1_intention,508-0,1,agent_1: I would really like some extra firewood to keep the chill off on those cold  nights.🙂,Describe-Need,"[0, 0, 1, 0, 0, 0, 0, 0, 0]","['Describe-Need', 'Show-Empathy']","[0, 0, 1, 0, 0, 0, 0, 1, 0]","{""intents"":[""Describe-Need"",""Show-Empathy""]}"
508-0_utt2_intention,508-0,2,agent_2: Me too. It has been rather cold lately! But I am also really interested in water.,Describe-Need,"[0, 0, 1, 0, 0, 0, 0, 0, 0]","['Show-Empathy', 'Describe-Need', 'Discover-Preference']","[0, 0, 1, 1, 0, 0, 0, 1, 0]","{""intents"":[""Show-Empathy"",""Describe-Need"",""Discover-Preference""]}"
508-1_utt1_intention,508-1,1,agent_1: I don't need the water as much.  How about I get 2 firewood and you get 2 water?,No-Intention,"[0, 0, 0, 0, 1, 0, 0, 0, 0]","['Describe-Need', 'Promote-Coordination']","[0, 0, 1, 0, 0, 0, 1, 0, 0]","{""intents"":[""Describe-Need"",""Promote-Coordination""]}"
508-1_utt2_intention,508-1,2,agent_2: I would prefer all the water. You can have all of the firewood.,No-Intention,"[0, 0, 0, 0, 1, 0, 0, 0, 0]","['Discover-Preference', 'Callout-Fairness']","[0, 1, 0, 1, 0, 0, 0, 0, 0]","{""intents"":[""Discover-Preference"",""Callout-Fairness""]}"
508-2_utt1_intention,508-2,1,agent_1: That sounds good to me.  What about the food?,No-Intention,"[0, 0, 0, 0, 1, 0, 0, 0, 0]","['Build-Rapport', 'Discover-Preference', 'Promote-Coordination']","[1, 0, 0, 1, 0, 0, 1, 0, 0]","{""intents"":[""Build-Rapport"",""Discover-Preference"",""Promote-Coordination""]}"
508-2_utt2_intention,508-2,2,"agent_2: I would like 2 food, but you may have one. I wouldn't want you to be too hungry!",Callout-Fairness,"[0, 1, 0, 0, 0, 0, 0, 0, 0]","['Describe-Need', 'Discover-Preference', 'Show-Empathy']","[0, 0, 1, 1, 0, 0, 0, 1, 0]","{""intents"":[""Describe-Need"",""Discover-Preference"",""Show-Empathy""]}"
508-3_utt1_intention,508-3,1,agent_1: I don't want to be too hungry either but I think perhaps I might need an extra water to compensate for the lack of food.,Promote-Coordination,"[0, 0, 0, 0, 0, 0, 1, 0, 0]","['Describe-Need', 'Promote-Coordination']","[0, 0, 1, 0, 0, 0, 1, 0, 0]","{""intents"":[""Describe-Need"",""Promote-Coordination""]}"
508-3_utt2_intention,508-3,2,"agent_2: Since I am giving you all of the firewood that you said was most important to you, I feel I should get at least the same amount of items as you, especially since you are getting exactly the firewood you want. I will need to stick to three waters and two food.",Callout-Fairness,"[0, 1, 0, 0, 0, 0, 0, 0, 0]","['Callout-Fairness', 'Describe-Need', 'Promote-Coordination']","[0, 1, 1, 0, 0, 0, 1, 0, 0]","{""intents"":[""Callout-Fairness"",""Describe-Need"",""Promote-Coordination""]}"
508-4_utt1_intention,508-4,1,"agent_1: The firewood is most important to me to be sure. However, if you get more food and all of the water I could end up going hungry.☹️",Callout-Fairness,"[0, 1, 0, 0, 0, 0, 0, 0, 0]","['Describe-Need', 'Show-Empathy', 'Callout-Fairness']","[0, 1, 1, 0, 0, 0, 0, 1, 0]","{""intents"":[""Describe-Need"",""Show-Empathy"",""Callout-Fairness""]}"
508-4_utt2_intention,508-4,2,agent_2: Well I would be happy to exchange you one of your firewood for the one water you need. That way you won't go thirsty.,"Promote-Coordination,Undermine-Requirements","[0, 0, 0, 0, 0, 0, 1, 0, 1]","['Promote-Coordination', 'Show-Empathy', 'Callout-Fairness']","[0, 1, 0, 0, 0, 0, 1, 1, 0]","{""intents"":[""Promote-Coordination"",""Show-Empathy"",""Callout-Fairness""]}"
508-5_utt1_intention,508-5,1,"agent_1: Hmm, no I think I will agree with your first arrangement. I get 3 firewood and 1 food.",Callout-Fairness,"[0, 1, 0, 0, 0, 0, 0, 0, 0]","['Callout-Fairness', 'Promote-Coordination']","[0, 1, 0, 0, 0, 0, 1, 0, 0]","{""intents"":[""Callout-Fairness"",""Promote-Coordination""]}"
509-0_utt1_intention,509-0,1,"agent_1: Hi, how are you, ready for the big camping trip?",Build-Rapport,"[1, 0, 0, 0, 0, 0, 0, 0, 0]","['Build-Rapport', 'No-Intention']","[1, 0, 0, 0, 1, 0, 0, 0, 0]","{""intents"":[""Build-Rapport"",""No-Intention""]}"
509-0_utt2_intention,509-0,2,agent_2: Yes I am. I'm actually already at the camp and came across some homeless people who could really use all the food they can get.,Describe-Need,"[0, 0, 1, 0, 0, 0, 0, 0, 0]","['Describe-Need', 'Show-Empathy']","[0, 0, 1, 0, 0, 0, 0, 1, 0]","{""intents"":[""Describe-Need"",""Show-Empathy""]}"
509-1_utt1_intention,509-1,1,"agent_1: Wow, ok. I'd can give you some food, I'd like to have a little extra food and water as we have a larger group going. ","Describe-Need,Show-Empathy","[0, 0, 1, 0, 0, 0, 0, 1, 0]","['Describe-Need', 'Promote-Coordination']","[0, 0, 1, 0, 0, 0, 1, 0, 0]","{""intents"":[""Describe-Need"",""Promote-Coordination""]}"
509-1_utt2_intention,509-1,2,"agent_2: I see. Which is more important to you, food or water?",Discover-Preference,"[0, 0, 0, 1, 0, 0, 0, 0, 0]",['Discover-Preference'],"[0, 0, 0, 1, 0, 0, 0, 0, 0]","{""intents"":[""Discover-Preference""]}"
509-2_utt1_intention,509-2,1,"agent_1: If I had my choice, I'd say I'd rather have more food.",No-Intention,"[0, 0, 0, 0, 1, 0, 0, 0, 0]","['Describe-Need', 'Discover-Preference']","[0, 0, 1, 1, 0, 0, 0, 0, 0]","{""intents"":[""Describe-Need"",""Discover-Preference""]}"
509-2_utt2_intention,509-2,2,agent_2: Interesting. Looks like we are in the same situation! 😮,No-Intention,"[0, 0, 0, 0, 1, 0, 0, 0, 0]","['Build-Rapport', 'Promote-Coordination']","[1, 0, 0, 0, 0, 0, 1, 0, 0]","{""intents"":[""Build-Rapport"",""Promote-Coordination""]}"
509-3_utt1_intention,509-3,1,"agent_1: I'd be willing to give you extra food if I could then get extra water and firewood. How about you Get 2 food, 1 water and 1 firewood?",Promote-Coordination,"[0, 0, 0, 0, 0, 0, 1, 0, 0]","['Callout-Fairness', 'Describe-Need', 'Promote-Coordination']","[0, 1, 1, 0, 0, 0, 1, 0, 0]","{""intents"":[""Callout-Fairness"",""Describe-Need"",""Promote-Coordination""]}"
509-3_utt2_intention,509-3,2,agent_2: That sounds almost fair. But I could possibly use 1 more firewood. What do you think?🙂🙂,Callout-Fairness,"[0, 1, 0, 0, 0, 0, 0, 0, 0]","['Callout-Fairness', 'Describe-Need', 'Promote-Coordination']","[0, 1, 1, 0, 0, 0, 1, 0, 0]","{""intents"":[""Callout-Fairness"",""Describe-Need"",""Promote-Coordination""]}"
509-4_utt1_intention,509-4,1,"agent_1: Idk, you're already getting the extra food which would be important to me. I think my offer is very fair for both of us.",Callout-Fairness,"[0, 1, 0, 0, 0, 0, 0, 0, 0]","['Callout-Fairness', 'Describe-Need', 'Promote-Coordination']","[0, 1, 1, 0, 0, 0, 1, 0, 0]","{""intents"":[""Callout-Fairness"",""Describe-Need"",""Promote-Coordination""]}"
509-4_utt2_intention,509-4,2,"agent_2: I'm not sure either. Well them, how about we switch and you can have 2 food, 1 water, and 1 firewood and I will take the rest. The homeless could use water almost as much as food","Describe-Need,Promote-Coordination","[0, 0, 1, 0, 0, 0, 1, 0, 0]","['Callout-Fairness', 'Promote-Coordination', 'Show-Empathy']","[0, 1, 0, 0, 0, 0, 1, 1, 0]","{""intents"":[""Callout-Fairness"",""Promote-Coordination"",""Show-Empathy""]}"
509-5_utt1_intention,509-5,1,"agent_1: sure, i can agree to that",No-Intention,"[0, 0, 0, 0, 1, 0, 0, 0, 0]","['Promote-Coordination', 'Callout-Fairness']","[0, 1, 0, 0, 0, 0, 1, 0, 0]","{""intents"":[""Promote-Coordination"",""Callout-Fairness""]}"
510-0_utt1_intention,510-0,1,agent_1: I have a big party with varying degrees of health and I'm going to need every bit of firewood and food I can get my hands on!  🙂,Describe-Need,"[0, 0, 1, 0, 0, 0, 0, 0, 0]","['Describe-Need', 'Promote-Coordination']","[0, 0, 1, 0, 0, 0, 1, 0, 0]","{""intents"":[""Describe-Need"",""Promote-Coordination""]}"
510-0_utt2_intention,510-0,2,"agent_2: hi, we may be in luck then, i really would like water as i enjoy walking and hiking, i will require some firewood though so i can roast some s'mores",Describe-Need,"[0, 0, 1, 0, 0, 0, 0, 0, 0]","['Describe-Need', 'Discover-Preference', 'Promote-Coordination']","[0, 0, 1, 1, 0, 0, 1, 0, 0]","{""intents"":[""Describe-Need"",""Discover-Preference"",""Promote-Coordination""]}"
510-1_utt1_intention,510-1,1,agent_1: How many people are in your camping party?,Build-Rapport,"[1, 0, 0, 0, 0, 0, 0, 0, 0]","['Discover-Preference', 'Promote-Coordination']","[0, 0, 0, 1, 0, 0, 1, 0, 0]","{""intents"":[""Discover-Preference"",""Promote-Coordination""]}"
510-1_utt2_intention,510-1,2,"agent_2: i have 6, and 2 more could be joining us to make 8 ",Build-Rapport,"[1, 0, 0, 0, 0, 0, 0, 0, 0]","['Describe-Need', 'Promote-Coordination']","[0, 0, 1, 0, 0, 0, 1, 0, 0]","{""intents"":[""Describe-Need"",""Promote-Coordination""]}"
510-2_utt1_intention,510-2,1,"agent_1: Cool! 🙂  It's a good number, we are planning on 10, but you never know on these.  What I do know is this group loves to eat and hike, plus it might get a little chilly.",Build-Rapport,"[1, 0, 0, 0, 0, 0, 0, 0, 0]","['Build-Rapport', 'Describe-Need', 'Promote-Coordination']","[1, 0, 1, 0, 0, 0, 1, 0, 0]","{""intents"":[""Build-Rapport"",""Describe-Need"",""Promote-Coordination""]}"
510-2_utt2_intention,510-2,2,"agent_2: yeah, i understand that. we are all apart of a weigh watchers group ao we",Build-Rapport,"[1, 0, 0, 0, 0, 0, 0, 0, 0]","['Show-Empathy', 'Describe-Need']","[0, 0, 1, 0, 0, 0, 0, 1, 0]","{""intents"":[""Show-Empathy"",""Describe-Need""]}"
510-3_utt1_intention,510-3,1,agent_1: 😮 Been there and done that.  It's great when you can start to see the change in their self esteem!,Build-Rapport,"[1, 0, 0, 0, 0, 0, 0, 0, 0]","['Build-Rapport', 'Show-Empathy']","[1, 0, 0, 0, 0, 0, 0, 1, 0]","{""intents"":[""Build-Rapport"",""Show-Empathy""]}"
510-3_utt2_intention,510-3,2,"agent_2: yes, for sure starting to see results, id be more than happy if i could get two or three waters and at least one or two firewood ",Build-Rapport,"[1, 0, 0, 0, 0, 0, 0, 0, 0]","['Describe-Need', 'Promote-Coordination']","[0, 0, 1, 0, 0, 0, 1, 0, 0]","{""intents"":[""Describe-Need"",""Promote-Coordination""]}"
510-4_utt1_intention,510-4,1,"agent_1: I can definitely oblige on the water as we are lucky enough to have a spot that is just by the lake.  Makes for a cold night, but all the fresh water and fish you can handle!",No-Need,"[0, 0, 0, 0, 0, 1, 0, 0, 0]","['Build-Rapport', 'Promote-Coordination']","[1, 0, 0, 0, 0, 0, 1, 0, 0]","{""intents"":[""Build-Rapport"",""Promote-Coordination""]}"
510-4_utt2_intention,510-4,2,"agent_2: yea, i love some blue gill! ",Build-Rapport,"[1, 0, 0, 0, 0, 0, 0, 0, 0]","['Build-Rapport', 'Discover-Preference']","[1, 0, 0, 1, 0, 0, 0, 0, 0]","{""intents"":[""Build-Rapport"",""Discover-Preference""]}"
510-5_utt1_intention,510-5,1,"agent_1: How do you feel about this?  You get three water, I get three food, and then you take one firewood while I take the other two?",No-Intention,"[0, 0, 0, 0, 1, 0, 0, 0, 0]","['Callout-Fairness', 'Promote-Coordination', 'Discover-Preference']","[0, 1, 0, 1, 0, 0, 1, 0, 0]","{""intents"":[""Callout-Fairness"",""Promote-Coordination"",""Discover-Preference""]}"
510-5_utt2_intention,510-5,2,agent_2: that will work out wonderfully since you have the bigger party anyways ,No-Intention,"[0, 0, 0, 0, 1, 0, 0, 0, 0]","['Build-Rapport', 'Callout-Fairness', 'Promote-Coordination']","[1, 1, 0, 0, 0, 0, 1, 0, 0]","{""intents"":[""Build-Rapport"",""Callout-Fairness"",""Promote-Coordination""]}"
511-0_utt1_intention,511-0,1,"agent_1: I'm thinking I'l get 2 firewood, and 2 water and 1 food. I'm not sure what you need, but we can figure it out. ","Discover-Preference,Promote-Coordination","[0, 0, 0, 1, 0, 0, 1, 0, 0]","['Describe-Need', 'Discover-Preference', 'Promote-Coordination']","[0, 0, 1, 1, 0, 0, 1, 0, 0]","{""intents"":[""Describe-Need"",""Discover-Preference"",""Promote-Coordination""]}"
511-0_utt2_intention,511-0,2,"agent_2: my highest priority is water, i need it to stay hydrated from the camping beers",Describe-Need,"[0, 0, 1, 0, 0, 0, 0, 0, 0]","['Describe-Need', 'Discover-Preference']","[0, 0, 1, 1, 0, 0, 0, 0, 0]","{""intents"":[""Describe-Need"",""Discover-Preference""]}"
511-1_utt1_intention,511-1,1,agent_1: Who doesn't? I need more wood. I'm skinny. I get cold easily. Beer hidrates dude 🙂,Describe-Need,"[0, 0, 1, 0, 0, 0, 0, 0, 0]","['Build-Rapport', 'Describe-Need', 'Show-Empathy']","[1, 0, 1, 0, 0, 0, 0, 1, 0]","{""intents"":[""Build-Rapport"",""Describe-Need"",""Show-Empathy""]}"
511-1_utt2_intention,511-1,2,"agent_2: ha no prob on the wood, its out there in nature so i can do with less of it hows 3 water, 1 food, 0 wood sound",No-Need,"[0, 0, 0, 0, 0, 1, 0, 0, 0]","['Build-Rapport', 'Describe-Need', 'Promote-Coordination']","[1, 0, 1, 0, 0, 0, 1, 0, 0]","{""intents"":[""Build-Rapport"",""Describe-Need"",""Promote-Coordination""]}"
511-2_utt1_intention,511-2,1,agent_1: I'll need at least one water dude. I don't have any beer. 🙂,No-Intention,"[0, 0, 0, 0, 1, 0, 0, 0, 0]","['Describe-Need', 'Promote-Coordination']","[0, 0, 1, 0, 0, 0, 1, 0, 0]","{""intents"":[""Describe-Need"",""Promote-Coordination""]}"
511-2_utt2_intention,511-2,2,"agent_2: were getting closer - id do 2 water, 2 food, 1 wood",No-Intention,"[0, 0, 0, 0, 1, 0, 0, 0, 0]","['Promote-Coordination', 'Describe-Need']","[0, 0, 1, 0, 0, 0, 1, 0, 0]","{""intents"":[""Promote-Coordination"",""Describe-Need""]}"
511-3_utt1_intention,511-3,1,agent_1: I don't know. You are geting more items. That's greed bro :-),Callout-Fairness,"[0, 1, 0, 0, 0, 0, 0, 0, 0]","['Callout-Fairness', 'Undermine-Requirements']","[0, 1, 0, 0, 0, 0, 0, 0, 1]","{""intents"":[""Callout-Fairness"",""Undermine-Requirements""]}"
511-3_utt2_intention,511-3,2,agent_2: I just want to make sure you are getting extra of the items you really need like firewood🙂,Show-Empathy,"[0, 0, 0, 0, 0, 0, 0, 1, 0]","['Build-Rapport', 'Show-Empathy', 'Promote-Coordination']","[1, 0, 0, 0, 0, 0, 1, 1, 0]","{""intents"":[""Build-Rapport"",""Show-Empathy"",""Promote-Coordination""]}"
511-4_utt1_intention,511-4,1,agent_1: It's not like I don't need foor. I have two teenagers. Do you know how much they eat?,Build-Rapport,"[1, 0, 0, 0, 0, 0, 0, 0, 0]","['Describe-Need', 'Show-Empathy']","[0, 0, 1, 0, 0, 0, 0, 1, 0]","{""intents"":[""Describe-Need"",""Show-Empathy""]}"
511-4_utt2_intention,511-4,2,"agent_2: I agree, have a young one myself. But not two! Lets close this out at 2 waters, 1 firewood, 1 food for me.",Build-Rapport,"[1, 0, 0, 0, 0, 0, 0, 0, 0]","['Build-Rapport', 'Show-Empathy', 'Promote-Coordination']","[1, 0, 0, 0, 0, 0, 1, 1, 0]","{""intents"":[""Build-Rapport"",""Show-Empathy"",""Promote-Coordination""]}"
511-5_utt1_intention,511-5,1,"agent_1: I'll submit then Fire-2, Water-1, Food- 2",No-Intention,"[0, 0, 0, 0, 1, 0, 0, 0, 0]",['Promote-Coordination'],"[0, 0, 0, 0, 0, 0, 1, 0, 0]","{""intents"":[""Promote-Coordination""]}"
512-0_utt1_intention,512-0,1,agent_2: Hi there - how are you today?,Build-Rapport,"[1, 0, 0, 0, 0, 0, 0, 0, 0]","['Build-Rapport', 'Show-Empathy']","[1, 0, 0, 0, 0, 0, 0, 1, 0]","{""intents"":[""Build-Rapport"",""Show-Empathy""]}"
512-0_utt2_intention,512-0,2,agent_1: I'm doing well.  How are you today?,Build-Rapport,"[1, 0, 0, 0, 0, 0, 0, 0, 0]","['Build-Rapport', 'Show-Empathy']","[1, 0, 0, 0, 0, 0, 0, 1, 0]","{""intents"":[""Build-Rapport"",""Show-Empathy""]}"
512-1_utt1_intention,512-1,1,agent_2: Pretty good. Just hanging out with our group. Looking forward to this upcoming camping trip. It's a college reunion weekend. ,Build-Rapport,"[1, 0, 0, 0, 0, 0, 0, 0, 0]","['Build-Rapport', 'Describe-Need', 'Discover-Preference']","[1, 0, 1, 1, 0, 0, 0, 0, 0]","{""intents"":[""Build-Rapport"",""Describe-Need"",""Discover-Preference""]}"
512-1_utt2_intention,512-1,2,agent_1: Oh.  That sounds fun.  I'm getting ready to go camping with my family next weekend as well.  It will be the first time that my kids have gone camping with me.,Build-Rapport,"[1, 0, 0, 0, 0, 0, 0, 0, 0]","['Build-Rapport', 'Show-Empathy']","[1, 0, 0, 0, 0, 0, 0, 1, 0]","{""intents"":[""Build-Rapport"",""Show-Empathy""]}"
512-2_utt1_intention,512-2,1,agent_2: Aw that will be a great time then 🙂 How old are your kids? ,Build-Rapport,"[1, 0, 0, 0, 0, 0, 0, 0, 0]","['Build-Rapport', 'Show-Empathy', 'Discover-Preference']","[1, 0, 0, 1, 0, 0, 0, 1, 0]","{""intents"":[""Build-Rapport"",""Show-Empathy"",""Discover-Preference""]}"
512-2_utt2_intention,512-2,2,"agent_1: My kids are 14 and 12.  So they're fairly independent - but I also know that they want to do a lot of cooking during our camping trip.  Thus, I think that I'm going to need more firewood as I expect that we'll be having a lot of fires while we're out.  How about you?  What are you planning to do on your camping trip?","Build-Rapport,Describe-Need,Discover-Preference","[1, 0, 1, 1, 0, 0, 0, 0, 0]","['Describe-Need', 'Discover-Preference', 'Build-Rapport']","[1, 0, 1, 1, 0, 0, 0, 0, 0]","{""intents"":[""Describe-Need"",""Discover-Preference"",""Build-Rapport""]}"
512-3_utt1_intention,512-3,1,"agent_2: Good ages. They should be able to help out. We're planning to do a big bonfire, maybe some smores, and hopefully find a lake. We're looking for extra firewood and water for the bonfire and to keep hydrated","Build-Rapport,Describe-Need","[1, 0, 1, 0, 0, 0, 0, 0, 0]","['Build-Rapport', 'Describe-Need', 'Promote-Coordination']","[1, 0, 1, 0, 0, 0, 1, 0, 0]","{""intents"":[""Build-Rapport"",""Describe-Need"",""Promote-Coordination""]}"
512-3_utt2_intention,512-3,2,agent_1: That sounds like a blast.   I would like to propose that you take 2 waters and 1 firewood and I'll take 2 firewoods and 1 water for our respective trips.  Does that work for you?,No-Intention,"[0, 0, 0, 0, 1, 0, 0, 0, 0]","['Promote-Coordination', 'Describe-Need', 'Callout-Fairness']","[0, 1, 1, 0, 0, 0, 1, 0, 0]","{""intents"":[""Promote-Coordination"",""Describe-Need"",""Callout-Fairness""]}"
512-4_utt1_intention,512-4,1,"agent_2: Yes, we are all looking forward to it. Thanks for being amenable and trying to make this work. That might be okay, but could we take take the 3 packages of food? Since we won't be doing as big of a bonfire, I am sure we'll hike more or swim and need the extra energy","Build-Rapport,Describe-Need","[1, 0, 1, 0, 0, 0, 0, 0, 0]","['Build-Rapport', 'Describe-Need', 'Promote-Coordination']","[1, 0, 1, 0, 0, 0, 1, 0, 0]","{""intents"":[""Build-Rapport"",""Describe-Need"",""Promote-Coordination""]}"
512-4_utt2_intention,512-4,2,"agent_1: I was hoping to take at least some of the food with me.  As you know, those teenagers seem to hungry ALL the time.  It's like feeding fuel into a bottomless pit.  So I'm definitely going to need some of the food for my trip as well.",Build-Rapport,"[1, 0, 0, 0, 0, 0, 0, 0, 0]","['Describe-Need', 'Callout-Fairness']","[0, 1, 1, 0, 0, 0, 0, 0, 0]","{""intents"":[""Describe-Need"",""Callout-Fairness""]}"
512-5_utt1_intention,512-5,1,agent_2: Hm okay. Would 1 packet of food be sufficient? I know they are growing but my friends are ex football players and can eat 3x the normal person,Describe-Need,"[0, 0, 1, 0, 0, 0, 0, 0, 0]","['Describe-Need', 'Show-Empathy', 'Discover-Preference']","[0, 0, 1, 1, 0, 0, 0, 1, 0]","{""intents"":[""Describe-Need"",""Show-Empathy"",""Discover-Preference""]}"
512-5_utt2_intention,512-5,2,"agent_1: Those ex-football players can eat way more than the average person.  I would be OK with that deal.  I will get 2 firewood, 1 water and 1 food.  You'll get 1 firewood, 2 water and 2 food.  I'll go ahead and submit this deal for you to agree to.  Thanks for negotiating and have a great camping trip!",Build-Rapport,"[1, 0, 0, 0, 0, 0, 0, 0, 0]","['Build-Rapport', 'Promote-Coordination']","[1, 0, 0, 0, 0, 0, 1, 0, 0]","{""intents"":[""Build-Rapport"",""Promote-Coordination""]}"
513-0_utt1_intention,513-0,1,agent_2: Hello I'm really hungry and thirsty and want some food and water if that's ok with you. ,Build-Rapport,"[1, 0, 0, 0, 0, 0, 0, 0, 0]","['Describe-Need', 'Show-Empathy']","[0, 0, 1, 0, 0, 0, 0, 1, 0]","{""intents"":[""Describe-Need"",""Show-Empathy""]}"
513-0_utt2_intention,513-0,2,agent_1: Well some is okay but not all. The thing is that we left in a hurry and forgot to pick up the bag with the extra food items. I am sorry but we have kids with us so we will need the food. Am sure you understand ☹️,"Callout-Fairness,Describe-Need","[0, 1, 1, 0, 0, 0, 0, 0, 0]","['Callout-Fairness', 'Describe-Need', 'Show-Empathy']","[0, 1, 1, 0, 0, 0, 0, 1, 0]","{""intents"":[""Callout-Fairness"",""Describe-Need"",""Show-Empathy""]}"
513-1_utt1_intention,513-1,1,agent_2: Fair enough I understand that you have hungry kids. If I give you the majority of food can I get a majority of the other two items?,"Callout-Fairness,Promote-Coordination,Show-Empathy","[0, 1, 0, 0, 0, 0, 1, 1, 0]","['Build-Rapport', 'Callout-Fairness', 'Show-Empathy', 'Describe-Need', 'Promote-Coordination']","[1, 1, 1, 0, 0, 0, 1, 1, 0]","{""intents"":[""Build-Rapport"",""Callout-Fairness"",""Show-Empathy"",""Describe-Need"",""Promote-Coordination""]}"
513-1_utt2_intention,513-1,2,"agent_1: Well, what if I take all food and 1 water and you take the rest. Will that work for you? we do have enough firewood.",No-Intention,"[0, 0, 0, 0, 1, 0, 0, 0, 0]","['Callout-Fairness', 'Promote-Coordination', 'Describe-Need']","[0, 1, 1, 0, 0, 0, 1, 0, 0]","{""intents"":[""Callout-Fairness"",""Promote-Coordination"",""Describe-Need""]}"
513-2_utt1_intention,513-2,1,agent_2: No I was thinking I would get all the waters and you get 1 firewood or I get one food 2 waters and 2 firewood. ,"Callout-Fairness,Promote-Coordination","[0, 1, 0, 0, 0, 0, 1, 0, 0]","['Callout-Fairness', 'Describe-Need', 'Discover-Preference']","[0, 1, 1, 1, 0, 0, 0, 0, 0]","{""intents"":[""Callout-Fairness"",""Describe-Need"",""Discover-Preference""]}"
513-2_utt2_intention,513-2,2,agent_1: We packed enough water but the kids spilled some so I just wanted to make sure we have additional water in case we run out. But we can do with only 1 water. We do really need the food though ☹️,Describe-Need,"[0, 0, 1, 0, 0, 0, 0, 0, 0]","['Describe-Need', 'Show-Empathy', 'Promote-Coordination']","[0, 0, 1, 0, 0, 0, 1, 1, 0]","{""intents"":[""Describe-Need"",""Show-Empathy"",""Promote-Coordination""]}"
513-3_utt1_intention,513-3,1,agent_2: So do I. I'm trying to bulk up because I've been skinny all my life. ☹️ Let me just get one please☹️☹️☹️☹️☹️☹️,Describe-Need,"[0, 0, 1, 0, 0, 0, 0, 0, 0]","['Describe-Need', 'Show-Empathy']","[0, 0, 1, 0, 0, 0, 0, 1, 0]","{""intents"":[""Describe-Need"",""Show-Empathy""]}"
513-3_utt2_intention,513-3,2,"agent_1: well we do not want to be unreasonable. How about we take 2 food, 2 water then just in case they can be satisfied with the extra water. In that case you get 1 food, 1 water and all firewood. ",Callout-Fairness,"[0, 1, 0, 0, 0, 0, 0, 0, 0]","['Callout-Fairness', 'Describe-Need', 'Promote-Coordination', 'Show-Empathy']","[0, 1, 1, 0, 0, 0, 1, 1, 0]","{""intents"":[""Callout-Fairness"",""Describe-Need"",""Promote-Coordination"",""Show-Empathy""]}"
513-4_utt1_intention,513-4,1,agent_2: That is not too fair neither of us need firewood. It would be most fair if you got two of your biggest need and I got two of the others. ,Callout-Fairness,"[0, 1, 0, 0, 0, 0, 0, 0, 0]","['Callout-Fairness', 'Promote-Coordination']","[0, 1, 0, 0, 0, 0, 1, 0, 0]","{""intents"":[""Callout-Fairness"",""Promote-Coordination""]}"
513-4_utt2_intention,513-4,2,"agent_1: so you do not need the firewood at all? in that case i can take 2 food, 1 water and 2 firewood. You can take 1 food,2 waters and 1 firewood. ",No-Intention,"[0, 0, 0, 0, 1, 0, 0, 0, 0]","['Callout-Fairness', 'Describe-Need', 'Promote-Coordination']","[0, 1, 1, 0, 0, 0, 1, 0, 0]","{""intents"":[""Callout-Fairness"",""Describe-Need"",""Promote-Coordination""]}"
514-0_utt1_intention,514-0,1,agent_2: hi there🙂,No-Intention,"[0, 0, 0, 0, 1, 0, 0, 0, 0]",['Build-Rapport'],"[1, 0, 0, 0, 0, 0, 0, 0, 0]","{""intents"":[""Build-Rapport""]}"
514-0_utt2_intention,514-0,2,agent_1: Hello. How are you today? 🙂,Build-Rapport,"[1, 0, 0, 0, 0, 0, 0, 0, 0]","['Build-Rapport', 'Show-Empathy']","[1, 0, 0, 0, 0, 0, 0, 1, 0]","{""intents"":[""Build-Rapport"",""Show-Empathy""]}"
514-1_utt1_intention,514-1,1,agent_2: Pretty good!  I am looking forward to going on this camping trip with my family.,Build-Rapport,"[1, 0, 0, 0, 0, 0, 0, 0, 0]","['Build-Rapport', 'Discover-Preference']","[1, 0, 0, 1, 0, 0, 0, 0, 0]","{""intents"":[""Build-Rapport"",""Discover-Preference""]}"
514-1_utt2_intention,514-1,2,"agent_1: Same here! We had a couple bumps in the road though, as our freezer stopped working so all our food went bad ☹️",Build-Rapport,"[1, 0, 0, 0, 0, 0, 0, 0, 0]","['Build-Rapport', 'Show-Empathy']","[1, 0, 0, 0, 0, 0, 0, 1, 0]","{""intents"":[""Build-Rapport"",""Show-Empathy""]}"
514-2_utt1_intention,514-2,1,agent_2: That is rough ☹️  We should try to split the resources equitably then,"Build-Rapport,Callout-Fairness,Promote-Coordination","[1, 1, 0, 0, 0, 0, 1, 0, 0]","['Show-Empathy', 'Callout-Fairness', 'Promote-Coordination']","[0, 1, 0, 0, 0, 0, 1, 1, 0]","{""intents"":[""Show-Empathy"",""Callout-Fairness"",""Promote-Coordination""]}"
514-2_utt2_intention,514-2,2,agent_1: Ya definitely. I need food and firewood most. What do you need?,Discover-Preference,"[0, 0, 0, 1, 0, 0, 0, 0, 0]","['Describe-Need', 'Discover-Preference', 'Promote-Coordination']","[0, 0, 1, 1, 0, 0, 1, 0, 0]","{""intents"":[""Describe-Need"",""Discover-Preference"",""Promote-Coordination""]}"
514-3_utt1_intention,514-3,1,"agent_2: I believe that we have the same priorities.  So we have a large family including children that need the food, but my wife also needs firewood due to poor circulation.  She is susceptible to frost bite and limb loss",Describe-Need,"[0, 0, 1, 0, 0, 0, 0, 0, 0]","['Show-Empathy', 'Describe-Need', 'Promote-Coordination']","[0, 0, 1, 0, 0, 0, 1, 1, 0]","{""intents"":[""Show-Empathy"",""Describe-Need"",""Promote-Coordination""]}"
514-3_utt2_intention,514-3,2,"agent_1: Okay so how about one of us takes 2 of the food and 1 of the firewood, and the other takes 1 of the food and 2 of the firewood?",No-Intention,"[0, 0, 0, 0, 1, 0, 0, 0, 0]","['Callout-Fairness', 'Promote-Coordination']","[0, 1, 0, 0, 0, 0, 1, 0, 0]","{""intents"":[""Callout-Fairness"",""Promote-Coordination""]}"
514-4_utt1_intention,514-4,1,"agent_2: that sounds fair.  I will take 1 food, 2 firewood, and 2 water, thus giving you 2 food, 1 firewood, 1 water",Callout-Fairness,"[0, 1, 0, 0, 0, 0, 0, 0, 0]","['Callout-Fairness', 'Promote-Coordination']","[0, 1, 0, 0, 0, 0, 1, 0, 0]","{""intents"":[""Callout-Fairness"",""Promote-Coordination""]}"
514-4_utt2_intention,514-4,2,agent_1: Okay that works for me,No-Intention,"[0, 0, 0, 0, 1, 0, 0, 0, 0]","['Callout-Fairness', 'Promote-Coordination']","[0, 1, 0, 0, 0, 0, 1, 0, 0]","{""intents"":[""Callout-Fairness"",""Promote-Coordination""]}"
515-0_utt1_intention,515-0,1,agent_2: Hello,No-Intention,"[0, 0, 0, 0, 1, 0, 0, 0, 0]",['Build-Rapport'],"[1, 0, 0, 0, 0, 0, 0, 0, 0]","{""intents"":[""Build-Rapport""]}"
515-0_utt2_intention,515-0,2,"agent_1: hello, so what is your most important thing that you want? ",Discover-Preference,"[0, 0, 0, 1, 0, 0, 0, 0, 0]","['Discover-Preference', 'Build-Rapport']","[1, 0, 0, 1, 0, 0, 0, 0, 0]","{""intents"":[""Discover-Preference"",""Build-Rapport""]}"
515-1_utt1_intention,515-1,1,agent_2: my priority is firewood. What's yours?,Discover-Preference,"[0, 0, 0, 1, 0, 0, 0, 0, 0]","['Describe-Need', 'Discover-Preference']","[0, 0, 1, 1, 0, 0, 0, 0, 0]","{""intents"":[""Describe-Need"",""Discover-Preference""]}"
515-1_utt2_intention,515-1,2,agent_1: me and my gals thing that firewood is important also but we actually want water,No-Intention,"[0, 0, 0, 0, 1, 0, 0, 0, 0]","['Describe-Need', 'Discover-Preference']","[0, 0, 1, 1, 0, 0, 0, 0, 0]","{""intents"":[""Describe-Need"",""Discover-Preference""]}"
515-2_utt1_intention,515-2,1,agent_2: We can figure something out. Would you rather have 3 water and 0 firewood or 2 water and 1 firewood?,Promote-Coordination,"[0, 0, 0, 0, 0, 0, 1, 0, 0]","['Promote-Coordination', 'Discover-Preference']","[0, 0, 0, 1, 0, 0, 1, 0, 0]","{""intents"":[""Promote-Coordination"",""Discover-Preference""]}"
515-2_utt2_intention,515-2,2,agent_1: can i have 2 foods too,No-Intention,"[0, 0, 0, 0, 1, 0, 0, 0, 0]","['Describe-Need', 'Discover-Preference']","[0, 0, 1, 1, 0, 0, 0, 0, 0]","{""intents"":[""Describe-Need"",""Discover-Preference""]}"
515-3_utt1_intention,515-3,1,agent_2: If I can have all the firewood...,No-Intention,"[0, 0, 0, 0, 1, 0, 0, 0, 0]","['Describe-Need', 'Promote-Coordination']","[0, 0, 1, 0, 0, 0, 1, 0, 0]","{""intents"":[""Describe-Need"",""Promote-Coordination""]}"
515-3_utt2_intention,515-3,2,agent_1: i am giving you one firewood,No-Intention,"[0, 0, 0, 0, 1, 0, 0, 0, 0]","['Promote-Coordination', 'Describe-Need']","[0, 0, 1, 0, 0, 0, 1, 0, 0]","{""intents"":[""Promote-Coordination"",""Describe-Need""]}"
515-4_utt1_intention,515-4,1,agent_2: That doesn't work for me. I propose you get 2 water and one firewood and 2 food.,Callout-Fairness,"[0, 1, 0, 0, 0, 0, 0, 0, 0]","['Promote-Coordination', 'Describe-Need']","[0, 0, 1, 0, 0, 0, 1, 0, 0]","{""intents"":[""Promote-Coordination"",""Describe-Need""]}"
515-4_utt2_intention,515-4,2,"agent_1: so you would get 2 firewood, 1 water and 1 food",No-Intention,"[0, 0, 0, 0, 1, 0, 0, 0, 0]","['Promote-Coordination', 'Describe-Need']","[0, 0, 1, 0, 0, 0, 1, 0, 0]","{""intents"":[""Promote-Coordination"",""Describe-Need""]}"
515-5_utt1_intention,515-5,1,agent_2: yes,No-Intention,"[0, 0, 0, 0, 1, 0, 0, 0, 0]",['No-Intention'],"[0, 0, 0, 0, 1, 0, 0, 0, 0]","{""intents"":[""No-Intention""]}"
515-5_utt2_intention,515-5,2,agent_1: okay no problem,No-Intention,"[0, 0, 0, 0, 1, 0, 0, 0, 0]",['Promote-Coordination'],"[0, 0, 0, 0, 0, 0, 1, 0, 0]","{""intents"":[""Promote-Coordination""]}"
516-0_utt1_intention,516-0,1,"agent_2: I need the firewood and the food, you can have all the water.",No-Intention,"[0, 0, 0, 0, 1, 0, 0, 0, 0]","['Describe-Need', 'Promote-Coordination']","[0, 0, 1, 0, 0, 0, 1, 0, 0]","{""intents"":[""Describe-Need"",""Promote-Coordination""]}"
516-0_utt2_intention,516-0,2,agent_1: no i need firewood to always keep myself warm.,Describe-Need,"[0, 0, 1, 0, 0, 0, 0, 0, 0]",['Describe-Need'],"[0, 0, 1, 0, 0, 0, 0, 0, 0]","{""intents"":[""Describe-Need""]}"
516-1_utt1_intention,516-1,1,"agent_2: So do I, I have health issues.  I can give you one firewood, if I get all the food. ","Describe-Need,Promote-Coordination","[0, 0, 1, 0, 0, 0, 1, 0, 0]","['Show-Empathy', 'Describe-Need', 'Callout-Fairness']","[0, 1, 1, 0, 0, 0, 0, 1, 0]","{""intents"":[""Show-Empathy"",""Describe-Need"",""Callout-Fairness""]}"
516-1_utt2_intention,516-1,2,agent_1: why can't i get 2 firewoods?.......i'm an ulcer patient i need more than enough food to keep fit',Describe-Need,"[0, 0, 1, 0, 0, 0, 0, 0, 0]","['Callout-Fairness', 'Describe-Need']","[0, 1, 1, 0, 0, 0, 0, 0, 0]","{""intents"":[""Callout-Fairness"",""Describe-Need""]}"
516-2_utt1_intention,516-2,1,"agent_2: It will be a strain, but I can give you 2 firewood if I get all the food and two water.",Promote-Coordination,"[0, 0, 0, 0, 0, 0, 1, 0, 0]","['Show-Empathy', 'Describe-Need', 'Promote-Coordination']","[0, 0, 1, 0, 0, 0, 1, 1, 0]","{""intents"":[""Show-Empathy"",""Describe-Need"",""Promote-Coordination""]}"
516-2_utt2_intention,516-2,2,"agent_1: No that food is very much important to me......i'll get 2 food,2 firewood and 1 water",Callout-Fairness,"[0, 1, 0, 0, 0, 0, 0, 0, 0]","['Describe-Need', 'Callout-Fairness']","[0, 1, 1, 0, 0, 0, 0, 0, 0]","{""intents"":[""Describe-Need"",""Callout-Fairness""]}"
516-3_utt1_intention,516-3,1,"agent_2: With little firewood, I need the food since I can't cook fish.  How about you get 2 firewood, one food, and 1 water?",Callout-Fairness,"[0, 1, 0, 0, 0, 0, 0, 0, 0]","['Describe-Need', 'Show-Empathy', 'Promote-Coordination']","[0, 0, 1, 0, 0, 0, 1, 1, 0]","{""intents"":[""Describe-Need"",""Show-Empathy"",""Promote-Coordination""]}"
516-3_utt2_intention,516-3,2,agent_1: how about i get 2food because it is very important to my health,Describe-Need,"[0, 0, 1, 0, 0, 0, 0, 0, 0]","['Describe-Need', 'Show-Empathy']","[0, 0, 1, 0, 0, 0, 0, 1, 0]","{""intents"":[""Describe-Need"",""Show-Empathy""]}"
516-4_utt1_intention,516-4,1,"agent_2: Okay, how about you get 2 firewood, 2 food, and I get 1 firewood and 1 food and all the water?",No-Intention,"[0, 0, 0, 0, 1, 0, 0, 0, 0]","['Promote-Coordination', 'Show-Empathy', 'Describe-Need']","[0, 0, 1, 0, 0, 0, 1, 1, 0]","{""intents"":[""Promote-Coordination"",""Show-Empathy"",""Describe-Need""]}"
516-4_utt2_intention,516-4,2,"agent_1: ☹️ no i also need water,i get dehydrated easily","Callout-Fairness,Describe-Need","[0, 1, 1, 0, 0, 0, 0, 0, 0]","['Describe-Need', 'Show-Empathy']","[0, 0, 1, 0, 0, 0, 0, 1, 0]","{""intents"":[""Describe-Need"",""Show-Empathy""]}"
516-5_utt1_intention,516-5,1,"agent_2: So do I, especially since I'm doing a lot of hiking.",Describe-Need,"[0, 0, 1, 0, 0, 0, 0, 0, 0]","['Show-Empathy', 'Describe-Need']","[0, 0, 1, 0, 0, 0, 0, 1, 0]","{""intents"":[""Show-Empathy"",""Describe-Need""]}"
517-0_utt1_intention,517-0,1,agent_1: Hi there! I was looking for 3 extra packages of food and 3 packages of firewood.,No-Intention,"[0, 0, 0, 0, 1, 0, 0, 0, 0]",['Describe-Need'],"[0, 0, 1, 0, 0, 0, 0, 0, 0]","{""intents"":[""Describe-Need""]}"
517-0_utt2_intention,517-0,2,agent_2: We can work a deal out. How's your day? 🙂,"Build-Rapport,Promote-Coordination","[1, 0, 0, 0, 0, 0, 1, 0, 0]","['Build-Rapport', 'Promote-Coordination']","[1, 0, 0, 0, 0, 0, 1, 0, 0]","{""intents"":[""Build-Rapport"",""Promote-Coordination""]}"
517-1_utt1_intention,517-1,1,"agent_1: It's good, thank you 🙂 Which package is the most important for you to have on your trip do you think?","Build-Rapport,Discover-Preference","[1, 0, 0, 1, 0, 0, 0, 0, 0]","['Build-Rapport', 'Discover-Preference']","[1, 0, 0, 1, 0, 0, 0, 0, 0]","{""intents"":[""Build-Rapport"",""Discover-Preference""]}"
517-1_utt2_intention,517-1,2,"agent_2: That would be firewood. Even though is really hot there, it gets cold at night. How's the weather for you? 🙂","Build-Rapport,Describe-Need","[1, 0, 1, 0, 0, 0, 0, 0, 0]","['Describe-Need', 'Discover-Preference', 'Build-Rapport']","[1, 0, 1, 1, 0, 0, 0, 0, 0]","{""intents"":[""Describe-Need"",""Discover-Preference"",""Build-Rapport""]}"
517-2_utt1_intention,517-2,1,"agent_1: Ah yes, you'll definitely need some extra wood then! It's also pretty cold here, especially during the night. But I would definitely be willing to let you take 2 firewood in exchange for 3 food. We have a lot of people going and will be out in the middle of nowhere.","Describe-Need,Promote-Coordination,Show-Empathy","[0, 0, 1, 0, 0, 0, 1, 1, 0]","['Build-Rapport', 'Describe-Need', 'Promote-Coordination']","[1, 0, 1, 0, 0, 0, 1, 0, 0]","{""intents"":[""Build-Rapport"",""Describe-Need"",""Promote-Coordination""]}"
517-2_utt2_intention,517-2,2,agent_2: We can definitely work something out. I'll be sure it'll benefit you more than me. 🙂,Promote-Coordination,"[0, 0, 0, 0, 0, 0, 1, 0, 0]","['Build-Rapport', 'Promote-Coordination']","[1, 0, 0, 0, 0, 0, 1, 0, 0]","{""intents"":[""Build-Rapport"",""Promote-Coordination""]}"
517-3_utt1_intention,517-3,1,"agent_1: Oh, well that's really nice of you. What do you propose?",Build-Rapport,"[1, 0, 0, 0, 0, 0, 0, 0, 0]","['Build-Rapport', 'Promote-Coordination']","[1, 0, 0, 0, 0, 0, 1, 0, 0]","{""intents"":[""Build-Rapport"",""Promote-Coordination""]}"
517-3_utt2_intention,517-3,2,"agent_2: You'll get 3 food and 2 water, and I'll take 3 firewood and 1 water. 🙂",No-Intention,"[0, 0, 0, 0, 1, 0, 0, 0, 0]","['Callout-Fairness', 'Describe-Need', 'Promote-Coordination']","[0, 1, 1, 0, 0, 0, 1, 0, 0]","{""intents"":[""Callout-Fairness"",""Describe-Need"",""Promote-Coordination""]}"
517-4_utt1_intention,517-4,1,"agent_1: Hmm, I think that could definitely work! Appreciate it 🙂",Callout-Fairness,"[0, 1, 0, 0, 0, 0, 0, 0, 0]","['Build-Rapport', 'Promote-Coordination']","[1, 0, 0, 0, 0, 0, 1, 0, 0]","{""intents"":[""Build-Rapport"",""Promote-Coordination""]}"
517-4_utt2_intention,517-4,2,agent_2: Sound great 🙂,No-Intention,"[0, 0, 0, 0, 1, 0, 0, 0, 0]","['Build-Rapport', 'Promote-Coordination']","[1, 0, 0, 0, 0, 0, 1, 0, 0]","{""intents"":[""Build-Rapport"",""Promote-Coordination""]}"
518-0_utt1_intention,518-0,1,"agent_2: Hello, how are you?",Build-Rapport,"[1, 0, 0, 0, 0, 0, 0, 0, 0]","['Build-Rapport', 'Show-Empathy']","[1, 0, 0, 0, 0, 0, 0, 1, 0]","{""intents"":[""Build-Rapport"",""Show-Empathy""]}"
518-0_utt2_intention,518-0,2,"agent_1: Hello! I'm doing well, hope you are too 🙂 ",Build-Rapport,"[1, 0, 0, 0, 0, 0, 0, 0, 0]","['Build-Rapport', 'Show-Empathy']","[1, 0, 0, 0, 0, 0, 0, 1, 0]","{""intents"":[""Build-Rapport"",""Show-Empathy""]}"
518-1_utt1_intention,518-1,1,agent_2: I am!  So are you going camping as well?,Build-Rapport,"[1, 0, 0, 0, 0, 0, 0, 0, 0]","['Build-Rapport', 'Discover-Preference']","[1, 0, 0, 1, 0, 0, 0, 0, 0]","{""intents"":[""Build-Rapport"",""Discover-Preference""]}"
518-1_utt2_intention,518-1,2,agent_1: Yes! I've been looking forward to this trip for a while and I'm so excited,Build-Rapport,"[1, 0, 0, 0, 0, 0, 0, 0, 0]","['Build-Rapport', 'Promote-Coordination']","[1, 0, 0, 0, 0, 0, 1, 0, 0]","{""intents"":[""Build-Rapport"",""Promote-Coordination""]}"
518-2_utt1_intention,518-2,1,"agent_2: Yeah me too, so apparently there are some extra supplies up for grabs we need to divvy up between us.  Do you have any thoughts on how we should do that?","Build-Rapport,Promote-Coordination","[1, 0, 0, 0, 0, 0, 1, 0, 0]","['Callout-Fairness', 'Promote-Coordination', 'Discover-Preference']","[0, 1, 0, 1, 0, 0, 1, 0, 0]","{""intents"":[""Callout-Fairness"",""Promote-Coordination"",""Discover-Preference""]}"
518-2_utt2_intention,518-2,2,"agent_1: I was thinking we can say which ones we want more? Or depending on where we are camping and our camping abilities, we might need some materials more over others",Build-Rapport,"[1, 0, 0, 0, 0, 0, 0, 0, 0]","['Discover-Preference', 'Promote-Coordination']","[0, 0, 0, 1, 0, 0, 1, 0, 0]","{""intents"":[""Discover-Preference"",""Promote-Coordination""]}"
518-3_utt1_intention,518-3,1,"agent_2: That sounds good to me!  I heard where we are going it is going to be really cold the next couple of nights so we definitely need extra firewood.  We also have a pretty big group so extra food and water would come in handy too.  So how about I take 2 of the extra firewood, 1 extra water and 2 extra food?",Describe-Need,"[0, 0, 1, 0, 0, 0, 0, 0, 0]","['Describe-Need', 'Promote-Coordination']","[0, 0, 1, 0, 0, 0, 1, 0, 0]","{""intents"":[""Describe-Need"",""Promote-Coordination""]}"
518-3_utt2_intention,518-3,2,"agent_1: Oh we have a substantial group as well, one of which is newly pregnant. Since we could find firewood ourselves, how about you take 2 firewood, 1 water, 1 food? ",No-Need,"[0, 0, 0, 0, 0, 1, 0, 0, 0]","['Callout-Fairness', 'Describe-Need', 'Promote-Coordination', 'Show-Empathy']","[0, 1, 1, 0, 0, 0, 1, 1, 0]","{""intents"":[""Callout-Fairness"",""Describe-Need"",""Promote-Coordination"",""Show-Empathy""]}"
518-4_utt1_intention,518-4,1,"agent_2: We could really use that extra water and food, maybe you would be interested a little bit more firewood?  How about I take 1 firewood, 2 water, and 2 food?  I've got a big group of guys to feed.","Describe-Need,Undermine-Requirements","[0, 0, 1, 0, 0, 0, 0, 0, 1]","['Describe-Need', 'Promote-Coordination', 'Show-Empathy']","[0, 0, 1, 0, 0, 0, 1, 1, 0]","{""intents"":[""Describe-Need"",""Promote-Coordination"",""Show-Empathy""]}"
518-4_utt2_intention,518-4,2,"agent_1: I completely understand 🙂 However, my group won't really need the firewood much. We'd need the food more since we have some kids with us and the fathers are like lumberjacks haha. 2 firewood, 1 water, 1 food would work best","Describe-Need,No-Need,Show-Empathy","[0, 0, 1, 0, 0, 1, 0, 1, 0]","['Show-Empathy', 'Describe-Need', 'Promote-Coordination']","[0, 0, 1, 0, 0, 0, 1, 1, 0]","{""intents"":[""Show-Empathy"",""Describe-Need"",""Promote-Coordination""]}"
518-5_utt1_intention,518-5,1,agent_2: I suppose that seems pretty fair to me.  You have a deal!,Callout-Fairness,"[0, 1, 0, 0, 0, 0, 0, 0, 0]","['Callout-Fairness', 'Promote-Coordination']","[0, 1, 0, 0, 0, 0, 1, 0, 0]","{""intents"":[""Callout-Fairness"",""Promote-Coordination""]}"
519-0_utt1_intention,519-0,1,agent_2: Hello,No-Intention,"[0, 0, 0, 0, 1, 0, 0, 0, 0]",['Build-Rapport'],"[1, 0, 0, 0, 0, 0, 0, 0, 0]","{""intents"":[""Build-Rapport""]}"
519-0_utt2_intention,519-0,2,agent_1: Hi can I ask what camping supplies you most need?,Discover-Preference,"[0, 0, 0, 1, 0, 0, 0, 0, 0]","['Discover-Preference', 'Describe-Need']","[0, 0, 1, 1, 0, 0, 0, 0, 0]","{""intents"":[""Discover-Preference"",""Describe-Need""]}"
519-1_utt1_intention,519-1,1,agent_2: I would like the 3 food packages because my sister forgot to pack any food items for the trip. You can have all the water and firewood. ,Describe-Need,"[0, 0, 1, 0, 0, 0, 0, 0, 0]","['Describe-Need', 'Promote-Coordination']","[0, 0, 1, 0, 0, 0, 1, 0, 0]","{""intents"":[""Describe-Need"",""Promote-Coordination""]}"
519-1_utt2_intention,519-1,2,agent_1: Oh no!  I have my daughter with me and she really likes to eat.  I was hoping to get at least some of the food.  Do you need water or firewood more?,"Describe-Need,Discover-Preference","[0, 0, 1, 1, 0, 0, 0, 0, 0]","['Show-Empathy', 'Describe-Need', 'Discover-Preference']","[0, 0, 1, 1, 0, 0, 0, 1, 0]","{""intents"":[""Show-Empathy"",""Describe-Need"",""Discover-Preference""]}"
519-2_utt1_intention,519-2,1,"agent_2: I'm sure we can come to some compromise. I know my sister and I want to make s'mores in the evening. How about I get 2 food and 1 firewood, 1 water and you get the rest? ",Promote-Coordination,"[0, 0, 0, 0, 0, 0, 1, 0, 0]","['Build-Rapport', 'Callout-Fairness', 'Describe-Need', 'Promote-Coordination']","[1, 1, 1, 0, 0, 0, 1, 0, 0]","{""intents"":[""Build-Rapport"",""Callout-Fairness"",""Describe-Need"",""Promote-Coordination""]}"
519-2_utt2_intention,519-2,2,agent_1: I love s'mores.  Food is my number one concern though.  If I'm only getting 1 of the food I really need all of the water.  How does that sound?,Build-Rapport,"[1, 0, 0, 0, 0, 0, 0, 0, 0]","['Describe-Need', 'Promote-Coordination', 'Show-Empathy']","[0, 0, 1, 0, 0, 0, 1, 1, 0]","{""intents"":[""Describe-Need"",""Promote-Coordination"",""Show-Empathy""]}"
519-3_utt1_intention,519-3,1,agent_2: So I get only 3 packages? 2 food and 1 firewood? ,No-Intention,"[0, 0, 0, 0, 1, 0, 0, 0, 0]","['Callout-Fairness', 'Describe-Need', 'Promote-Coordination']","[0, 1, 1, 0, 0, 0, 1, 0, 0]","{""intents"":[""Callout-Fairness"",""Describe-Need"",""Promote-Coordination""]}"
519-3_utt2_intention,519-3,2,agent_1: Do you need more firewood?  I could compromise there.,"Discover-Preference,Promote-Coordination","[0, 0, 0, 1, 0, 0, 1, 0, 0]","['Promote-Coordination', 'Discover-Preference', 'Show-Empathy']","[0, 0, 0, 1, 0, 0, 1, 1, 0]","{""intents"":[""Promote-Coordination"",""Discover-Preference"",""Show-Empathy""]}"
519-4_utt1_intention,519-4,1,agent_2: How about I get 2 food and 2 firewood? You can get all the water plus 1 food and 1 firewood? ,No-Intention,"[0, 0, 0, 0, 1, 0, 0, 0, 0]","['Callout-Fairness', 'Promote-Coordination']","[0, 1, 0, 0, 0, 0, 1, 0, 0]","{""intents"":[""Callout-Fairness"",""Promote-Coordination""]}"
519-4_utt2_intention,519-4,2,agent_1: Yes that sounds fair.  Deal.  ,Callout-Fairness,"[0, 1, 0, 0, 0, 0, 0, 0, 0]","['Callout-Fairness', 'Promote-Coordination']","[0, 1, 0, 0, 0, 0, 1, 0, 0]","{""intents"":[""Callout-Fairness"",""Promote-Coordination""]}"
520-0_utt1_intention,520-0,1,agent_2: Hi! I like to hike so I really need more water. Could I take 2 packages of water and 1 of food and 2 of firewood?,Describe-Need,"[0, 0, 1, 0, 0, 0, 0, 0, 0]","['Describe-Need', 'Promote-Coordination']","[0, 0, 1, 0, 0, 0, 1, 0, 0]","{""intents"":[""Describe-Need"",""Promote-Coordination""]}"
520-0_utt2_intention,520-0,2,"agent_1: I am ok with the water, i just would like one water and one food, but i would appreciate two firewoods, i get cold at night  ",Describe-Need,"[0, 0, 1, 0, 0, 0, 0, 0, 0]","['Describe-Need', 'Discover-Preference', 'Promote-Coordination', 'Show-Empathy']","[0, 0, 1, 1, 0, 0, 1, 1, 0]","{""intents"":[""Describe-Need"",""Discover-Preference"",""Promote-Coordination"",""Show-Empathy""]}"
520-1_utt1_intention,520-1,1,agent_2: We both sound pretty reasonable! So you think you need 2 firewood?,"Callout-Fairness,Promote-Coordination","[0, 1, 0, 0, 0, 0, 1, 0, 0]","['Build-Rapport', 'Callout-Fairness', 'Promote-Coordination']","[1, 1, 0, 0, 0, 0, 1, 0, 0]","{""intents"":[""Build-Rapport"",""Callout-Fairness"",""Promote-Coordination""]}"
520-1_utt2_intention,520-1,2,"agent_1: yes please,  i  dont require much food or water 🙂",No-Intention,"[0, 0, 0, 0, 1, 0, 0, 0, 0]","['Describe-Need', 'No-Need', 'Promote-Coordination']","[0, 0, 1, 0, 0, 1, 1, 0, 0]","{""intents"":[""Describe-Need"",""No-Need"",""Promote-Coordination""]}"
520-2_utt1_intention,520-2,1,"agent_2: 🙂  You're being very accommodating! So right now I have 2 food, 2 water and 1 firewood. And you have 1 food, 1 water and 2 firewood, right?",Promote-Coordination,"[0, 0, 0, 0, 0, 0, 1, 0, 0]","['Build-Rapport', 'Promote-Coordination']","[1, 0, 0, 0, 0, 0, 1, 0, 0]","{""intents"":[""Build-Rapport"",""Promote-Coordination""]}"
520-2_utt2_intention,520-2,2,"agent_1: that sounds good to me, if you want to give me another food i would take it but ok if not ",Promote-Coordination,"[0, 0, 0, 0, 0, 0, 1, 0, 0]","['Build-Rapport', 'Discover-Preference', 'Promote-Coordination']","[1, 0, 0, 1, 0, 0, 1, 0, 0]","{""intents"":[""Build-Rapport"",""Discover-Preference"",""Promote-Coordination""]}"
520-3_utt1_intention,520-3,1,agent_2: I wish we could split packages in two!  How about if I give you another food and I keep two firewood?,"Promote-Coordination,Show-Empathy","[0, 0, 0, 0, 0, 0, 1, 1, 0]","['Build-Rapport', 'Promote-Coordination', 'Discover-Preference']","[1, 0, 0, 1, 0, 0, 1, 0, 0]","{""intents"":[""Build-Rapport"",""Promote-Coordination"",""Discover-Preference""]}"
520-3_utt2_intention,520-3,2,"agent_1: that is ok, the original you stated will work, 2 food, 2 water and 1 firewood for you, and 2 firewood, 1 food and 1 water for me , i need to lose weight anyways ",No-Intention,"[0, 0, 0, 0, 1, 0, 0, 0, 0]","['Promote-Coordination', 'Show-Empathy']","[0, 0, 0, 0, 0, 0, 1, 1, 0]","{""intents"":[""Promote-Coordination"",""Show-Empathy""]}"
520-4_utt1_intention,520-4,1,"agent_2: Well now that you mention it, I could lose a few pounds 😮",No-Intention,"[0, 0, 0, 0, 1, 0, 0, 0, 0]","['Build-Rapport', 'Show-Empathy']","[1, 0, 0, 0, 0, 0, 0, 1, 0]","{""intents"":[""Build-Rapport"",""Show-Empathy""]}"
520-4_utt2_intention,520-4,2,"agent_1: haha but you enjoy hiking, i do not. ",Build-Rapport,"[1, 0, 0, 0, 0, 0, 0, 0, 0]","['Build-Rapport', 'Show-Empathy']","[1, 0, 0, 0, 0, 0, 0, 1, 0]","{""intents"":[""Build-Rapport"",""Show-Empathy""]}"
520-5_utt1_intention,520-5,1,"agent_2: That's true! Okay, 2 let's go with 2 food, 2 water and 1 firewood for me and you can have 1 food, 1 water and 2 firewood. And since we are camping near each other, if you need anything, just ask! 🙂",Build-Rapport,"[1, 0, 0, 0, 0, 0, 0, 0, 0]","['Build-Rapport', 'Promote-Coordination', 'Show-Empathy']","[1, 0, 0, 0, 0, 0, 1, 1, 0]","{""intents"":[""Build-Rapport"",""Promote-Coordination"",""Show-Empathy""]}"
520-5_utt2_intention,520-5,2,agent_1: perfect ,No-Intention,"[0, 0, 0, 0, 1, 0, 0, 0, 0]","['Build-Rapport', 'Promote-Coordination']","[1, 0, 0, 0, 0, 0, 1, 0, 0]","{""intents"":[""Build-Rapport"",""Promote-Coordination""]}"
520-6_utt1_intention,520-6,1,agent_2: Do we both submit the deal?  It was nice working with you!,Build-Rapport,"[1, 0, 0, 0, 0, 0, 0, 0, 0]","['Build-Rapport', 'Promote-Coordination']","[1, 0, 0, 0, 0, 0, 1, 0, 0]","{""intents"":[""Build-Rapport"",""Promote-Coordination""]}"
520-6_utt2_intention,520-6,2,agent_1: you too!,Build-Rapport,"[1, 0, 0, 0, 0, 0, 0, 0, 0]",['Build-Rapport'],"[1, 0, 0, 0, 0, 0, 0, 0, 0]","{""intents"":[""Build-Rapport""]}"
521-0_utt1_intention,521-0,1,"agent_1: Howdy! Looking for firewood, water and food--really trying to get 3 packages of each, want to make sure my family has enough supplies for camping. I don't want anyone injured or our vacation cut short.",Describe-Need,"[0, 0, 1, 0, 0, 0, 0, 0, 0]","['Describe-Need', 'Show-Empathy', 'Promote-Coordination']","[0, 0, 1, 0, 0, 0, 1, 1, 0]","{""intents"":[""Describe-Need"",""Show-Empathy"",""Promote-Coordination""]}"
521-0_utt2_intention,521-0,2,agent_2: Ok.  I am looking to have one package of water and on package of food.,No-Intention,"[0, 0, 0, 0, 1, 0, 0, 0, 0]","['Describe-Need', 'Discover-Preference']","[0, 0, 1, 1, 0, 0, 0, 0, 0]","{""intents"":[""Describe-Need"",""Discover-Preference""]}"
521-1_utt1_intention,521-1,1,"agent_1: Is there any way you could let us have 3 packages of each? I'm just trying to make sure my family has enough, we don't get to get out in the woods that often. It's really important to us.","Build-Rapport,Describe-Need","[1, 0, 1, 0, 0, 0, 0, 0, 0]","['Describe-Need', 'Show-Empathy', 'Promote-Coordination']","[0, 0, 1, 0, 0, 0, 1, 1, 0]","{""intents"":[""Describe-Need"",""Show-Empathy"",""Promote-Coordination""]}"
521-1_utt2_intention,521-1,2,"agent_2: Well, I need 1 package of each.",No-Intention,"[0, 0, 0, 0, 1, 0, 0, 0, 0]","['Describe-Need', 'Discover-Preference']","[0, 0, 1, 1, 0, 0, 0, 0, 0]","{""intents"":[""Describe-Need"",""Discover-Preference""]}"
521-2_utt1_intention,521-2,1,"agent_1: One package of each might be doable--I thought you said you only needed one package of water and food? Can I get 3 packages of firewood at least? That's easily the most important to us, I don't want anyone getting a cold weather injury.","Callout-Fairness,Describe-Need","[0, 1, 1, 0, 0, 0, 0, 0, 0]","['Describe-Need', 'Promote-Coordination', 'Show-Empathy']","[0, 0, 1, 0, 0, 0, 1, 1, 0]","{""intents"":[""Describe-Need"",""Promote-Coordination"",""Show-Empathy""]}"
521-2_utt2_intention,521-2,2,"agent_2: I think that one package of water, one package of food and 0 packages of firewood would be ok for me.",No-Intention,"[0, 0, 0, 0, 1, 0, 0, 0, 0]","['Describe-Need', 'Discover-Preference']","[0, 0, 1, 1, 0, 0, 0, 0, 0]","{""intents"":[""Describe-Need"",""Discover-Preference""]}"
521-3_utt1_intention,521-3,1,"agent_1: Alright, I think that's agreeable to me too. I really appreciate it, that means a lot to me and my family.",Build-Rapport,"[1, 0, 0, 0, 0, 0, 0, 0, 0]","['Build-Rapport', 'Show-Empathy', 'Promote-Coordination']","[1, 0, 0, 0, 0, 0, 1, 1, 0]","{""intents"":[""Build-Rapport"",""Show-Empathy"",""Promote-Coordination""]}"
521-3_utt2_intention,521-3,2,agent_2: How many family members do you have? ,Build-Rapport,"[1, 0, 0, 0, 0, 0, 0, 0, 0]","['Discover-Preference', 'Build-Rapport']","[1, 0, 0, 1, 0, 0, 0, 0, 0]","{""intents"":[""Discover-Preference"",""Build-Rapport""]}"
521-4_utt1_intention,521-4,1,"agent_1: Me, my wife and our two kids.",Build-Rapport,"[1, 0, 0, 0, 0, 0, 0, 0, 0]","['Describe-Need', 'Build-Rapport']","[1, 0, 1, 0, 0, 0, 0, 0, 0]","{""intents"":[""Describe-Need"",""Build-Rapport""]}"
521-4_utt2_intention,521-4,2,agent_2: I could use 1 package of firewood if your family has other heating options like a butane food cooker.,Undermine-Requirements,"[0, 0, 0, 0, 0, 0, 0, 0, 1]","['Describe-Need', 'Discover-Preference', 'Promote-Coordination']","[0, 0, 1, 1, 0, 0, 1, 0, 0]","{""intents"":[""Describe-Need"",""Discover-Preference"",""Promote-Coordination""]}"
521-5_utt1_intention,521-5,1,"agent_1: I'm sorry, we really don't have any other options. I could really use 3 packages of firewood--I just can't risk a cold weather injury. Plus I promised everyone we'd be doing things the old fashioned way.","Build-Rapport,Describe-Need","[1, 0, 1, 0, 0, 0, 0, 0, 0]","['Describe-Need', 'Show-Empathy']","[0, 0, 1, 0, 0, 0, 0, 1, 0]","{""intents"":[""Describe-Need"",""Show-Empathy""]}"
521-5_utt2_intention,521-5,2,"agent_2: Ok, thqt is a deal.",No-Intention,"[0, 0, 0, 0, 1, 0, 0, 0, 0]","['Build-Rapport', 'Promote-Coordination']","[1, 0, 0, 0, 0, 0, 1, 0, 0]","{""intents"":[""Build-Rapport"",""Promote-Coordination""]}"
522-0_utt1_intention,522-0,1,agent_2: We wantto do a lot of hiking on our trip and therefore I need extra water to make sure we stay hydrated. ,Describe-Need,"[0, 0, 1, 0, 0, 0, 0, 0, 0]","['Describe-Need', 'Promote-Coordination']","[0, 0, 1, 0, 0, 0, 1, 0, 0]","{""intents"":[""Describe-Need"",""Promote-Coordination""]}"
522-0_utt2_intention,522-0,2,"agent_1: hi! thats awesome i am going camping too, but not a lot of hiking. I am bringing 2 teenage boys so food will be very important for us","Build-Rapport,Describe-Need","[1, 0, 1, 0, 0, 0, 0, 0, 0]","['Build-Rapport', 'Describe-Need', 'Discover-Preference']","[1, 0, 1, 1, 0, 0, 0, 0, 0]","{""intents"":[""Build-Rapport"",""Describe-Need"",""Discover-Preference""]}"
522-1_utt1_intention,522-1,1,"agent_2: I definitely understand that, kids can eat a lot. I  can spare 2 extra food for all the water. ","Promote-Coordination,Show-Empathy","[0, 0, 0, 0, 0, 0, 1, 1, 0]","['Show-Empathy', 'Describe-Need', 'Promote-Coordination']","[0, 0, 1, 0, 0, 0, 1, 1, 0]","{""intents"":[""Show-Empathy"",""Describe-Need"",""Promote-Coordination""]}"
522-1_utt2_intention,522-1,2,"agent_1: that will work for me - how about i take 2 food, and all the firewood - i am hoping to teach my boys campfire songs - they need other hobbies that dont include electronics :). You can have 1 food and all the water? ",Build-Rapport,"[1, 0, 0, 0, 0, 0, 0, 0, 0]","['Promote-Coordination', 'Show-Empathy', 'Describe-Need']","[0, 0, 1, 0, 0, 0, 1, 1, 0]","{""intents"":[""Promote-Coordination"",""Show-Empathy"",""Describe-Need""]}"
522-2_utt1_intention,522-2,1,agent_2: I would like just 1 firewood so we can have a smores night with the younger kids if that works?,Describe-Need,"[0, 0, 1, 0, 0, 0, 0, 0, 0]","['Describe-Need', 'Promote-Coordination']","[0, 0, 1, 0, 0, 0, 1, 0, 0]","{""intents"":[""Describe-Need"",""Promote-Coordination""]}"
522-2_utt2_intention,522-2,2,agent_1: that works for me - would you be willing to give me 1 of the waters that way i at least have a little extra,Promote-Coordination,"[0, 0, 0, 0, 0, 0, 1, 0, 0]","['Promote-Coordination', 'Callout-Fairness']","[0, 1, 0, 0, 0, 0, 1, 0, 0]","{""intents"":[""Promote-Coordination"",""Callout-Fairness""]}"
522-3_utt1_intention,522-3,1,"agent_2: No i really need all the water, if its a deal breaker than you can have all the firewood.",No-Intention,"[0, 0, 0, 0, 1, 0, 0, 0, 0]","['Describe-Need', 'No-Need']","[0, 0, 1, 0, 0, 1, 0, 0, 0]","{""intents"":[""Describe-Need"",""No-Need""]}"
522-3_utt2_intention,522-3,2,"agent_1: ok - i will take all the firewood and the 2 food, you can have all of the water and a food - that works for me. if i have extra firewood i can boil any water to make some drinking water",No-Intention,"[0, 0, 0, 0, 1, 0, 0, 0, 0]","['Promote-Coordination', 'Describe-Need']","[0, 0, 1, 0, 0, 0, 1, 0, 0]","{""intents"":[""Promote-Coordination"",""Describe-Need""]}"
522-4_utt1_intention,522-4,1,agent_2: That sounds great. We should both have a great time camping now. ,Build-Rapport,"[1, 0, 0, 0, 0, 0, 0, 0, 0]","['Build-Rapport', 'Promote-Coordination']","[1, 0, 0, 0, 0, 0, 1, 0, 0]","{""intents"":[""Build-Rapport"",""Promote-Coordination""]}"
522-4_utt2_intention,522-4,2,agent_1: i agree! ,Build-Rapport,"[1, 0, 0, 0, 0, 0, 0, 0, 0]","['Build-Rapport', 'Promote-Coordination']","[1, 0, 0, 0, 0, 0, 1, 0, 0]","{""intents"":[""Build-Rapport"",""Promote-Coordination""]}"
523-0_utt1_intention,523-0,1,agent_2: Hello 🙂 Hope you have a good amount of supplies for your trip!,Build-Rapport,"[1, 0, 0, 0, 0, 0, 0, 0, 0]","['Build-Rapport', 'Show-Empathy']","[1, 0, 0, 0, 0, 0, 0, 1, 0]","{""intents"":[""Build-Rapport"",""Show-Empathy""]}"
523-0_utt2_intention,523-0,2,"agent_1: Not really! I will need you to give me 3 food, 2 water and 2 firewood.",No-Intention,"[0, 0, 0, 0, 1, 0, 0, 0, 0]",['Describe-Need'],"[0, 0, 1, 0, 0, 0, 0, 0, 0]","{""intents"":[""Describe-Need""]}"
523-1_utt1_intention,523-1,1,"agent_2: Yea, that's not going to work for me. That would leave me with NO food, and only 1 water, and 1 firewood. Would you take that deal, if I offered it back to you?",Callout-Fairness,"[0, 1, 0, 0, 0, 0, 0, 0, 0]","['Callout-Fairness', 'Describe-Need', 'Discover-Preference']","[0, 1, 1, 1, 0, 0, 0, 0, 0]","{""intents"":[""Callout-Fairness"",""Describe-Need"",""Discover-Preference""]}"
523-1_utt2_intention,523-1,2,agent_1: Ok what will work for you?,No-Intention,"[0, 0, 0, 0, 1, 0, 0, 0, 0]","['Discover-Preference', 'Promote-Coordination']","[0, 0, 0, 1, 0, 0, 1, 0, 0]","{""intents"":[""Discover-Preference"",""Promote-Coordination""]}"
523-2_utt1_intention,523-2,1,agent_2: I really need at least some of everything. What do you need the most?,Discover-Preference,"[0, 0, 0, 1, 0, 0, 0, 0, 0]","['Describe-Need', 'Discover-Preference', 'Promote-Coordination']","[0, 0, 1, 1, 0, 0, 1, 0, 0]","{""intents"":[""Describe-Need"",""Discover-Preference"",""Promote-Coordination""]}"
523-2_utt2_intention,523-2,2,agent_1: I think we are now talking. I need food the most and water as the second priority.,Build-Rapport,"[1, 0, 0, 0, 0, 0, 0, 0, 0]","['Build-Rapport', 'Describe-Need', 'Discover-Preference', 'Promote-Coordination']","[1, 0, 1, 1, 0, 0, 1, 0, 0]","{""intents"":[""Build-Rapport"",""Describe-Need"",""Discover-Preference"",""Promote-Coordination""]}"
523-3_utt1_intention,523-3,1,agent_2: Ok. I really need the food the most. ,No-Intention,"[0, 0, 0, 0, 1, 0, 0, 0, 0]","['Describe-Need', 'Discover-Preference']","[0, 0, 1, 1, 0, 0, 0, 0, 0]","{""intents"":[""Describe-Need"",""Discover-Preference""]}"
523-3_utt2_intention,523-3,2,"agent_1: Now, let me have 2 food and 2 water and i will give you 3 firewood. What about that?",No-Intention,"[0, 0, 0, 0, 1, 0, 0, 0, 0]","['Describe-Need', 'Promote-Coordination']","[0, 0, 1, 0, 0, 0, 1, 0, 0]","{""intents"":[""Describe-Need"",""Promote-Coordination""]}"
523-4_utt1_intention,523-4,1,"agent_2: I'm not really worried about the firewood ☹️ What about I take 2 foods, and you can have the 2 waters? ",No-Intention,"[0, 0, 0, 0, 1, 0, 0, 0, 0]","['Describe-Need', 'Discover-Preference', 'Show-Empathy']","[0, 0, 1, 1, 0, 0, 0, 1, 0]","{""intents"":[""Describe-Need"",""Discover-Preference"",""Show-Empathy""]}"
523-4_utt2_intention,523-4,2,"agent_1: And 3 firewood then, that will be fine with me.",No-Intention,"[0, 0, 0, 0, 1, 0, 0, 0, 0]","['Promote-Coordination', 'Describe-Need']","[0, 0, 1, 0, 0, 0, 1, 0, 0]","{""intents"":[""Promote-Coordination"",""Describe-Need""]}"
523-5_utt1_intention,523-5,1,"agent_2: Give me 1 firewood, and we'll have a deal? ",No-Intention,"[0, 0, 0, 0, 1, 0, 0, 0, 0]","['Describe-Need', 'Promote-Coordination']","[0, 0, 1, 0, 0, 0, 1, 0, 0]","{""intents"":[""Describe-Need"",""Promote-Coordination""]}"
523-5_utt2_intention,523-5,2,"agent_1: Ok, for you. We have a deal.",No-Intention,"[0, 0, 0, 0, 1, 0, 0, 0, 0]","['Build-Rapport', 'Promote-Coordination']","[1, 0, 0, 0, 0, 0, 1, 0, 0]","{""intents"":[""Build-Rapport"",""Promote-Coordination""]}"
524-0_utt1_intention,524-0,1,"agent_2: Hello, how are you today?",Build-Rapport,"[1, 0, 0, 0, 0, 0, 0, 0, 0]","['Build-Rapport', 'Show-Empathy']","[1, 0, 0, 0, 0, 0, 0, 1, 0]","{""intents"":[""Build-Rapport"",""Show-Empathy""]}"
524-0_utt2_intention,524-0,2,agent_1: I am good. How are you?,Build-Rapport,"[1, 0, 0, 0, 0, 0, 0, 0, 0]","['Build-Rapport', 'Show-Empathy']","[1, 0, 0, 0, 0, 0, 0, 1, 0]","{""intents"":[""Build-Rapport"",""Show-Empathy""]}"
524-1_utt1_intention,524-1,1,agent_2: Doing good! Kinda slow today,Build-Rapport,"[1, 0, 0, 0, 0, 0, 0, 0, 0]","['Build-Rapport', 'Show-Empathy']","[1, 0, 0, 0, 0, 0, 0, 1, 0]","{""intents"":[""Build-Rapport"",""Show-Empathy""]}"
524-1_utt2_intention,524-1,2,agent_1: I just started. Looking forward to your trip? I really need lots of water. I hope you will take that into consideration. ,Build-Rapport,"[1, 0, 0, 0, 0, 0, 0, 0, 0]","['Build-Rapport', 'Describe-Need', 'Promote-Coordination']","[1, 0, 1, 0, 0, 0, 1, 0, 0]","{""intents"":[""Build-Rapport"",""Describe-Need"",""Promote-Coordination""]}"
524-2_utt1_intention,524-2,1,agent_2: Yup I have water but need firewood to keep warm. My trip is going to be cold.,Describe-Need,"[0, 0, 1, 0, 0, 0, 0, 0, 0]","['Describe-Need', 'Show-Empathy']","[0, 0, 1, 0, 0, 0, 0, 1, 0]","{""intents"":[""Describe-Need"",""Show-Empathy""]}"
524-2_utt2_intention,524-2,2,"agent_1: You can have all the firewood you need! I need a bit of extra food too. Would you consider 3 water, 2 food, and 0 wood for me?",No-Intention,"[0, 0, 0, 0, 1, 0, 0, 0, 0]","['Describe-Need', 'Promote-Coordination']","[0, 0, 1, 0, 0, 0, 1, 0, 0]","{""intents"":[""Describe-Need"",""Promote-Coordination""]}"
524-3_utt1_intention,524-3,1,agent_2: Yeah I can do that!,No-Intention,"[0, 0, 0, 0, 1, 0, 0, 0, 0]",['Promote-Coordination'],"[0, 0, 0, 0, 0, 0, 1, 0, 0]","{""intents"":[""Promote-Coordination""]}"
524-3_utt2_intention,524-3,2,agent_1: sounds awesome! Thank you so much!,No-Intention,"[0, 0, 0, 0, 1, 0, 0, 0, 0]","['Build-Rapport', 'Promote-Coordination']","[1, 0, 0, 0, 0, 0, 1, 0, 0]","{""intents"":[""Build-Rapport"",""Promote-Coordination""]}"
524-4_utt1_intention,524-4,1,"agent_2: What about 0 firewood, 3 water and 1 food?",No-Intention,"[0, 0, 0, 0, 1, 0, 0, 0, 0]","['Describe-Need', 'Promote-Coordination']","[0, 0, 1, 0, 0, 0, 1, 0, 0]","{""intents"":[""Describe-Need"",""Promote-Coordination""]}"
524-4_utt2_intention,524-4,2,"agent_1: Oh I thought you agreed with 3 water, 2 food and 0 water for me ☹️",No-Intention,"[0, 0, 0, 0, 1, 0, 0, 0, 0]","['Callout-Fairness', 'Describe-Need', 'Show-Empathy']","[0, 1, 1, 0, 0, 0, 0, 1, 0]","{""intents"":[""Callout-Fairness"",""Describe-Need"",""Show-Empathy""]}"
524-5_utt1_intention,524-5,1,agent_2: Yeah that can work! Was trying to bargin 🙂,No-Intention,"[0, 0, 0, 0, 1, 0, 0, 0, 0]","['Build-Rapport', 'Promote-Coordination']","[1, 0, 0, 0, 0, 0, 1, 0, 0]","{""intents"":[""Build-Rapport"",""Promote-Coordination""]}"
525-0_utt1_intention,525-0,1,"agent_2: hi there, i'm hoping we can come to an agreement on these extra items 🙂","Callout-Fairness,Promote-Coordination","[0, 1, 0, 0, 0, 0, 1, 0, 0]","['Build-Rapport', 'Promote-Coordination']","[1, 0, 0, 0, 0, 0, 1, 0, 0]","{""intents"":[""Build-Rapport"",""Promote-Coordination""]}"
525-0_utt2_intention,525-0,2,"agent_1: Hello, I would really like more food for my trip. If I can have all the food, and firewood, you can have all the water",No-Intention,"[0, 0, 0, 0, 1, 0, 0, 0, 0]","['Describe-Need', 'Callout-Fairness', 'Promote-Coordination']","[0, 1, 1, 0, 0, 0, 1, 0, 0]","{""intents"":[""Describe-Need"",""Callout-Fairness"",""Promote-Coordination""]}"
525-1_utt1_intention,525-1,1,"agent_2: Oh, that won't really work for me.  I was hoping to get extra food and water for this trip since I need water to take medication and would love the food to plan a special meal.  I'd like say, 2 food, 3 water and 1 firewood","Callout-Fairness,Describe-Need","[0, 1, 1, 0, 0, 0, 0, 0, 0]","['Describe-Need', 'Discover-Preference', 'Show-Empathy']","[0, 0, 1, 1, 0, 0, 0, 1, 0]","{""intents"":[""Describe-Need"",""Discover-Preference"",""Show-Empathy""]}"
525-1_utt2_intention,525-1,2,"agent_1: I could give you 2 food, if I could have 3 firewood and 2 water",Promote-Coordination,"[0, 0, 0, 0, 0, 0, 1, 0, 0]","['Promote-Coordination', 'Describe-Need']","[0, 0, 1, 0, 0, 0, 1, 0, 0]","{""intents"":[""Promote-Coordination"",""Describe-Need""]}"
525-2_utt1_intention,525-2,1,"agent_2: Hmm, how about I take 2 food and 2 water and you can have all the firewood?",No-Intention,"[0, 0, 0, 0, 1, 0, 0, 0, 0]","['Describe-Need', 'Promote-Coordination']","[0, 0, 1, 0, 0, 0, 1, 0, 0]","{""intents"":[""Describe-Need"",""Promote-Coordination""]}"
525-2_utt2_intention,525-2,2,"agent_1: This is fair, but I do not have any use for much firewood. I could give you 2 firewood, 2 water and 1 food",Callout-Fairness,"[0, 1, 0, 0, 0, 0, 0, 0, 0]","['Callout-Fairness', 'Describe-Need', 'Promote-Coordination']","[0, 1, 1, 0, 0, 0, 1, 0, 0]","{""intents"":[""Callout-Fairness"",""Describe-Need"",""Promote-Coordination""]}"
525-3_utt1_intention,525-3,1,"agent_2: Hmm ☹️.  How about 1 food, 3 water and 2 firewood?",No-Intention,"[0, 0, 0, 0, 1, 0, 0, 0, 0]","['Describe-Need', 'Promote-Coordination', 'Show-Empathy']","[0, 0, 1, 0, 0, 0, 1, 1, 0]","{""intents"":[""Describe-Need"",""Promote-Coordination"",""Show-Empathy""]}"
525-3_utt2_intention,525-3,2,"agent_1: I could give you 3 firewood, 2 water, but that is the most I could do",No-Intention,"[0, 0, 0, 0, 1, 0, 0, 0, 0]","['Callout-Fairness', 'Describe-Need', 'Promote-Coordination']","[0, 1, 1, 0, 0, 0, 1, 0, 0]","{""intents"":[""Callout-Fairness"",""Describe-Need"",""Promote-Coordination""]}"
525-4_utt1_intention,525-4,1,"agent_2: so 1 food, 2 water and 3 firewood?",No-Intention,"[0, 0, 0, 0, 1, 0, 0, 0, 0]","['Describe-Need', 'Promote-Coordination']","[0, 0, 1, 0, 0, 0, 1, 0, 0]","{""intents"":[""Describe-Need"",""Promote-Coordination""]}"
525-4_utt2_intention,525-4,2,"agent_1: No food, just 2 water, 3 firewood",No-Intention,"[0, 0, 0, 0, 1, 0, 0, 0, 0]","['No-Need', 'Undermine-Requirements']","[0, 0, 0, 0, 0, 1, 0, 0, 1]","{""intents"":[""No-Need"",""Undermine-Requirements""]}"
525-5_utt1_intention,525-5,1,"agent_2: 3 water, 3 firewood?",No-Intention,"[0, 0, 0, 0, 1, 0, 0, 0, 0]","['Describe-Need', 'Promote-Coordination']","[0, 0, 1, 0, 0, 0, 1, 0, 0]","{""intents"":[""Describe-Need"",""Promote-Coordination""]}"
525-5_utt2_intention,525-5,2,"agent_1: I could do 3 water, 1 firewood, if you would like more water",Promote-Coordination,"[0, 0, 0, 0, 0, 0, 1, 0, 0]","['Promote-Coordination', 'Describe-Need']","[0, 0, 1, 0, 0, 0, 1, 0, 0]","{""intents"":[""Promote-Coordination"",""Describe-Need""]}"
525-6_utt1_intention,525-6,1,"agent_2: sure, if you throw in 1 food",No-Intention,"[0, 0, 0, 0, 1, 0, 0, 0, 0]","['Describe-Need', 'Promote-Coordination']","[0, 0, 1, 0, 0, 0, 1, 0, 0]","{""intents"":[""Describe-Need"",""Promote-Coordination""]}"
525-6_utt2_intention,525-6,2,"agent_1: how about 1 food, 3 water",No-Intention,"[0, 0, 0, 0, 1, 0, 0, 0, 0]","['Promote-Coordination', 'Callout-Fairness']","[0, 1, 0, 0, 0, 0, 1, 0, 0]","{""intents"":[""Promote-Coordination"",""Callout-Fairness""]}"
525-7_utt1_intention,525-7,1,agent_2: alrighty,No-Intention,"[0, 0, 0, 0, 1, 0, 0, 0, 0]","['Build-Rapport', 'Promote-Coordination']","[1, 0, 0, 0, 0, 0, 1, 0, 0]","{""intents"":[""Build-Rapport"",""Promote-Coordination""]}"
526-0_utt1_intention,526-0,1,"agent_2: Hello, I would really like to get most of the water and firewood packages.",No-Intention,"[0, 0, 0, 0, 1, 0, 0, 0, 0]","['Describe-Need', 'Discover-Preference']","[0, 0, 1, 1, 0, 0, 0, 0, 0]","{""intents"":[""Describe-Need"",""Discover-Preference""]}"
526-0_utt2_intention,526-0,2,agent_1: You can have most of the water and firewood if I can have most of the food. I would like to get two of the firewood so I have a nice fire to come back to after searching for a source of water.,"Describe-Need,Promote-Coordination","[0, 0, 1, 0, 0, 0, 1, 0, 0]","['Callout-Fairness', 'Describe-Need', 'Promote-Coordination']","[0, 1, 1, 0, 0, 0, 1, 0, 0]","{""intents"":[""Callout-Fairness"",""Describe-Need"",""Promote-Coordination""]}"
526-1_utt1_intention,526-1,1,"agent_2: How about I take all off the water, 1 firewood and 1 food package? 🙂",No-Intention,"[0, 0, 0, 0, 1, 0, 0, 0, 0]","['Promote-Coordination', 'Describe-Need']","[0, 0, 1, 0, 0, 0, 1, 0, 0]","{""intents"":[""Promote-Coordination"",""Describe-Need""]}"
526-1_utt2_intention,526-1,2,agent_1: You can have all of the water if I can have all of the food. I promise that I will bring you back food. I am really good at foraging and I know all about what is edible in a forest 🙂 I want to have two packages of firewood so that I can have a roaring and hot fire going when I come back from being out all day. I am sure that I will find some fish to catch at my water source! 🙂 I'll bring some to back to share with you!,"Describe-Need,Promote-Coordination,Undermine-Requirements","[0, 0, 1, 0, 0, 0, 1, 0, 1]","['Callout-Fairness', 'Describe-Need', 'Promote-Coordination', 'Show-Empathy']","[0, 1, 1, 0, 0, 0, 1, 1, 0]","{""intents"":[""Callout-Fairness"",""Describe-Need"",""Promote-Coordination"",""Show-Empathy""]}"
526-2_utt1_intention,526-2,1,"agent_2: Thank you, I would appreciate that and it is very generous of you, Im not a strong hunter or fisher at all :) ",No-Intention,"[0, 0, 0, 0, 1, 0, 0, 0, 0]","['Build-Rapport', 'Show-Empathy']","[1, 0, 0, 0, 0, 0, 0, 1, 0]","{""intents"":[""Build-Rapport"",""Show-Empathy""]}"
526-2_utt2_intention,526-2,2,"agent_1: Awesome! I think we have a deal! So just to clarify, I will have all the extra food so that I can have strength to forage, you will have all the water, and I will have 2 firewoods so I can have a hot fire for our catch of the day! Are you happy with this, friend? 🙂",No-Intention,"[0, 0, 0, 0, 1, 0, 0, 0, 0]","['Build-Rapport', 'Promote-Coordination', 'Callout-Fairness']","[1, 1, 0, 0, 0, 0, 1, 0, 0]","{""intents"":[""Build-Rapport"",""Promote-Coordination"",""Callout-Fairness""]}"
526-3_utt1_intention,526-3,1,"agent_2: I do agree with that, I am happy with all of the extra water, and I should be able to get more firewood pretty easily, and since you will be sharing whatever food you find, I think that we came up with a pretty fair split.","Callout-Fairness,No-Need,Promote-Coordination","[0, 1, 0, 0, 0, 1, 1, 0, 0]","['Build-Rapport', 'Callout-Fairness', 'Promote-Coordination']","[1, 1, 0, 0, 0, 0, 1, 0, 0]","{""intents"":[""Build-Rapport"",""Callout-Fairness"",""Promote-Coordination""]}"
526-3_utt2_intention,526-3,2,agent_1: It's always lovely to have a camping companion you can cooperate with! ,Build-Rapport,"[1, 0, 0, 0, 0, 0, 0, 0, 0]","['Build-Rapport', 'Promote-Coordination']","[1, 0, 0, 0, 0, 0, 1, 0, 0]","{""intents"":[""Build-Rapport"",""Promote-Coordination""]}"
526-4_utt1_intention,526-4,1,agent_2: I completely agree and i am glad that we could work together and compromise.,Promote-Coordination,"[0, 0, 0, 0, 0, 0, 1, 0, 0]","['Build-Rapport', 'Promote-Coordination', 'Show-Empathy']","[1, 0, 0, 0, 0, 0, 1, 1, 0]","{""intents"":[""Build-Rapport"",""Promote-Coordination"",""Show-Empathy""]}"
526-4_utt2_intention,526-4,2,"agent_1: Absolutely! I am sure we will be able to find a good spot with some firewood around! I always bring my axe, so I will let you borrow it to chop wood around camp. This is also a great season for mushrooms to be growing! That would make a great side dish to the fish! I love sauteeing them over a hot fire! 🙂",Build-Rapport,"[1, 0, 0, 0, 0, 0, 0, 0, 0]","['Build-Rapport', 'Promote-Coordination']","[1, 0, 0, 0, 0, 0, 1, 0, 0]","{""intents"":[""Build-Rapport"",""Promote-Coordination""]}"
527-0_utt1_intention,527-0,1,"agent_1: Hello, how are you doing on this fine day?",Build-Rapport,"[1, 0, 0, 0, 0, 0, 0, 0, 0]","['Build-Rapport', 'Show-Empathy']","[1, 0, 0, 0, 0, 0, 0, 1, 0]","{""intents"":[""Build-Rapport"",""Show-Empathy""]}"
527-0_utt2_intention,527-0,2,"agent_2: Hello, I am doing awesome today. I am so glad I was able to get way and come camping. My bother just called me and said he is going to be coming. It was a surprise for him to be able to come🙂 How are you?",Build-Rapport,"[1, 0, 0, 0, 0, 0, 0, 0, 0]","['Build-Rapport', 'Show-Empathy']","[1, 0, 0, 0, 0, 0, 0, 1, 0]","{""intents"":[""Build-Rapport"",""Show-Empathy""]}"
527-1_utt1_intention,527-1,1,agent_1: I am well; I love going camping. I really enjoyed my time in Boy Scouts and look forward to practicing what I learned to good use,Build-Rapport,"[1, 0, 0, 0, 0, 0, 0, 0, 0]","['Build-Rapport', 'Discover-Preference']","[1, 0, 0, 1, 0, 0, 0, 0, 0]","{""intents"":[""Build-Rapport"",""Discover-Preference""]}"
527-1_utt2_intention,527-1,2,agent_2: That is awesome. I brought extra firewood if you need some. My brother forgot to pick up the water when he left town and now is 15 mins away. Do you have any you give?🙂🙂,"Describe-Need,Promote-Coordination","[0, 0, 1, 0, 0, 0, 1, 0, 0]","['Build-Rapport', 'Describe-Need', 'Promote-Coordination']","[1, 0, 1, 0, 0, 0, 1, 0, 0]","{""intents"":[""Build-Rapport"",""Describe-Need"",""Promote-Coordination""]}"
527-2_utt1_intention,527-2,1,agent_1: I would love some extra firewood; however I need some extra food too. I have diabetes and it's important that I have more food for later,Describe-Need,"[0, 0, 1, 0, 0, 0, 0, 0, 0]","['Describe-Need', 'Show-Empathy']","[0, 0, 1, 0, 0, 0, 0, 1, 0]","{""intents"":[""Describe-Need"",""Show-Empathy""]}"
527-2_utt2_intention,527-2,2,agent_2: O wow.☹️ I'm sorry to here that. I can give you all my firewood and a food if you can give me all your water. ,"Promote-Coordination,Show-Empathy","[0, 0, 0, 0, 0, 0, 1, 1, 0]","['Show-Empathy', 'Describe-Need', 'Promote-Coordination']","[0, 0, 1, 0, 0, 0, 1, 1, 0]","{""intents"":[""Show-Empathy"",""Describe-Need"",""Promote-Coordination""]}"
527-3_utt1_intention,527-3,1,agent_1: can you add one more food to it if that's ok?,No-Intention,"[0, 0, 0, 0, 1, 0, 0, 0, 0]","['Describe-Need', 'Promote-Coordination']","[0, 0, 1, 0, 0, 0, 1, 0, 0]","{""intents"":[""Describe-Need"",""Promote-Coordination""]}"
527-3_utt2_intention,527-3,2,agent_2: I really need that extra food for me and my bother. we have one to spare,Promote-Coordination,"[0, 0, 0, 0, 0, 0, 1, 0, 0]","['Describe-Need', 'Show-Empathy']","[0, 0, 1, 0, 0, 0, 0, 1, 0]","{""intents"":[""Describe-Need"",""Show-Empathy""]}"
527-4_utt1_intention,527-4,1,agent_1: so what is the whole deal here? ,No-Intention,"[0, 0, 0, 0, 1, 0, 0, 0, 0]","['Callout-Fairness', 'Promote-Coordination']","[0, 1, 0, 0, 0, 0, 1, 0, 0]","{""intents"":[""Callout-Fairness"",""Promote-Coordination""]}"
527-4_utt2_intention,527-4,2,agent_2: you get 3 firewood I get 3 waters and now food I will give you 1 if that is ok🙂,No-Intention,"[0, 0, 0, 0, 1, 0, 0, 0, 0]","['Callout-Fairness', 'Describe-Need', 'Promote-Coordination']","[0, 1, 1, 0, 0, 0, 1, 0, 0]","{""intents"":[""Callout-Fairness"",""Describe-Need"",""Promote-Coordination""]}"
527-5_utt1_intention,527-5,1,agent_1: and I have to give you more food or not?,No-Intention,"[0, 0, 0, 0, 1, 0, 0, 0, 0]","['Callout-Fairness', 'Describe-Need', 'Promote-Coordination']","[0, 1, 1, 0, 0, 0, 1, 0, 0]","{""intents"":[""Callout-Fairness"",""Describe-Need"",""Promote-Coordination""]}"
527-5_utt2_intention,527-5,2,agent_2: Ok I will give you 2 foods. 🙂,No-Intention,"[0, 0, 0, 0, 1, 0, 0, 0, 0]","['Callout-Fairness', 'Describe-Need', 'Promote-Coordination']","[0, 1, 1, 0, 0, 0, 1, 0, 0]","{""intents"":[""Callout-Fairness"",""Describe-Need"",""Promote-Coordination""]}"
527-6_utt1_intention,527-6,1,agent_1: great; I really appreciate that. I hope you and your brother have a good time camping!,Build-Rapport,"[1, 0, 0, 0, 0, 0, 0, 0, 0]","['Build-Rapport', 'Show-Empathy']","[1, 0, 0, 0, 0, 0, 0, 1, 0]","{""intents"":[""Build-Rapport"",""Show-Empathy""]}"
528-0_utt1_intention,528-0,1,"agent_1: Hi, I would like to get 2 additional packages of food, 2 additional jugs of water, and 1 additional bundle of firewood. I need the additional food because I will have 3 children with me on the trip and one of those being a baby. The baby needs water for her bottles and I need an additional bundle of firewood to warm her bottles.",Describe-Need,"[0, 0, 1, 0, 0, 0, 0, 0, 0]","['Describe-Need', 'Show-Empathy']","[0, 0, 1, 0, 0, 0, 0, 1, 0]","{""intents"":[""Describe-Need"",""Show-Empathy""]}"
528-0_utt2_intention,528-0,2,"agent_2: Hi, I appreciate your response. I would like to compromise. I will give you the bundle of firewood you requested as well as the 2 packages of food. However, I would like to get 2 jugs of water. I have 2 other adults with me on this trip and they require more water to stay hydrated than a baby would.","Describe-Need,Promote-Coordination","[0, 0, 1, 0, 0, 0, 1, 0, 0]","['Callout-Fairness', 'Promote-Coordination', 'Show-Empathy']","[0, 1, 0, 0, 0, 0, 1, 1, 0]","{""intents"":[""Callout-Fairness"",""Promote-Coordination"",""Show-Empathy""]}"
528-1_utt1_intention,528-1,1,agent_1: That actually sounds pretty good to me. 🙂,No-Intention,"[0, 0, 0, 0, 1, 0, 0, 0, 0]","['Build-Rapport', 'Promote-Coordination']","[1, 0, 0, 0, 0, 0, 1, 0, 0]","{""intents"":[""Build-Rapport"",""Promote-Coordination""]}"
528-1_utt2_intention,528-1,2,agent_2: 🙂,No-Intention,"[0, 0, 0, 0, 1, 0, 0, 0, 0]",['Build-Rapport'],"[1, 0, 0, 0, 0, 0, 0, 0, 0]","{""intents"":[""Build-Rapport""]}"
528-2_utt1_intention,528-2,1,"agent_1: So, it looks like we have reached a compromise. ",Promote-Coordination,"[0, 0, 0, 0, 0, 0, 1, 0, 0]","['Build-Rapport', 'Promote-Coordination']","[1, 0, 0, 0, 0, 0, 1, 0, 0]","{""intents"":[""Build-Rapport"",""Promote-Coordination""]}"
528-2_utt2_intention,528-2,2,"agent_2: Yes we have. Just to clarify, I will get two packages of water and you will get one. I will also get two packages of firewood and you will get 1. And then I will get 1 package of firewood and you will get 2,",No-Intention,"[0, 0, 0, 0, 1, 0, 0, 0, 0]","['Promote-Coordination', 'Callout-Fairness']","[0, 1, 0, 0, 0, 0, 1, 0, 0]","{""intents"":[""Promote-Coordination"",""Callout-Fairness""]}"
528-3_utt1_intention,528-3,1,agent_1: I will get two packages of food and you will receive one. I will get one jug of water and you will receive two. I will get one bundle of firewood and you will receive two.,No-Intention,"[0, 0, 0, 0, 1, 0, 0, 0, 0]","['Promote-Coordination', 'Callout-Fairness']","[0, 1, 0, 0, 0, 0, 1, 0, 0]","{""intents"":[""Promote-Coordination"",""Callout-Fairness""]}"
528-3_utt2_intention,528-3,2,agent_2: Perfect. It has been a pleasure negotiating!,Build-Rapport,"[1, 0, 0, 0, 0, 0, 0, 0, 0]","['Build-Rapport', 'Promote-Coordination']","[1, 0, 0, 0, 0, 0, 1, 0, 0]","{""intents"":[""Build-Rapport"",""Promote-Coordination""]}"
528-4_utt1_intention,528-4,1,"agent_1: Yes, it has been a pleasure 🙂",Build-Rapport,"[1, 0, 0, 0, 0, 0, 0, 0, 0]","['Build-Rapport', 'Show-Empathy']","[1, 0, 0, 0, 0, 0, 0, 1, 0]","{""intents"":[""Build-Rapport"",""Show-Empathy""]}"
528-4_utt2_intention,528-4,2,agent_2: 🙂 I hope you enjoy the rest of your day!,Build-Rapport,"[1, 0, 0, 0, 0, 0, 0, 0, 0]","['Build-Rapport', 'Show-Empathy']","[1, 0, 0, 0, 0, 0, 0, 1, 0]","{""intents"":[""Build-Rapport"",""Show-Empathy""]}"
529-0_utt1_intention,529-0,1,"agent_2: Hello, I was hoping we can chat. ",Build-Rapport,"[1, 0, 0, 0, 0, 0, 0, 0, 0]","['Build-Rapport', 'Promote-Coordination']","[1, 0, 0, 0, 0, 0, 1, 0, 0]","{""intents"":[""Build-Rapport"",""Promote-Coordination""]}"
529-0_utt2_intention,529-0,2,agent_1: Hi there. ,Build-Rapport,"[1, 0, 0, 0, 0, 0, 0, 0, 0]",['Build-Rapport'],"[1, 0, 0, 0, 0, 0, 0, 0, 0]","{""intents"":[""Build-Rapport""]}"
529-1_utt1_intention,529-1,1,agent_2: So why did you decide to come camping?🙂,Build-Rapport,"[1, 0, 0, 0, 0, 0, 0, 0, 0]","['Build-Rapport', 'Discover-Preference']","[1, 0, 0, 1, 0, 0, 0, 0, 0]","{""intents"":[""Build-Rapport"",""Discover-Preference""]}"
529-1_utt2_intention,529-1,2,agent_1: I think it will be fun. I was wondering what your preferences are for the extra items we can bring?,"Build-Rapport,Discover-Preference","[1, 0, 0, 1, 0, 0, 0, 0, 0]","['Build-Rapport', 'Discover-Preference', 'Promote-Coordination']","[1, 0, 0, 1, 0, 0, 1, 0, 0]","{""intents"":[""Build-Rapport"",""Discover-Preference"",""Promote-Coordination""]}"
529-2_utt1_intention,529-2,1,agent_2: I was hoping for food as I forgot a bag at of stuff at home. I also was hoping to star gaze but I may not have enough wood to keep warm.,Describe-Need,"[0, 0, 1, 0, 0, 0, 0, 0, 0]","['Describe-Need', 'Discover-Preference', 'Show-Empathy']","[0, 0, 1, 1, 0, 0, 0, 1, 0]","{""intents"":[""Describe-Need"",""Discover-Preference"",""Show-Empathy""]}"
529-2_utt2_intention,529-2,2,agent_1: I understand. I too would really like some food because I would get pretty hungry without it and I also forgot to bring some. Firewood is so important for keeping warm. There are three of each item. Maybe we can negotiate on how to split the resources,"Callout-Fairness,Describe-Need,Promote-Coordination,Show-Empathy","[0, 1, 1, 0, 0, 0, 1, 1, 0]","['Show-Empathy', 'Describe-Need', 'Promote-Coordination']","[0, 0, 1, 0, 0, 0, 1, 1, 0]","{""intents"":[""Show-Empathy"",""Describe-Need"",""Promote-Coordination""]}"
529-3_utt1_intention,529-3,1,agent_2: I don't need any water and I did bring a small amount of food. How about you take 2 food and 1 firewood.and 2 water,No-Intention,"[0, 0, 0, 0, 1, 0, 0, 0, 0]","['Describe-Need', 'Discover-Preference', 'Promote-Coordination']","[0, 0, 1, 1, 0, 0, 1, 0, 0]","{""intents"":[""Describe-Need"",""Discover-Preference"",""Promote-Coordination""]}"
529-3_utt2_intention,529-3,2,agent_1: I really could use a little more firewood. Thank you for the water. That is very helpful. I am just worried I will not have enough wood to boil it. ,No-Intention,"[0, 0, 0, 0, 1, 0, 0, 0, 0]","['Describe-Need', 'Show-Empathy', 'Promote-Coordination']","[0, 0, 1, 0, 0, 0, 1, 1, 0]","{""intents"":[""Describe-Need"",""Show-Empathy"",""Promote-Coordination""]}"
529-4_utt1_intention,529-4,1,agent_2: I think i can give 1 more fire wood.🙂,No-Intention,"[0, 0, 0, 0, 1, 0, 0, 0, 0]","['Build-Rapport', 'Promote-Coordination', 'Show-Empathy']","[1, 0, 0, 0, 0, 0, 1, 1, 0]","{""intents"":[""Build-Rapport"",""Promote-Coordination"",""Show-Empathy""]}"
529-4_utt2_intention,529-4,2,"agent_1: So, that would be 2 firewood, 2 food and 2 water for me and one of each to you? Thank you ",No-Intention,"[0, 0, 0, 0, 1, 0, 0, 0, 0]","['Callout-Fairness', 'Promote-Coordination']","[0, 1, 0, 0, 0, 0, 1, 0, 0]","{""intents"":[""Callout-Fairness"",""Promote-Coordination""]}"
529-5_utt1_intention,529-5,1,agent_2: I would really like to come out of this with a bit more. How about 2 food for me and 1 firewood and water?,No-Intention,"[0, 0, 0, 0, 1, 0, 0, 0, 0]","['Callout-Fairness', 'Describe-Need', 'Promote-Coordination']","[0, 1, 1, 0, 0, 0, 1, 0, 0]","{""intents"":[""Callout-Fairness"",""Describe-Need"",""Promote-Coordination""]}"
529-5_utt2_intention,529-5,2,agent_1: What are your current requirements on food so I can better understand your situation?,Discover-Preference,"[0, 0, 0, 1, 0, 0, 0, 0, 0]","['Discover-Preference', 'Describe-Need']","[0, 0, 1, 1, 0, 0, 0, 0, 0]","{""intents"":[""Discover-Preference"",""Describe-Need""]}"
529-6_utt1_intention,529-6,1,agent_2: ☹️ I forgot most the food I was going to bring and only have enough for less than half the planned trip.,Describe-Need,"[0, 0, 1, 0, 0, 0, 0, 0, 0]","['Describe-Need', 'Show-Empathy']","[0, 0, 1, 0, 0, 0, 0, 1, 0]","{""intents"":[""Describe-Need"",""Show-Empathy""]}"
529-6_utt2_intention,529-6,2,agent_1: I understand. I guess we are in the same predicament. I have two kids with me though and they are hungry too. How long are you camping for? We are here a week.,"Build-Rapport,Describe-Need,Show-Empathy","[1, 0, 1, 0, 0, 0, 0, 1, 0]","['Show-Empathy', 'Describe-Need', 'Discover-Preference']","[0, 0, 1, 1, 0, 0, 0, 1, 0]","{""intents"":[""Show-Empathy"",""Describe-Need"",""Discover-Preference""]}"
529-7_utt1_intention,529-7,1,agent_2: I let my two girls bring their friend. Its their first overnight trip for more than a night. We also had a week planned.,Build-Rapport,"[1, 0, 0, 0, 0, 0, 0, 0, 0]","['Build-Rapport', 'Describe-Need']","[1, 0, 1, 0, 0, 0, 0, 0, 0]","{""intents"":[""Build-Rapport"",""Describe-Need""]}"
529-7_utt2_intention,529-7,2,agent_1: My kids really eat a lot. But then yours probably to as well!,Build-Rapport,"[1, 0, 0, 0, 0, 0, 0, 0, 0]","['Build-Rapport', 'Show-Empathy']","[1, 0, 0, 0, 0, 0, 0, 1, 0]","{""intents"":[""Build-Rapport"",""Show-Empathy""]}"
529-8_utt1_intention,529-8,1,agent_2: Can we agree on 2 food for me and 1 water and firewood,No-Intention,"[0, 0, 0, 0, 1, 0, 0, 0, 0]","['Callout-Fairness', 'Describe-Need', 'Promote-Coordination']","[0, 1, 1, 0, 0, 0, 1, 0, 0]","{""intents"":[""Callout-Fairness"",""Describe-Need"",""Promote-Coordination""]}"
529-8_utt2_intention,529-8,2,agent_1: How about if I give you 2 water and I take the 2 food?,No-Intention,"[0, 0, 0, 0, 1, 0, 0, 0, 0]","['Promote-Coordination', 'Callout-Fairness']","[0, 1, 0, 0, 0, 0, 1, 0, 0]","{""intents"":[""Promote-Coordination"",""Callout-Fairness""]}"
529-9_utt1_intention,529-9,1,agent_2: I don't need water I have plenty of water. You said you needed wood to boil the waters. So I offered more wood.,"No-Need,Promote-Coordination","[0, 0, 0, 0, 0, 1, 1, 0, 0]","['Describe-Need', 'Callout-Fairness']","[0, 1, 1, 0, 0, 0, 0, 0, 0]","{""intents"":[""Describe-Need"",""Callout-Fairness""]}"
529-9_utt2_intention,529-9,2,"agent_1: Okay, how about this. I understand that you have more kids than me and there are only limited resources. Let's agree that you get 2 food, 1 water and 1 firewood",Show-Empathy,"[0, 0, 0, 0, 0, 0, 0, 1, 0]","['Build-Rapport', 'Callout-Fairness', 'Promote-Coordination', 'Show-Empathy']","[1, 1, 0, 0, 0, 0, 1, 1, 0]","{""intents"":[""Build-Rapport"",""Callout-Fairness"",""Promote-Coordination"",""Show-Empathy""]}"
530-0_utt1_intention,530-0,1,"agent_2: Hello. I would like to take the following items. (2) Firewood, (2) Water, and Food (2)",No-Intention,"[0, 0, 0, 0, 1, 0, 0, 0, 0]","['Describe-Need', 'Promote-Coordination']","[0, 0, 1, 0, 0, 0, 1, 0, 0]","{""intents"":[""Describe-Need"",""Promote-Coordination""]}"
530-0_utt2_intention,530-0,2,agent_1: hello,No-Intention,"[0, 0, 0, 0, 1, 0, 0, 0, 0]",['Build-Rapport'],"[1, 0, 0, 0, 0, 0, 0, 0, 0]","{""intents"":[""Build-Rapport""]}"
530-1_utt1_intention,530-1,1,agent_2: I have brought my sons and a few of their friends so my group is larger. Will this deal work for you?,No-Intention,"[0, 0, 0, 0, 1, 0, 0, 0, 0]","['Describe-Need', 'Discover-Preference', 'Promote-Coordination']","[0, 0, 1, 1, 0, 0, 1, 0, 0]","{""intents"":[""Describe-Need"",""Discover-Preference"",""Promote-Coordination""]}"
530-1_utt2_intention,530-1,2,"agent_1: Hello, well what do you think its the most important for you? i would like to take the food as my important and i can get 2 of that. and then you can get your most important and you can get the 2 firewood",Promote-Coordination,"[0, 0, 0, 0, 0, 0, 1, 0, 0]","['Discover-Preference', 'Describe-Need', 'Promote-Coordination']","[0, 0, 1, 1, 0, 0, 1, 0, 0]","{""intents"":[""Discover-Preference"",""Describe-Need"",""Promote-Coordination""]}"
530-2_utt1_intention,530-2,1,"agent_2: Well, To be honest I plan to take the boys hiking. It's a long walk so we will need to stay hydrated. So water has to be (2) Firewood is definitely important to us, but I'm not sure we can get by on just (1) food",Describe-Need,"[0, 0, 1, 0, 0, 0, 0, 0, 0]","['Describe-Need', 'Discover-Preference']","[0, 0, 1, 1, 0, 0, 0, 0, 0]","{""intents"":[""Describe-Need"",""Discover-Preference""]}"
530-2_utt2_intention,530-2,2,"agent_1: then you can get 2 food, 1 water and 2 firewoods ",No-Intention,"[0, 0, 0, 0, 1, 0, 0, 0, 0]","['Promote-Coordination', 'Discover-Preference']","[0, 0, 0, 1, 0, 0, 1, 0, 0]","{""intents"":[""Promote-Coordination"",""Discover-Preference""]}"
530-3_utt1_intention,530-3,1,agent_2: After talking it over the boys I think with can go with 2 water 1 food and 2 firewood🙂,No-Intention,"[0, 0, 0, 0, 1, 0, 0, 0, 0]","['Describe-Need', 'Promote-Coordination']","[0, 0, 1, 0, 0, 0, 1, 0, 0]","{""intents"":[""Describe-Need"",""Promote-Coordination""]}"
530-3_utt2_intention,530-3,2,agent_1: sounds good want to submit?,No-Intention,"[0, 0, 0, 0, 1, 0, 0, 0, 0]",['Promote-Coordination'],"[0, 0, 0, 0, 0, 0, 1, 0, 0]","{""intents"":[""Promote-Coordination""]}"
530-4_utt1_intention,530-4,1,agent_2: I want to make sure that we have everything we need. Are you sure that deal is okay for you and your camp?😮,"Callout-Fairness,Promote-Coordination","[0, 1, 0, 0, 0, 0, 1, 0, 0]","['Describe-Need', 'Promote-Coordination', 'Callout-Fairness']","[0, 1, 1, 0, 0, 0, 1, 0, 0]","{""intents"":[""Describe-Need"",""Promote-Coordination"",""Callout-Fairness""]}"
530-4_utt2_intention,530-4,2,"agent_1: yes it is , sounds good",No-Intention,"[0, 0, 0, 0, 1, 0, 0, 0, 0]","['Build-Rapport', 'Promote-Coordination']","[1, 0, 0, 0, 0, 0, 1, 0, 0]","{""intents"":[""Build-Rapport"",""Promote-Coordination""]}"
530-5_utt1_intention,530-5,1,agent_2: Okie dokie🙂,No-Intention,"[0, 0, 0, 0, 1, 0, 0, 0, 0]","['Build-Rapport', 'Promote-Coordination']","[1, 0, 0, 0, 0, 0, 1, 0, 0]","{""intents"":[""Build-Rapport"",""Promote-Coordination""]}"
531-0_utt1_intention,531-0,1,"agent_1: Hey there, how's it going?",Build-Rapport,"[1, 0, 0, 0, 0, 0, 0, 0, 0]",['Build-Rapport'],"[1, 0, 0, 0, 0, 0, 0, 0, 0]","{""intents"":[""Build-Rapport""]}"
531-0_utt2_intention,531-0,2,agent_2: It's going good! Just making the final plans for my camping trip this weekend. What about you?,Build-Rapport,"[1, 0, 0, 0, 0, 0, 0, 0, 0]","['Build-Rapport', 'Describe-Need', 'Discover-Preference']","[1, 0, 1, 1, 0, 0, 0, 0, 0]","{""intents"":[""Build-Rapport"",""Describe-Need"",""Discover-Preference""]}"
531-1_utt1_intention,531-1,1,agent_1: Yeah same here. The kids are really looking forward to it.,Build-Rapport,"[1, 0, 0, 0, 0, 0, 0, 0, 0]","['Build-Rapport', 'Show-Empathy']","[1, 0, 0, 0, 0, 0, 0, 1, 0]","{""intents"":[""Build-Rapport"",""Show-Empathy""]}"
531-1_utt2_intention,531-1,2,"agent_2: Same, my kids are as well! They have not been camping before. They are super excited about the campfires. I'm worried I don't have near enough firewood though. I just found out you can't cut any trees down where we are staying. ","Build-Rapport,Describe-Need","[1, 0, 1, 0, 0, 0, 0, 0, 0]","['Build-Rapport', 'Describe-Need', 'Show-Empathy']","[1, 0, 1, 0, 0, 0, 0, 1, 0]","{""intents"":[""Build-Rapport"",""Describe-Need"",""Show-Empathy""]}"
531-2_utt1_intention,531-2,1,agent_1: oh no I'm so sorry to hear that. My kid are looking forward to the ghost stories around the campfire.,"Build-Rapport,Show-Empathy","[1, 0, 0, 0, 0, 0, 0, 1, 0]","['Show-Empathy', 'Build-Rapport']","[1, 0, 0, 0, 0, 0, 0, 1, 0]","{""intents"":[""Show-Empathy"",""Build-Rapport""]}"
531-2_utt2_intention,531-2,2,agent_2: My kids will enjoy that as well. I'm hoping I can pack several extra things of firewood. If I could get 3 more packages I would feel better about having enough firewood to have campfires during the evening and to cook on. ,"Build-Rapport,Describe-Need","[1, 0, 1, 0, 0, 0, 0, 0, 0]","['Describe-Need', 'Promote-Coordination']","[0, 0, 1, 0, 0, 0, 1, 0, 0]","{""intents"":[""Describe-Need"",""Promote-Coordination""]}"
531-3_utt1_intention,531-3,1,agent_1: ok I completely understand. I am more than happy to offer you 3 firewood in exchange for 3 food. If you are ok with splitting 2 water for me and 1 for you that works well. My kids need food and water for their medications.,"Describe-Need,Promote-Coordination,Show-Empathy","[0, 0, 1, 0, 0, 0, 1, 1, 0]","['Build-Rapport', 'Describe-Need', 'Promote-Coordination', 'Show-Empathy']","[1, 0, 1, 0, 0, 0, 1, 1, 0]","{""intents"":[""Build-Rapport"",""Describe-Need"",""Promote-Coordination"",""Show-Empathy""]}"
531-3_utt2_intention,531-3,2,"agent_2: Hmm I will consider it. I'm worried about not having enough food for my kids. They seem to be on a growing spurt and get very frustrated quickly when they are hungry. I would be will to negotiate it I can get 3 firewood, 1 food, and 1 water. ",Describe-Need,"[0, 0, 1, 0, 0, 0, 0, 0, 0]","['Describe-Need', 'Show-Empathy', 'Promote-Coordination']","[0, 0, 1, 0, 0, 0, 1, 1, 0]","{""intents"":[""Describe-Need"",""Show-Empathy"",""Promote-Coordination""]}"
531-4_utt1_intention,531-4,1,"agent_1: Food is very important to me probably as much as firewood is to you. If we can stick with the 3 food, 0 firewood and 2 water that would be great. ",No-Intention,"[0, 0, 0, 0, 1, 0, 0, 0, 0]","['Describe-Need', 'Show-Empathy', 'Promote-Coordination']","[0, 0, 1, 0, 0, 0, 1, 1, 0]","{""intents"":[""Describe-Need"",""Show-Empathy"",""Promote-Coordination""]}"
531-4_utt2_intention,531-4,2,"agent_2: I can tell that this is very important to your kids, so I will be willing to do this. ",Promote-Coordination,"[0, 0, 0, 0, 0, 0, 1, 0, 0]","['Build-Rapport', 'Show-Empathy', 'Promote-Coordination']","[1, 0, 0, 0, 0, 0, 1, 1, 0]","{""intents"":[""Build-Rapport"",""Show-Empathy"",""Promote-Coordination""]}"
532-0_utt1_intention,532-0,1,"agent_1: Hey, how are you doing today? are you excited to go camping?",Build-Rapport,"[1, 0, 0, 0, 0, 0, 0, 0, 0]","['Build-Rapport', 'Discover-Preference']","[1, 0, 0, 1, 0, 0, 0, 0, 0]","{""intents"":[""Build-Rapport"",""Discover-Preference""]}"
532-0_utt2_intention,532-0,2,"agent_2: I am good. How about you?  Yes, I love camping!",Build-Rapport,"[1, 0, 0, 0, 0, 0, 0, 0, 0]","['Build-Rapport', 'Discover-Preference', 'Show-Empathy']","[1, 0, 0, 1, 0, 0, 0, 1, 0]","{""intents"":[""Build-Rapport"",""Discover-Preference"",""Show-Empathy""]}"
532-1_utt1_intention,532-1,1,agent_1: I am doing great! camping is super enjoyable,Build-Rapport,"[1, 0, 0, 0, 0, 0, 0, 0, 0]","['Build-Rapport', 'Show-Empathy']","[1, 0, 0, 0, 0, 0, 0, 1, 0]","{""intents"":[""Build-Rapport"",""Show-Empathy""]}"
532-1_utt2_intention,532-1,2,agent_2: Do you bring enough stuff?,Build-Rapport,"[1, 0, 0, 0, 0, 0, 0, 0, 0]","['Describe-Need', 'Promote-Coordination']","[0, 0, 1, 0, 0, 0, 1, 0, 0]","{""intents"":[""Describe-Need"",""Promote-Coordination""]}"
532-2_utt1_intention,532-2,1,"agent_1: I have some stuff, but I really need a decent amount of firewood. Gets really cold at night where we camp",Describe-Need,"[0, 0, 1, 0, 0, 0, 0, 0, 0]","['Describe-Need', 'Promote-Coordination']","[0, 0, 1, 0, 0, 0, 1, 0, 0]","{""intents"":[""Describe-Need"",""Promote-Coordination""]}"
532-2_utt2_intention,532-2,2,agent_2: I am fine with the cold although I might need some to set up the fire. I have a baby with me so I might need to heat up the milk or food. ,Describe-Need,"[0, 0, 1, 0, 0, 0, 0, 0, 0]","['Describe-Need', 'Show-Empathy', 'Promote-Coordination']","[0, 0, 1, 0, 0, 0, 1, 1, 0]","{""intents"":[""Describe-Need"",""Show-Empathy"",""Promote-Coordination""]}"
532-3_utt1_intention,532-3,1,"agent_1: Oh, I see. How about 2 firewood for you and 2 food. I keep the rest",No-Intention,"[0, 0, 0, 0, 1, 0, 0, 0, 0]","['Promote-Coordination', 'Describe-Need']","[0, 0, 1, 0, 0, 0, 1, 0, 0]","{""intents"":[""Promote-Coordination"",""Describe-Need""]}"
532-3_utt2_intention,532-3,2,agent_2: I don't really need food. I can do it with 1 firewood so you can get the rest. But I really need water. We are going hiking and drink a lot.,Describe-Need,"[0, 0, 1, 0, 0, 0, 0, 0, 0]","['Describe-Need', 'No-Need', 'Promote-Coordination']","[0, 0, 1, 0, 0, 1, 1, 0, 0]","{""intents"":[""Describe-Need"",""No-Need"",""Promote-Coordination""]}"
532-4_utt1_intention,532-4,1,"agent_1: Ok, would you do 1 firewood, 2 water and 1 food then?",No-Intention,"[0, 0, 0, 0, 1, 0, 0, 0, 0]","['Describe-Need', 'Promote-Coordination']","[0, 0, 1, 0, 0, 0, 1, 0, 0]","{""intents"":[""Describe-Need"",""Promote-Coordination""]}"
532-4_utt2_intention,532-4,2,agent_2: Can I get 3 water and 1 firewood instead?,No-Intention,"[0, 0, 0, 0, 1, 0, 0, 0, 0]","['Describe-Need', 'Promote-Coordination']","[0, 0, 1, 0, 0, 0, 1, 0, 0]","{""intents"":[""Describe-Need"",""Promote-Coordination""]}"
532-5_utt1_intention,532-5,1,"agent_1: so I get 2 firewood, and 3 food? Ok I will agree to that",No-Intention,"[0, 0, 0, 0, 1, 0, 0, 0, 0]","['Promote-Coordination', 'Callout-Fairness']","[0, 1, 0, 0, 0, 0, 1, 0, 0]","{""intents"":[""Promote-Coordination"",""Callout-Fairness""]}"
532-5_utt2_intention,532-5,2,agent_2: Great! Sounds like a deal! we have enough food for tonight so I think we will be good. ,No-Intention,"[0, 0, 0, 0, 1, 0, 0, 0, 0]","['Build-Rapport', 'Promote-Coordination']","[1, 0, 0, 0, 0, 0, 1, 0, 0]","{""intents"":[""Build-Rapport"",""Promote-Coordination""]}"
532-6_utt1_intention,532-6,1,agent_1: awesome! enjoy your trip,Build-Rapport,"[1, 0, 0, 0, 0, 0, 0, 0, 0]","['Build-Rapport', 'Show-Empathy']","[1, 0, 0, 0, 0, 0, 0, 1, 0]","{""intents"":[""Build-Rapport"",""Show-Empathy""]}"
533-0_utt1_intention,533-0,1,agent_2: Hi! I'm super excited to go camping with my family as a great way to vacation due to Covid19. My kid is so restless from being cooped up in the house all the time. Are you planning on going camping too?,Build-Rapport,"[1, 0, 0, 0, 0, 0, 0, 0, 0]","['Build-Rapport', 'Show-Empathy', 'Discover-Preference']","[1, 0, 0, 1, 0, 0, 0, 1, 0]","{""intents"":[""Build-Rapport"",""Show-Empathy"",""Discover-Preference""]}"
533-0_utt2_intention,533-0,2,"agent_1: I am! It is the perfect way to get away and still manage to social distance! I am worried about having enough water though, are you short on any supplies?","Build-Rapport,Discover-Preference","[1, 0, 0, 1, 0, 0, 0, 0, 0]","['Build-Rapport', 'Describe-Need', 'Promote-Coordination']","[1, 0, 1, 0, 0, 0, 1, 0, 0]","{""intents"":[""Build-Rapport"",""Describe-Need"",""Promote-Coordination""]}"
533-1_utt1_intention,533-1,1,"agent_2: I think I'm good. I'm not 100% sure. My husband likes to do adventures on the fly. He got these water filter straw thingies from Amazon and said that if we run out of the water I packed, that we can drink the water in the lake but I don't really trust the straws.","Build-Rapport,No-Need","[1, 0, 0, 0, 0, 1, 0, 0, 0]","['Describe-Need', 'Show-Empathy', 'Discover-Preference']","[0, 0, 1, 1, 0, 0, 0, 1, 0]","{""intents"":[""Describe-Need"",""Show-Empathy"",""Discover-Preference""]}"
533-1_utt2_intention,533-1,2,"agent_1: Sounds like you need water too. How about you take 2 water, 1 food, and 1 firewood?",No-Intention,"[0, 0, 0, 0, 1, 0, 0, 0, 0]","['Promote-Coordination', 'Show-Empathy']","[0, 0, 0, 0, 0, 0, 1, 1, 0]","{""intents"":[""Promote-Coordination"",""Show-Empathy""]}"
533-2_utt1_intention,533-2,1,"agent_2: I don't know, you said you're worried about having enough water too. I'm excited to make campfires though! My kid hasn't had a campfire smore yet so I'm super excited to see his face of joy when he experiences it.",Build-Rapport,"[1, 0, 0, 0, 0, 0, 0, 0, 0]","['Build-Rapport', 'Show-Empathy', 'Discover-Preference']","[1, 0, 0, 1, 0, 0, 0, 1, 0]","{""intents"":[""Build-Rapport"",""Show-Empathy"",""Discover-Preference""]}"
533-2_utt2_intention,533-2,2,"agent_1: I am worried about water but also could use a little more food, just in case. I am looking forward to a nice campfire as well!",Build-Rapport,"[1, 0, 0, 0, 0, 0, 0, 0, 0]","['Describe-Need', 'Promote-Coordination', 'Show-Empathy']","[0, 0, 1, 0, 0, 0, 1, 1, 0]","{""intents"":[""Describe-Need"",""Promote-Coordination"",""Show-Empathy""]}"
533-3_utt1_intention,533-3,1,agent_2: I know! Camping's so much fun! Where do you plan to be going?,Build-Rapport,"[1, 0, 0, 0, 0, 0, 0, 0, 0]","['Build-Rapport', 'Discover-Preference']","[1, 0, 0, 1, 0, 0, 0, 0, 0]","{""intents"":[""Build-Rapport"",""Discover-Preference""]}"
533-3_utt2_intention,533-3,2,"agent_1: We will be camping up north, nothing around for miles!",Build-Rapport,"[1, 0, 0, 0, 0, 0, 0, 0, 0]","['Describe-Need', 'Promote-Coordination']","[0, 0, 1, 0, 0, 0, 1, 0, 0]","{""intents"":[""Describe-Need"",""Promote-Coordination""]}"
533-4_utt1_intention,533-4,1,"agent_2: Ooh, that sounds like you're really roughing it! What kind of activities do you plan to do? I'm planning to really tire my kid out and do a lot of hiking. My husband's also excited to practice ""survival skills"" and wants to do a lot of fishing and foraging too.",Build-Rapport,"[1, 0, 0, 0, 0, 0, 0, 0, 0]","['Build-Rapport', 'Discover-Preference']","[1, 0, 0, 1, 0, 0, 0, 0, 0]","{""intents"":[""Build-Rapport"",""Discover-Preference""]}"
533-4_utt2_intention,533-4,2,"agent_1: We will be going with my sons, we are going to be doing a lot of fishing if weather permits! Practicing survival skills sounds fun, and useful! How would you like to split the extra supplies?","Build-Rapport,Promote-Coordination","[1, 0, 0, 0, 0, 0, 1, 0, 0]","['Build-Rapport', 'Callout-Fairness', 'Promote-Coordination']","[1, 1, 0, 0, 0, 0, 1, 0, 0]","{""intents"":[""Build-Rapport"",""Callout-Fairness"",""Promote-Coordination""]}"
534-0_utt1_intention,534-0,1,"agent_2: Hello! And happy camping! 🙂 To start off, I am thinking that I will need at least 3 firewood, 2 water and 1 food. Last time my axe broke and we ran out of wood! What do you think/need?","Build-Rapport,Describe-Need,Discover-Preference","[1, 0, 1, 1, 0, 0, 0, 0, 0]","['Build-Rapport', 'Describe-Need', 'Discover-Preference', 'Promote-Coordination']","[1, 0, 1, 1, 0, 0, 1, 0, 0]","{""intents"":[""Build-Rapport"",""Describe-Need"",""Discover-Preference"",""Promote-Coordination""]}"
534-0_utt2_intention,534-0,2,agent_1: I also was really needing some firewood. It's supposed to get pretty cold at night where we are camping and I need to make sure I can keep my kids warm.,Describe-Need,"[0, 0, 1, 0, 0, 0, 0, 0, 0]","['Describe-Need', 'Show-Empathy', 'Promote-Coordination']","[0, 0, 1, 0, 0, 0, 1, 1, 0]","{""intents"":[""Describe-Need"",""Show-Empathy"",""Promote-Coordination""]}"
534-1_utt1_intention,534-1,1,"agent_2: Hmm.. well let's see! What is your second priority? I would be willing to give up all of that, if I could get at least 2 firewood. You're right, it sure does get chilly ☹️","Build-Rapport,Promote-Coordination","[1, 0, 0, 0, 0, 0, 1, 0, 0]","['Discover-Preference', 'Show-Empathy', 'Promote-Coordination']","[0, 0, 0, 1, 0, 0, 1, 1, 0]","{""intents"":[""Discover-Preference"",""Show-Empathy"",""Promote-Coordination""]}"
534-1_utt2_intention,534-1,2,agent_1: What if I got 3 foods and 2 waters. and you got 3 firewood and 1 water. If I could get a little more food that doesn't need to be cooked over the fire I might be able to get by. And I'll need to buy more water so I don't have to boil it since I won't have much firewood. ,Describe-Need,"[0, 0, 1, 0, 0, 0, 0, 0, 0]","['Describe-Need', 'Promote-Coordination']","[0, 0, 1, 0, 0, 0, 1, 0, 0]","{""intents"":[""Describe-Need"",""Promote-Coordination""]}"
534-2_utt1_intention,534-2,1,"agent_2: I would say that sounds like a good deal! I am a little worried about water though, there aren't any sources of water where we are going. Hmm..",No-Intention,"[0, 0, 0, 0, 1, 0, 0, 0, 0]","['Promote-Coordination', 'Show-Empathy', 'Describe-Need']","[0, 0, 1, 0, 0, 0, 1, 1, 0]","{""intents"":[""Promote-Coordination"",""Show-Empathy"",""Describe-Need""]}"
534-2_utt2_intention,534-2,2,agent_1: I think having 3 packages of firewood will help! you can always boil water from a  fresh spring 🙂,Undermine-Requirements,"[0, 0, 0, 0, 0, 0, 0, 0, 1]","['Describe-Need', 'Promote-Coordination']","[0, 0, 1, 0, 0, 0, 1, 0, 0]","{""intents"":[""Describe-Need"",""Promote-Coordination""]}"
534-3_utt1_intention,534-3,1,"agent_2: That's true! Thank you so much for the advice, I am definitely new to this camping thing 🙂 Well I think 3 foods, 2 waters for you sounds like a good deal. Firewood will definitely be needed on our trip! 🙂",No-Intention,"[0, 0, 0, 0, 1, 0, 0, 0, 0]","['Build-Rapport', 'Callout-Fairness', 'Promote-Coordination']","[1, 1, 0, 0, 0, 0, 1, 0, 0]","{""intents"":[""Build-Rapport"",""Callout-Fairness"",""Promote-Coordination""]}"
534-3_utt2_intention,534-3,2,agent_1: Thank you so much!! Camping is so much fun! you will love it!,Build-Rapport,"[1, 0, 0, 0, 0, 0, 0, 0, 0]","['Build-Rapport', 'Show-Empathy']","[1, 0, 0, 0, 0, 0, 0, 1, 0]","{""intents"":[""Build-Rapport"",""Show-Empathy""]}"
534-4_utt1_intention,534-4,1,"agent_2: Thank you, I hope you have a wonderful time with your kiddos. 🙂",Build-Rapport,"[1, 0, 0, 0, 0, 0, 0, 0, 0]","['Build-Rapport', 'Show-Empathy']","[1, 0, 0, 0, 0, 0, 0, 1, 0]","{""intents"":[""Build-Rapport"",""Show-Empathy""]}"
534-4_utt2_intention,534-4,2,agent_1: Same!! I hope you enjoy the great outdoors and make memories! 🙂,Build-Rapport,"[1, 0, 0, 0, 0, 0, 0, 0, 0]","['Build-Rapport', 'Show-Empathy']","[1, 0, 0, 0, 0, 0, 0, 1, 0]","{""intents"":[""Build-Rapport"",""Show-Empathy""]}"
