uid,dialogue_id,agent,gold_desire,pred,raw_response,desire_em
566-5_agent_1_desire,566-5,agent_1,"{'High': 'None', 'Medium': 'None', 'Low': 'None'}","{'high': 'Food', 'medium': 'Firewood', 'low': 'Water'}","{""high"":""Food"",""medium"":""Firewood"",""low"":""Water""}",0
566-5_agent_2_desire,566-5,agent_2,"{'High': 'Food', 'Medium': 'Firewood', 'Low': 'Water'}","{'high': 'food', 'medium': 'firewood', 'low': 'water'}","{""high"":""food"",""medium"":""firewood"",""low"":""water""}",1
482-1_agent_1_desire,482-1,agent_1,"{'High': 'Not Given', 'Medium': 'Not Given', 'Low': 'Not Given'}","{'high': 'Firewood', 'medium': 'Not Given', 'low': 'Not Given'}","{""high"":""Firewood"",""medium"":""Not Given"",""low"":""Not Given""}",0
482-1_agent_2_desire,482-1,agent_2,"{'High': 'Not Given', 'Medium': 'Not Given', 'Low': 'Not Given'}","{'high': 'Not Given', 'medium': 'Not Given', 'low': 'Not Given'}","{""high"":""Not Given"",""medium"":""Not Given"",""low"":""Not Given""}",1
525-7_agent_1_desire,525-7,agent_1,"{'High': 'None', 'Medium': 'None', 'Low': 'None'}","{'high': 'food', 'medium': 'water', 'low': 'firewood'}","{""high"":""food"",""medium"":""water"",""low"":""firewood""}",0
525-7_agent_2_desire,525-7,agent_2,"{'High': 'Water', 'Medium': 'Food', 'Low': 'Firewood'}","{'high': 'water', 'medium': 'food', 'low': 'firewood'}","{""high"":""water"",""medium"":""food"",""low"":""firewood""}",1
605-2_agent_1_desire,605-2,agent_1,"{'High': 'Not Given', 'Medium': 'Not Given', 'Low': 'Firewood'}","{'high': 'food', 'medium': 'water', 'low': 'firewood'}","{""high"":""food"",""medium"":""water"",""low"":""firewood""}",0
605-2_agent_2_desire,605-2,agent_2,"{'High': 'Water', 'Medium': 'Firewood', 'Low': 'Food'}","{'high': 'water', 'medium': 'firewood', 'low': 'food'}","{""high"":""water"",""medium"":""firewood"",""low"":""food""}",1
73-0_agent_1_desire,73-0,agent_1,"{'High': 'Not Given', 'Medium': 'Not Given', 'Low': 'Not Given'}","{'high': 'Not Given', 'medium': 'Not Given', 'low': 'Not Given'}","{""high"":""Not Given"",""medium"":""Not Given"",""low"":""Not Given""}",1
73-0_agent_2_desire,73-0,agent_2,"{'High': 'Not Given', 'Medium': 'Not Given', 'Low': 'Not Given'}","{'high': 'Not Given', 'medium': 'Not Given', 'low': 'Not Given'}","{""high"":""Not Given"",""medium"":""Not Given"",""low"":""Not Given""}",1
523-2_agent_1_desire,523-2,agent_1,"{'High': 'Food', 'Medium': 'Water', 'Low': 'Firewood'}","{'high': 'food', 'medium': 'water', 'low': 'firewood'}","{""high"":""food"",""medium"":""water"",""low"":""firewood""}",1
523-2_agent_2_desire,523-2,agent_2,"{'High': 'Not Given', 'Medium': 'Not Given', 'Low': 'Not Given'}","{'high': 'Not Given', 'medium': 'Not Given', 'low': 'Not Given'}","{""high"":""Not Given"",""medium"":""Not Given"",""low"":""Not Given""}",1
589-5_agent_1_desire,589-5,agent_1,"{'High': 'None', 'Medium': 'None', 'Low': 'None'}","{'high': 'Firewood', 'medium': 'Food', 'low': 'Water'}","{""high"":""Firewood"",""medium"":""Food"",""low"":""Water""}",0
589-5_agent_2_desire,589-5,agent_2,"{'High': 'Food', 'Medium': 'Water', 'Low': 'Firewood'}","{'high': 'Water', 'medium': 'Food', 'low': 'Firewood'}","{""high"":""Water"",""medium"":""Food"",""low"":""Firewood""}",0
29-4_agent_1_desire,29-4,agent_1,"{'High': 'Water', 'Medium': 'Food', 'Low': 'Firewood'}","{'high': 'water', 'medium': 'firewood', 'low': 'food'}","{""high"":""water"",""medium"":""firewood"",""low"":""food""}",0
29-4_agent_2_desire,29-4,agent_2,"{'High': 'Food', 'Medium': 'Not Given', 'Low': 'Not Given'}","{'high': 'food', 'medium': 'firewood', 'low': 'water'}","{""high"":""food"",""medium"":""firewood"",""low"":""water""}",0
152-3_agent_1_desire,152-3,agent_1,"{'High': 'Firewood', 'Medium': 'Water', 'Low': 'Food'}","{'high': 'firewood', 'medium': 'water', 'low': 'food'}","{""high"":""firewood"",""medium"":""water"",""low"":""food""}",1
152-3_agent_2_desire,152-3,agent_2,"{'High': 'Food', 'Medium': 'Water', 'Low': 'Firewood'}","{'high': 'Food', 'medium': 'Water', 'low': 'Firewood'}","{""high"":""Food"",""medium"":""Water"",""low"":""Firewood""}",1
173-8_agent_1_desire,173-8,agent_1,"{'High': 'Food', 'Medium': 'Firewood', 'Low': 'Water'}","{'high': 'Food', 'medium': 'Water', 'low': 'Firewood'}","{""high"":""Food"",""medium"":""Water"",""low"":""Firewood""}",0
173-8_agent_2_desire,173-8,agent_2,"{'High': 'Food', 'Medium': 'Firewood', 'Low': 'Water'}","{'high': 'Food', 'medium': 'Firewood', 'low': 'Water'}","{""high"":""Food"",""medium"":""Firewood"",""low"":""Water""}",1
467-4_agent_1_desire,467-4,agent_1,"{'High': 'Food', 'Medium': 'Firewood', 'Low': 'Water'}","{'high': 'food', 'medium': 'water', 'low': 'firewood'}","{""high"":""food"",""medium"":""water"",""low"":""firewood""}",0
467-4_agent_2_desire,467-4,agent_2,"{'High': 'Food', 'Medium': 'Firewood', 'Low': 'Water'}","{'high': 'food', 'medium': 'firewood', 'low': 'water'}","{""high"":""food"",""medium"":""firewood"",""low"":""water""}",1
108-0_agent_1_desire,108-0,agent_1,"{'High': 'Not Given', 'Medium': 'Not Given', 'Low': 'Not Given'}","{'high': 'Not Given', 'medium': 'Not Given', 'low': 'Not Given'}","{""high"":""Not Given"",""medium"":""Not Given"",""low"":""Not Given""}",1
108-0_agent_2_desire,108-0,agent_2,"{'High': 'Not Given', 'Medium': 'Not Given', 'Low': 'Not Given'}","{'high': 'Not Given', 'medium': 'Not Given', 'low': 'Not Given'}","{""high"":""Not Given"",""medium"":""Not Given"",""low"":""Not Given""}",1
546-1_agent_1_desire,546-1,agent_1,"{'High': 'Not Given', 'Medium': 'Not Given', 'Low': 'Food'}","{'high': 'Water', 'medium': 'Firewood', 'low': 'Not Given'}","{""high"":""Water"",""medium"":""Firewood"",""low"":""Not Given""}",0
546-1_agent_2_desire,546-1,agent_2,"{'High': 'Not Given', 'Medium': 'Not Given', 'Low': 'Not Given'}","{'high': 'Not Given', 'medium': 'Not Given', 'low': 'Not Given'}","{""high"":""Not Given"",""medium"":""Not Given"",""low"":""Not Given""}",1
43-0_agent_1_desire,43-0,agent_1,"{'High': 'Food', 'Medium': 'Firewood', 'Low': 'Water'}","{'high': 'Food', 'medium': 'Firewood', 'low': 'Water'}","{""high"":""Food"",""medium"":""Firewood"",""low"":""Water""}",1
43-0_agent_2_desire,43-0,agent_2,"{'High': 'Firewood', 'Medium': 'Water', 'Low': 'Food'}","{'high': 'Water', 'medium': 'Firewood', 'low': 'Food'}","{""high"":""Water"",""medium"":""Firewood"",""low"":""Food""}",0
453-3_agent_1_desire,453-3,agent_1,"{'High': 'Water', 'Medium': 'Food', 'Low': 'Firewood'}","{'high': 'water', 'medium': 'firewood', 'low': 'food'}","{""high"":""water"",""medium"":""firewood"",""low"":""food""}",0
453-3_agent_2_desire,453-3,agent_2,"{'High': 'Water', 'Medium': 'Firewood', 'Low': 'Food'}","{'high': 'Water', 'medium': 'Firewood', 'low': 'Food'}","{""high"":""Water"",""medium"":""Firewood"",""low"":""Food""}",1
591-3_agent_1_desire,591-3,agent_1,"{'High': 'Food', 'Medium': 'Water', 'Low': 'Firewood'}","{'high': 'water', 'medium': 'food', 'low': 'Not Given'}","{""high"":""water"",""medium"":""food"",""low"":""Not Given""}",0
591-3_agent_2_desire,591-3,agent_2,"{'High': 'Firewood', 'Medium': 'Water', 'Low': 'Food'}","{'high': 'firewood', 'medium': 'water', 'low': 'food'}","{""high"":""firewood"",""medium"":""water"",""low"":""food""}",1
109-1_agent_1_desire,109-1,agent_1,"{'High': 'Not Given', 'Medium': 'Not Given', 'Low': 'Not Given'}","{'high': 'Food', 'medium': 'Firewood', 'low': 'Water'}","{""high"":""Food"",""medium"":""Firewood"",""low"":""Water""}",0
109-1_agent_2_desire,109-1,agent_2,"{'High': 'Firewood', 'Medium': 'Food', 'Low': 'Water'}","{'high': 'firewood', 'medium': 'food', 'low': 'water'}","{""high"":""firewood"",""medium"":""food"",""low"":""water""}",1
76-6_agent_1_desire,76-6,agent_1,"{'High': 'Water', 'Medium': 'Firewood', 'Low': 'Food'}","{'high': 'water', 'medium': 'firewood', 'low': 'food'}","{""high"":""water"",""medium"":""firewood"",""low"":""food""}",1
76-6_agent_2_desire,76-6,agent_2,"{'High': 'Water', 'Medium': 'Food', 'Low': 'Firewood'}","{'high': 'water', 'medium': 'firewood', 'low': 'food'}","{""high"":""water"",""medium"":""firewood"",""low"":""food""}",0
54-0_agent_1_desire,54-0,agent_1,"{'High': 'Not Given', 'Medium': 'Not Given', 'Low': 'Not Given'}","{'high': 'Not Given', 'medium': 'Not Given', 'low': 'Not Given'}","{""high"":""Not Given"",""medium"":""Not Given"",""low"":""Not Given""}",1
54-0_agent_2_desire,54-0,agent_2,"{'High': 'Not Given', 'Medium': 'Not Given', 'Low': 'Not Given'}","{'high': 'Not Given', 'medium': 'Not Given', 'low': 'Not Given'}","{""high"":""Not Given"",""medium"":""Not Given"",""low"":""Not Given""}",1
444-0_agent_1_desire,444-0,agent_1,"{'High': 'Not Given', 'Medium': 'Not Given', 'Low': 'Not Given'}","{'high': 'Not Given', 'medium': 'Not Given', 'low': 'Not Given'}","{""high"":""Not Given"",""medium"":""Not Given"",""low"":""Not Given""}",1
444-0_agent_2_desire,444-0,agent_2,"{'High': 'Not Given', 'Medium': 'Not Given', 'Low': 'Not Given'}","{'high': 'Not Given', 'medium': 'Not Given', 'low': 'Not Given'}","{""high"":""Not Given"",""medium"":""Not Given"",""low"":""Not Given""}",1
10-0_agent_1_desire,10-0,agent_1,"{'High': 'Not Given', 'Medium': 'Not Given', 'Low': 'Not Given'}","{'high': 'Not Given', 'medium': 'Not Given', 'low': 'Not Given'}","{""high"":""Not Given"",""medium"":""Not Given"",""low"":""Not Given""}",1
10-0_agent_2_desire,10-0,agent_2,"{'High': 'Not Given', 'Medium': 'Not Given', 'Low': 'Not Given'}","{'high': 'Not Given', 'medium': 'Not Given', 'low': 'Not Given'}","{""high"":""Not Given"",""medium"":""Not Given"",""low"":""Not Given""}",1
538-2_agent_1_desire,538-2,agent_1,"{'High': 'Firewood', 'Medium': 'Food', 'Low': 'Water'}","{'high': 'Firewood', 'medium': 'Water', 'low': 'Food'}","{""high"":""Firewood"",""medium"":""Water"",""low"":""Food""}",0
538-2_agent_2_desire,538-2,agent_2,"{'High': 'Not Given', 'Medium': 'Not Given', 'Low': 'Food'}","{'high': 'Firewood', 'medium': 'Water', 'low': 'Food'}","{""high"":""Firewood"",""medium"":""Water"",""low"":""Food""}",0
492-1_agent_1_desire,492-1,agent_1,"{'High': 'Firewood', 'Medium': 'Water', 'Low': 'Food'}","{'high': 'Firewood', 'medium': 'Water', 'low': 'Food'}","{""high"":""Firewood"",""medium"":""Water"",""low"":""Food""}",1
492-1_agent_2_desire,492-1,agent_2,"{'High': 'Water', 'Medium': 'Firewood', 'Low': 'Food'}","{'high': 'Water', 'medium': 'Firewood', 'low': 'Food'}","{""high"":""Water"",""medium"":""Firewood"",""low"":""Food""}",1
34-1_agent_1_desire,34-1,agent_1,"{'High': 'Not Given', 'Medium': 'Not Given', 'Low': 'Not Given'}","{'high': 'Not Given', 'medium': 'Not Given', 'low': 'Not Given'}","{""high"":""Not Given"",""medium"":""Not Given"",""low"":""Not Given""}",1
34-1_agent_2_desire,34-1,agent_2,"{'High': 'Not Given', 'Medium': 'Not Given', 'Low': 'Not Given'}","{'high': 'Not Given', 'medium': 'Not Given', 'low': 'Not Given'}","{""high"":""Not Given"",""medium"":""Not Given"",""low"":""Not Given""}",1
61-6_agent_1_desire,61-6,agent_1,"{'High': 'Firewood', 'Medium': 'Water', 'Low': 'Food'}","{'high': 'Water', 'medium': 'Firewood', 'low': 'Food'}","{""high"":""Water"",""medium"":""Firewood"",""low"":""Food""}",0
61-6_agent_2_desire,61-6,agent_2,"{'High': 'Firewood', 'Medium': 'Not Given', 'Low': 'Not Given'}","{'high': 'Firewood', 'medium': 'Not Given', 'low': 'Not Given'}","{""high"":""Firewood"",""medium"":""Not Given"",""low"":""Not Given""}",1
129-4_agent_1_desire,129-4,agent_1,"{'High': 'Water', 'Medium': 'Firewood', 'Low': 'Food'}","{'high': 'Water', 'medium': 'Firewood', 'low': 'Food'}","{""high"":""Water"",""medium"":""Firewood"",""low"":""Food""}",1
129-4_agent_2_desire,129-4,agent_2,"{'High': 'Food', 'Medium': 'Firewood', 'Low': 'Water'}","{'high': 'Firewood', 'medium': 'Food', 'low': 'Water'}","{""high"":""Firewood"",""medium"":""Food"",""low"":""Water""}",0
23-3_agent_1_desire,23-3,agent_1,"{'High': 'Food', 'Medium': 'Not Given', 'Low': 'Not Given'}","{'high': 'food', 'medium': 'water', 'low': 'firewood'}","{""high"":""food"",""medium"":""water"",""low"":""firewood""}",0
23-3_agent_2_desire,23-3,agent_2,"{'High': 'Firewood', 'Medium': 'Water', 'Low': 'Food'}","{'high': 'firewood', 'medium': 'water', 'low': 'food'}","{""high"":""firewood"",""medium"":""water"",""low"":""food""}",1
425-2_agent_1_desire,425-2,agent_1,"{'High': 'Not Given', 'Medium': 'Not Given', 'Low': 'Not Given'}","{'high': 'Not Given', 'medium': 'Not Given', 'low': 'Not Given'}","{""high"":""Not Given"",""medium"":""Not Given"",""low"":""Not Given""}",1
425-2_agent_2_desire,425-2,agent_2,"{'High': 'Water', 'Medium': 'Not Given', 'Low': 'Not Given'}","{'high': 'Water', 'medium': 'Not Given', 'low': 'Not Given'}","{""high"":""Water"",""medium"":""Not Given"",""low"":""Not Given""}",1
467-2_agent_1_desire,467-2,agent_1,"{'High': 'Food', 'Medium': 'Firewood', 'Low': 'Water'}","{'high': 'food', 'medium': 'firewood', 'low': 'water'}","{""high"":""food"",""medium"":""firewood"",""low"":""water""}",1
467-2_agent_2_desire,467-2,agent_2,"{'High': 'Food', 'Medium': 'Firewood', 'Low': 'Water'}","{'high': 'food', 'medium': 'firewood', 'low': 'water'}","{""high"":""food"",""medium"":""firewood"",""low"":""water""}",1
120-0_agent_1_desire,120-0,agent_1,"{'High': 'Food', 'Medium': 'Firewood', 'Low': 'Water'}","{'high': 'Food', 'medium': 'Water', 'low': 'Firewood'}","{""high"":""Food"",""medium"":""Water"",""low"":""Firewood""}",0
120-0_agent_2_desire,120-0,agent_2,"{'High': 'Not Given', 'Medium': 'Not Given', 'Low': 'Not Given'}","{'high': 'Not Given', 'medium': 'Not Given', 'low': 'Not Given'}","{""high"":""Not Given"",""medium"":""Not Given"",""low"":""Not Given""}",1
461-3_agent_1_desire,461-3,agent_1,"{'High': 'Water', 'Medium': 'Food', 'Low': 'Firewood'}","{'high': 'Food', 'medium': 'Water', 'low': 'Firewood'}","{""high"":""Food"",""medium"":""Water"",""low"":""Firewood""}",0
461-3_agent_2_desire,461-3,agent_2,"{'High': 'Food', 'Medium': 'Water', 'Low': 'Firewood'}","{'high': 'Food', 'medium': 'Water', 'low': 'Firewood'}","{""high"":""Food"",""medium"":""Water"",""low"":""Firewood""}",1
18-0_agent_1_desire,18-0,agent_1,"{'High': 'Not Given', 'Medium': 'Not Given', 'Low': 'Not Given'}","{'high': 'Not Given', 'medium': 'Not Given', 'low': 'Not Given'}","{""high"":""Not Given"",""medium"":""Not Given"",""low"":""Not Given""}",1
18-0_agent_2_desire,18-0,agent_2,"{'High': 'Not Given', 'Medium': 'Not Given', 'Low': 'Food'}","{'high': 'firewood', 'medium': 'water', 'low': 'Not Given'}","{""high"":""firewood"",""medium"":""water"",""low"":""Not Given""}",0
573-5_agent_1_desire,573-5,agent_1,"{'High': 'Firewood', 'Medium': 'Food', 'Low': 'Water'}","{'high': 'food', 'medium': 'firewood', 'low': 'water'}","{""high"":""food"",""medium"":""firewood"",""low"":""water""}",0
573-5_agent_2_desire,573-5,agent_2,"{'High': 'Firewood', 'Medium': 'Food', 'Low': 'Water'}","{'high': 'Firewood', 'medium': 'Food', 'low': 'Water'}","{""high"":""Firewood"",""medium"":""Food"",""low"":""Water""}",1
179-0_agent_1_desire,179-0,agent_1,"{'High': 'Not Given', 'Medium': 'Not Given', 'Low': 'Not Given'}","{'high': 'Not Given', 'medium': 'Not Given', 'low': 'Not Given'}","{""high"":""Not Given"",""medium"":""Not Given"",""low"":""Not Given""}",1
179-0_agent_2_desire,179-0,agent_2,"{'High': 'Not Given', 'Medium': 'Not Given', 'Low': 'Not Given'}","{'high': 'Not Given', 'medium': 'Not Given', 'low': 'Not Given'}","{""high"":""Not Given"",""medium"":""Not Given"",""low"":""Not Given""}",1
99-3_agent_1_desire,99-3,agent_1,"{'High': 'Food', 'Medium': 'Firewood', 'Low': 'Water'}","{'high': 'Food', 'medium': 'Water', 'low': 'Firewood'}","{""high"":""Food"",""medium"":""Water"",""low"":""Firewood""}",0
99-3_agent_2_desire,99-3,agent_2,"{'High': 'Firewood', 'Medium': 'Water', 'Low': 'Food'}","{'high': 'Firewood', 'medium': 'Water', 'low': 'Food'}","{""high"":""Firewood"",""medium"":""Water"",""low"":""Food""}",1
69-3_agent_1_desire,69-3,agent_1,"{'High': 'Firewood', 'Medium': 'Not Given', 'Low': 'Not Given'}","{'high': 'Firewood', 'medium': 'Not Given', 'low': 'Not Given'}","{""high"":""Firewood"",""medium"":""Not Given"",""low"":""Not Given""}",1
69-3_agent_2_desire,69-3,agent_2,"{'High': 'Food', 'Medium': 'Not Given', 'Low': 'Not Given'}","{'high': 'Firewood', 'medium': 'Food', 'low': 'Not Given'}","{""high"":""Firewood"",""medium"":""Food"",""low"":""Not Given""}",0
153-2_agent_1_desire,153-2,agent_1,"{'High': 'Water', 'Medium': 'Not Given', 'Low': 'Not Given'}","{'high': 'water', 'medium': 'Not Given', 'low': 'Not Given'}","{""high"":""water"",""medium"":""Not Given"",""low"":""Not Given""}",1
153-2_agent_2_desire,153-2,agent_2,"{'High': 'Food', 'Medium': 'Not Given', 'Low': 'Not Given'}","{'high': 'food', 'medium': 'Not Given', 'low': 'Not Given'}","{""high"":""food"",""medium"":""Not Given"",""low"":""Not Given""}",1
574-2_agent_1_desire,574-2,agent_1,"{'High': 'Not Given', 'Medium': 'Not Given', 'Low': 'Not Given'}","{'high': 'Not Given', 'medium': 'Not Given', 'low': 'Not Given'}","{""high"":""Not Given"",""medium"":""Not Given"",""low"":""Not Given""}",1
574-2_agent_2_desire,574-2,agent_2,"{'High': 'Not Given', 'Medium': 'Not Given', 'Low': 'Not Given'}","{'high': 'Not Given', 'medium': 'Not Given', 'low': 'Not Given'}","{""high"":""Not Given"",""medium"":""Not Given"",""low"":""Not Given""}",1
541-2_agent_1_desire,541-2,agent_1,"{'High': 'Water', 'Medium': 'Not Given', 'Low': 'Not Given'}","{'high': 'water', 'medium': 'food', 'low': 'Not Given'}","{""high"":""water"",""medium"":""food"",""low"":""Not Given""}",0
541-2_agent_2_desire,541-2,agent_2,"{'High': 'Water', 'Medium': 'Food', 'Low': 'Firewood'}","{'high': 'Water', 'medium': 'Food', 'low': 'Not Given'}","{""high"":""Water"",""medium"":""Food"",""low"":""Not Given""}",0
592-5_agent_1_desire,592-5,agent_1,"{'High': 'Firewood', 'Medium': 'Not Given', 'Low': 'Not Given'}","{'high': 'Firewood', 'medium': 'Water', 'low': 'Food'}","{""high"":""Firewood"",""medium"":""Water"",""low"":""Food""}",0
592-5_agent_2_desire,592-5,agent_2,"{'High': 'Firewood', 'Medium': 'Water', 'Low': 'Food'}","{'high': 'water', 'medium': 'firewood', 'low': 'food'}","{""high"":""water"",""medium"":""firewood"",""low"":""food""}",0
98-1_agent_1_desire,98-1,agent_1,"{'High': 'Not Given', 'Medium': 'Not Given', 'Low': 'Not Given'}","{'high': 'Water', 'medium': 'Not Given', 'low': 'Not Given'}","{""high"":""Water"",""medium"":""Not Given"",""low"":""Not Given""}",0
98-1_agent_2_desire,98-1,agent_2,"{'High': 'Not Given', 'Medium': 'Not Given', 'Low': 'Not Given'}","{'high': 'Not Given', 'medium': 'Not Given', 'low': 'Not Given'}","{""high"":""Not Given"",""medium"":""Not Given"",""low"":""Not Given""}",1
484-0_agent_1_desire,484-0,agent_1,"{'High': 'Not Given', 'Medium': 'Not Given', 'Low': 'Not Given'}","{'high': 'Not Given', 'medium': 'Not Given', 'low': 'Not Given'}","{""high"":""Not Given"",""medium"":""Not Given"",""low"":""Not Given""}",1
484-0_agent_2_desire,484-0,agent_2,"{'High': 'Not Given', 'Medium': 'Not Given', 'Low': 'Not Given'}","{'high': 'Not Given', 'medium': 'Not Given', 'low': 'Not Given'}","{""high"":""Not Given"",""medium"":""Not Given"",""low"":""Not Given""}",1
461-4_agent_1_desire,461-4,agent_1,"{'High': 'Water', 'Medium': 'Food', 'Low': 'Firewood'}","{'high': 'Food', 'medium': 'Water', 'low': 'Firewood'}","{""high"":""Food"",""medium"":""Water"",""low"":""Firewood""}",0
461-4_agent_2_desire,461-4,agent_2,"{'High': 'Food', 'Medium': 'Water', 'Low': 'Firewood'}","{'high': 'Food', 'medium': 'Water', 'low': 'Firewood'}","{""high"":""Food"",""medium"":""Water"",""low"":""Firewood""}",1
485-0_agent_1_desire,485-0,agent_1,"{'High': 'Firewood', 'Medium': 'Not Given', 'Low': 'Not Given'}","{'high': 'Firewood', 'medium': 'Not Given', 'low': 'Not Given'}","{""high"":""Firewood"",""medium"":""Not Given"",""low"":""Not Given""}",1
485-0_agent_2_desire,485-0,agent_2,"{'High': 'Not Given', 'Medium': 'Not Given', 'Low': 'Food'}","{'high': 'Firewood', 'medium': 'Water', 'low': 'Not Given'}","{""high"":""Firewood"",""medium"":""Water"",""low"":""Not Given""}",0
596-1_agent_1_desire,596-1,agent_1,"{'High': 'Firewood', 'Medium': 'Food', 'Low': 'Water'}","{'high': 'Firewood', 'medium': 'Food', 'low': 'Water'}","{""high"":""Firewood"",""medium"":""Food"",""low"":""Water""}",1
596-1_agent_2_desire,596-1,agent_2,"{'High': 'Firewood', 'Medium': 'Water', 'Low': 'Food'}","{'high': 'Firewood', 'medium': 'Water', 'low': 'Food'}","{""high"":""Firewood"",""medium"":""Water"",""low"":""Food""}",1
502-1_agent_1_desire,502-1,agent_1,"{'High': 'Not Given', 'Medium': 'Not Given', 'Low': 'Not Given'}","{'high': 'Not Given', 'medium': 'Not Given', 'low': 'Not Given'}","{""high"":""Not Given"",""medium"":""Not Given"",""low"":""Not Given""}",1
502-1_agent_2_desire,502-1,agent_2,"{'High': 'Not Given', 'Medium': 'Not Given', 'Low': 'Not Given'}","{'high': 'Not Given', 'medium': 'Not Given', 'low': 'Not Given'}","{""high"":""Not Given"",""medium"":""Not Given"",""low"":""Not Given""}",1
481-0_agent_1_desire,481-0,agent_1,"{'High': 'Not Given', 'Medium': 'Not Given', 'Low': 'Not Given'}","{'high': 'Not Given', 'medium': 'Not Given', 'low': 'Not Given'}","{""high"":""Not Given"",""medium"":""Not Given"",""low"":""Not Given""}",1
481-0_agent_2_desire,481-0,agent_2,"{'High': 'Not Given', 'Medium': 'Not Given', 'Low': 'Not Given'}","{'high': 'Not Given', 'medium': 'Not Given', 'low': 'Not Given'}","{""high"":""Not Given"",""medium"":""Not Given"",""low"":""Not Given""}",1
154-4_agent_1_desire,154-4,agent_1,"{'High': 'Food', 'Medium': 'Firewood', 'Low': 'Water'}","{'high': 'Food', 'medium': 'Firewood', 'low': 'Water'}","{""high"":""Food"",""medium"":""Firewood"",""low"":""Water""}",1
154-4_agent_2_desire,154-4,agent_2,"{'High': 'Food', 'Medium': 'Water', 'Low': 'Firewood'}","{'high': 'Food', 'medium': 'Water', 'low': 'Firewood'}","{""high"":""Food"",""medium"":""Water"",""low"":""Firewood""}",1
416-1_agent_1_desire,416-1,agent_1,"{'High': 'Not Given', 'Medium': 'Not Given', 'Low': 'Not Given'}","{'high': 'Not Given', 'medium': 'Not Given', 'low': 'Not Given'}","{""high"":""Not Given"",""medium"":""Not Given"",""low"":""Not Given""}",1
416-1_agent_2_desire,416-1,agent_2,"{'High': 'Not Given', 'Medium': 'Not Given', 'Low': 'Not Given'}","{'high': 'Not Given', 'medium': 'Not Given', 'low': 'Not Given'}","{""high"":""Not Given"",""medium"":""Not Given"",""low"":""Not Given""}",1
46-2_agent_1_desire,46-2,agent_1,"{'High': 'Not Given', 'Medium': 'Not Given', 'Low': 'Firewood'}","{'high': 'food', 'medium': 'water', 'low': 'firewood'}","{""high"":""food"",""medium"":""water"",""low"":""firewood""}",0
46-2_agent_2_desire,46-2,agent_2,"{'High': 'Water', 'Medium': 'Not Given', 'Low': 'Not Given'}","{'high': 'water', 'medium': 'Not Given', 'low': 'Not Given'}","{""high"":""water"",""medium"":""Not Given"",""low"":""Not Given""}",1
569-0_agent_1_desire,569-0,agent_1,"{'High': 'Not Given', 'Medium': 'Not Given', 'Low': 'Not Given'}","{'high': 'Not Given', 'medium': 'Not Given', 'low': 'Not Given'}","{""high"":""Not Given"",""medium"":""Not Given"",""low"":""Not Given""}",1
569-0_agent_2_desire,569-0,agent_2,"{'High': 'Not Given', 'Medium': 'Not Given', 'Low': 'Not Given'}","{'high': 'Not Given', 'medium': 'Not Given', 'low': 'Not Given'}","{""high"":""Not Given"",""medium"":""Not Given"",""low"":""Not Given""}",1
546-0_agent_1_desire,546-0,agent_1,"{'High': 'Not Given', 'Medium': 'Not Given', 'Low': 'Not Given'}","{'high': 'Not Given', 'medium': 'Not Given', 'low': 'Not Given'}","{""high"":""Not Given"",""medium"":""Not Given"",""low"":""Not Given""}",1
546-0_agent_2_desire,546-0,agent_2,"{'High': 'Not Given', 'Medium': 'Not Given', 'Low': 'Not Given'}","{'high': 'Not Given', 'medium': 'Not Given', 'low': 'Not Given'}","{""high"":""Not Given"",""medium"":""Not Given"",""low"":""Not Given""}",1
181-6_agent_1_desire,181-6,agent_1,"{'High': 'Food', 'Medium': 'Water', 'Low': 'Firewood'}","{'high': 'Food', 'medium': 'Water', 'low': 'Firewood'}","{""high"":""Food"",""medium"":""Water"",""low"":""Firewood""}",1
181-6_agent_2_desire,181-6,agent_2,"{'High': 'Firewood', 'Medium': 'Water', 'Low': 'Food'}","{'high': 'Firewood', 'medium': 'Water', 'low': 'Food'}","{""high"":""Firewood"",""medium"":""Water"",""low"":""Food""}",1
36-1_agent_1_desire,36-1,agent_1,"{'High': 'Not Given', 'Medium': 'Not Given', 'Low': 'Not Given'}","{'high': 'Not Given', 'medium': 'Not Given', 'low': 'Not Given'}","{""high"":""Not Given"",""medium"":""Not Given"",""low"":""Not Given""}",1
36-1_agent_2_desire,36-1,agent_2,"{'High': 'Water', 'Medium': 'Not Given', 'Low': 'Not Given'}","{'high': 'Water', 'medium': 'Not Given', 'low': 'Not Given'}","{""high"":""Water"",""medium"":""Not Given"",""low"":""Not Given""}",1
462-5_agent_1_desire,462-5,agent_1,"{'High': 'Food', 'Medium': 'Firewood', 'Low': 'Water'}","{'high': 'Food', 'medium': 'Firewood', 'low': 'Water'}","{""high"":""Food"",""medium"":""Firewood"",""low"":""Water""}",1
462-5_agent_2_desire,462-5,agent_2,"{'High': 'None', 'Medium': 'None', 'Low': 'None'}","{'high': 'Not Given', 'medium': 'Not Given', 'low': 'Not Given'}","{""high"":""Not Given"",""medium"":""Not Given"",""low"":""Not Given""}",0
0-4_agent_1_desire,0-4,agent_1,"{'High': 'Firewood', 'Medium': 'Food', 'Low': 'Water'}","{'high': 'Firewood', 'medium': 'Food', 'low': 'Water'}","{""high"":""Firewood"",""medium"":""Food"",""low"":""Water""}",1
0-4_agent_2_desire,0-4,agent_2,"{'High': 'Firewood', 'Medium': 'Food', 'Low': 'Water'}","{'high': 'Firewood', 'medium': 'Food', 'low': 'Water'}","{""high"":""Firewood"",""medium"":""Food"",""low"":""Water""}",1
50-0_agent_1_desire,50-0,agent_1,"{'High': 'Not Given', 'Medium': 'Not Given', 'Low': 'Not Given'}","{'high': 'Not Given', 'medium': 'Not Given', 'low': 'Not Given'}","{""high"":""Not Given"",""medium"":""Not Given"",""low"":""Not Given""}",1
50-0_agent_2_desire,50-0,agent_2,"{'High': 'Not Given', 'Medium': 'Not Given', 'Low': 'Water'}","{'high': 'Food', 'medium': 'Firewood', 'low': 'Water'}","{""high"":""Food"",""medium"":""Firewood"",""low"":""Water""}",0
183-2_agent_1_desire,183-2,agent_1,"{'High': 'Water', 'Medium': 'Firewood', 'Low': 'Food'}","{'high': 'Water', 'medium': 'Firewood', 'low': 'Not Given'}","{""high"":""Water"",""medium"":""Firewood"",""low"":""Not Given""}",0
183-2_agent_2_desire,183-2,agent_2,"{'High': 'Water', 'Medium': 'Not Given', 'Low': 'Not Given'}","{'high': 'Water', 'medium': 'Not Given', 'low': 'Not Given'}","{""high"":""Water"",""medium"":""Not Given"",""low"":""Not Given""}",1
535-2_agent_1_desire,535-2,agent_1,"{'High': 'Firewood', 'Medium': 'Water', 'Low': 'Food'}","{'high': 'Water', 'medium': 'Firewood', 'low': 'Not Given'}","{""high"":""Water"",""medium"":""Firewood"",""low"":""Not Given""}",0
535-2_agent_2_desire,535-2,agent_2,"{'High': 'Water', 'Medium': 'Food', 'Low': 'Firewood'}","{'high': 'Water', 'medium': 'Firewood', 'low': 'Not Given'}","{""high"":""Water"",""medium"":""Firewood"",""low"":""Not Given""}",0
118-3_agent_1_desire,118-3,agent_1,"{'High': 'Food', 'Medium': 'Firewood', 'Low': 'Water'}","{'high': 'Food', 'medium': 'Firewood', 'low': 'Water'}","{""high"":""Food"",""medium"":""Firewood"",""low"":""Water""}",1
118-3_agent_2_desire,118-3,agent_2,"{'High': 'Food', 'Medium': 'Firewood', 'Low': 'Water'}","{'high': 'food', 'medium': 'firewood', 'low': 'water'}","{""high"":""food"",""medium"":""firewood"",""low"":""water""}",1
527-4_agent_1_desire,527-4,agent_1,"{'High': 'Food', 'Medium': 'Firewood', 'Low': 'Water'}","{'high': 'Food', 'medium': 'Firewood', 'low': 'Water'}","{""high"":""Food"",""medium"":""Firewood"",""low"":""Water""}",1
527-4_agent_2_desire,527-4,agent_2,"{'High': 'Water', 'Medium': 'Food', 'Low': 'Firewood'}","{'high': 'Water', 'medium': 'Firewood', 'low': 'Food'}","{""high"":""Water"",""medium"":""Firewood"",""low"":""Food""}",0
523-1_agent_1_desire,523-1,agent_1,"{'High': 'Food', 'Medium': 'Not Given', 'Low': 'Not Given'}","{'high': 'food', 'medium': 'water', 'low': 'firewood'}","{""high"":""food"",""medium"":""water"",""low"":""firewood""}",0
523-1_agent_2_desire,523-1,agent_2,"{'High': 'Not Given', 'Medium': 'Not Given', 'Low': 'Not Given'}","{'high': 'Food', 'medium': 'Water', 'low': 'Firewood'}","{""high"":""Food"",""medium"":""Water"",""low"":""Firewood""}",0
538-1_agent_1_desire,538-1,agent_1,"{'High': 'Firewood', 'Medium': 'Food', 'Low': 'Water'}","{'high': 'Firewood', 'medium': 'Water', 'low': 'Food'}","{""high"":""Firewood"",""medium"":""Water"",""low"":""Food""}",0
538-1_agent_2_desire,538-1,agent_2,"{'High': 'Not Given', 'Medium': 'Not Given', 'Low': 'Food'}","{'high': 'Food', 'medium': 'Water', 'low': 'Firewood'}","{""high"":""Food"",""medium"":""Water"",""low"":""Firewood""}",0
555-5_agent_1_desire,555-5,agent_1,"{'High': 'Food', 'Medium': 'Water', 'Low': 'Firewood'}","{'high': 'Food', 'medium': 'Water', 'low': 'Firewood'}","{""high"":""Food"",""medium"":""Water"",""low"":""Firewood""}",1
555-5_agent_2_desire,555-5,agent_2,"{'High': 'Food', 'Medium': 'Firewood', 'Low': 'Water'}","{'high': 'Food', 'medium': 'Water', 'low': 'Firewood'}","{""high"":""Food"",""medium"":""Water"",""low"":""Firewood""}",0
523-3_agent_1_desire,523-3,agent_1,"{'High': 'Food', 'Medium': 'Water', 'Low': 'Firewood'}","{'high': 'food', 'medium': 'water', 'low': 'firewood'}","{""high"":""food"",""medium"":""water"",""low"":""firewood""}",1
523-3_agent_2_desire,523-3,agent_2,"{'High': 'Food', 'Medium': 'Not Given', 'Low': 'Not Given'}","{'high': 'Food', 'medium': 'Not Given', 'low': 'Not Given'}","{""high"":""Food"",""medium"":""Not Given"",""low"":""Not Given""}",1
27-0_agent_1_desire,27-0,agent_1,"{'High': 'Water', 'Medium': 'Firewood', 'Low': 'Food'}","{'high': 'Water', 'medium': 'Food', 'low': 'Firewood'}","{""high"":""Water"",""medium"":""Food"",""low"":""Firewood""}",0
27-0_agent_2_desire,27-0,agent_2,"{'High': 'Water', 'Medium': 'Not Given', 'Low': 'Not Given'}","{'high': 'Water', 'medium': 'Not Given', 'low': 'Not Given'}","{""high"":""Water"",""medium"":""Not Given"",""low"":""Not Given""}",1
139-4_agent_1_desire,139-4,agent_1,"{'High': 'Water', 'Medium': 'Food', 'Low': 'Firewood'}","{'high': 'WATER', 'medium': 'FIREWOOD', 'low': 'FOOD'}","{""high"":""WATER"",""medium"":""FIREWOOD"",""low"":""FOOD""}",0
139-4_agent_2_desire,139-4,agent_2,"{'High': 'Food', 'Medium': 'Firewood', 'Low': 'Water'}","{'high': 'Food', 'medium': 'Firewood', 'low': 'Water'}","{""high"":""Food"",""medium"":""Firewood"",""low"":""Water""}",1
584-0_agent_1_desire,584-0,agent_1,"{'High': 'Not Given', 'Medium': 'Not Given', 'Low': 'Water'}","{'high': 'food', 'medium': 'firewood', 'low': 'water'}","{""high"":""food"",""medium"":""firewood"",""low"":""water""}",0
584-0_agent_2_desire,584-0,agent_2,"{'High': 'Not Given', 'Medium': 'Not Given', 'Low': 'Not Given'}","{'high': 'Not Given', 'medium': 'Not Given', 'low': 'Not Given'}","{""high"":""Not Given"",""medium"":""Not Given"",""low"":""Not Given""}",1
118-0_agent_1_desire,118-0,agent_1,"{'High': 'Food', 'Medium': 'Firewood', 'Low': 'Water'}","{'high': 'food', 'medium': 'firewood', 'low': 'water'}","{""high"":""food"",""medium"":""firewood"",""low"":""water""}",1
118-0_agent_2_desire,118-0,agent_2,"{'High': 'Food', 'Medium': 'Firewood', 'Low': 'Water'}","{'high': 'Food', 'medium': 'Firewood', 'low': 'Water'}","{""high"":""Food"",""medium"":""Firewood"",""low"":""Water""}",1
53-0_agent_1_desire,53-0,agent_1,"{'High': 'Firewood', 'Medium': 'Food', 'Low': 'Water'}","{'high': 'Firewood', 'medium': 'Food', 'low': 'Water'}","{""high"":""Firewood"",""medium"":""Food"",""low"":""Water""}",1
53-0_agent_2_desire,53-0,agent_2,"{'High': 'Firewood', 'Medium': 'Food', 'Low': 'Water'}","{'high': 'Not Given', 'medium': 'Not Given', 'low': 'Not Given'}","{""high"":""Not Given"",""medium"":""Not Given"",""low"":""Not Given""}",0
498-0_agent_1_desire,498-0,agent_1,"{'High': 'Not Given', 'Medium': 'Not Given', 'Low': 'Not Given'}","{'high': 'Not Given', 'medium': 'Not Given', 'low': 'Not Given'}","{""high"":""Not Given"",""medium"":""Not Given"",""low"":""Not Given""}",1
498-0_agent_2_desire,498-0,agent_2,"{'High': 'Not Given', 'Medium': 'Not Given', 'Low': 'Not Given'}","{'high': 'Not Given', 'medium': 'Not Given', 'low': 'Not Given'}","{""high"":""Not Given"",""medium"":""Not Given"",""low"":""Not Given""}",1
551-7_agent_1_desire,551-7,agent_1,"{'High': 'None', 'Medium': 'None', 'Low': 'None'}","{'high': 'Firewood', 'medium': 'Water', 'low': 'Food'}","{""high"":""Firewood"",""medium"":""Water"",""low"":""Food""}",0
551-7_agent_2_desire,551-7,agent_2,"{'High': 'Firewood', 'Medium': 'Food', 'Low': 'Water'}","{'high': 'Firewood', 'medium': 'Water', 'low': 'Food'}","{""high"":""Firewood"",""medium"":""Water"",""low"":""Food""}",0
0-1_agent_1_desire,0-1,agent_1,"{'High': 'Firewood', 'Medium': 'Not Given', 'Low': 'Not Given'}","{'high': 'Firewood', 'medium': 'Not Given', 'low': 'Not Given'}","{""high"":""Firewood"",""medium"":""Not Given"",""low"":""Not Given""}",1
0-1_agent_2_desire,0-1,agent_2,"{'High': 'Firewood', 'Medium': 'Not Given', 'Low': 'Not Given'}","{'high': 'Firewood', 'medium': 'Not Given', 'low': 'Not Given'}","{""high"":""Firewood"",""medium"":""Not Given"",""low"":""Not Given""}",1
517-0_agent_1_desire,517-0,agent_1,"{'High': 'Not Given', 'Medium': 'Not Given', 'Low': 'Water'}","{'high': 'Food', 'medium': 'Firewood', 'low': 'Not Given'}","{""high"":""Food"",""medium"":""Firewood"",""low"":""Not Given""}",0
517-0_agent_2_desire,517-0,agent_2,"{'High': 'Not Given', 'Medium': 'Not Given', 'Low': 'Not Given'}","{'high': 'Not Given', 'medium': 'Not Given', 'low': 'Not Given'}","{""high"":""Not Given"",""medium"":""Not Given"",""low"":""Not Given""}",1
521-5_agent_1_desire,521-5,agent_1,"{'High': 'Firewood', 'Medium': 'Not Given', 'Low': 'Not Given'}","{'high': 'Firewood', 'medium': 'Water', 'low': 'Food'}","{""high"":""Firewood"",""medium"":""Water"",""low"":""Food""}",0
521-5_agent_2_desire,521-5,agent_2,"{'High': 'Not Given', 'Medium': 'Not Given', 'Low': 'Firewood'}","{'high': 'Water', 'medium': 'Food', 'low': 'Firewood'}","{""high"":""Water"",""medium"":""Food"",""low"":""Firewood""}",0
537-0_agent_1_desire,537-0,agent_1,"{'High': 'Food', 'Medium': 'Firewood', 'Low': 'Water'}","{'high': 'Food', 'medium': 'Water', 'low': 'Firewood'}","{""high"":""Food"",""medium"":""Water"",""low"":""Firewood""}",0
537-0_agent_2_desire,537-0,agent_2,"{'High': 'Not Given', 'Medium': 'Not Given', 'Low': 'Not Given'}","{'high': 'Food', 'medium': 'Not Given', 'low': 'Not Given'}","{""high"":""Food"",""medium"":""Not Given"",""low"":""Not Given""}",0
436-2_agent_1_desire,436-2,agent_1,"{'High': 'Firewood', 'Medium': 'Water', 'Low': 'Food'}","{'high': 'Firewood', 'medium': 'Food', 'low': 'Water'}","{""high"":""Firewood"",""medium"":""Food"",""low"":""Water""}",0
436-2_agent_2_desire,436-2,agent_2,"{'High': 'Food', 'Medium': 'Firewood', 'Low': 'Water'}","{'high': 'food', 'medium': 'water', 'low': 'firewood'}","{""high"":""food"",""medium"":""water"",""low"":""firewood""}",0
474-0_agent_1_desire,474-0,agent_1,"{'High': 'Not Given', 'Medium': 'Not Given', 'Low': 'Water'}","{'high': 'Not Given', 'medium': 'Not Given', 'low': 'Not Given'}","{""high"":""Not Given"",""medium"":""Not Given"",""low"":""Not Given""}",0
474-0_agent_2_desire,474-0,agent_2,"{'High': 'Not Given', 'Medium': 'Not Given', 'Low': 'Water'}","{'high': 'Not Given', 'medium': 'Not Given', 'low': 'Not Given'}","{""high"":""Not Given"",""medium"":""Not Given"",""low"":""Not Given""}",0
426-7_agent_1_desire,426-7,agent_1,"{'High': 'Firewood', 'Medium': 'Food', 'Low': 'Water'}","{'high': 'Firewood', 'medium': 'Water', 'low': 'Food'}","{""high"":""Firewood"",""medium"":""Water"",""low"":""Food""}",0
426-7_agent_2_desire,426-7,agent_2,"{'High': 'Firewood', 'Medium': 'Water', 'Low': 'Food'}","{'high': 'Firewood', 'medium': 'Water', 'low': 'Food'}","{""high"":""Firewood"",""medium"":""Water"",""low"":""Food""}",1
18-8_agent_1_desire,18-8,agent_1,"{'High': 'Not Given', 'Medium': 'Not Given', 'Low': 'Firewood'}","{'high': 'Food', 'medium': 'Water', 'low': 'Firewood'}","{""high"":""Food"",""medium"":""Water"",""low"":""Firewood""}",0
18-8_agent_2_desire,18-8,agent_2,"{'High': 'None', 'Medium': 'None', 'Low': 'None'}","{'high': 'firewood', 'medium': 'water', 'low': 'food'}","{""high"":""firewood"",""medium"":""water"",""low"":""food""}",0
8-2_agent_1_desire,8-2,agent_1,"{'High': 'Firewood', 'Medium': 'Food', 'Low': 'Water'}","{'high': 'Food', 'medium': 'Water', 'low': 'Firewood'}","{""high"":""Food"",""medium"":""Water"",""low"":""Firewood""}",0
8-2_agent_2_desire,8-2,agent_2,"{'High': 'Water', 'Medium': 'Food', 'Low': 'Firewood'}","{'high': 'Water', 'medium': 'Not Given', 'low': 'Not Given'}","{""high"":""Water"",""medium"":""Not Given"",""low"":""Not Given""}",0
420-5_agent_1_desire,420-5,agent_1,"{'High': 'Food', 'Medium': 'Water', 'Low': 'Firewood'}","{'high': 'Food', 'medium': 'Firewood', 'low': 'Water'}","{""high"":""Food"",""medium"":""Firewood"",""low"":""Water""}",0
420-5_agent_2_desire,420-5,agent_2,"{'High': 'Food', 'Medium': 'Firewood', 'Low': 'Water'}","{'high': 'Firewood', 'medium': 'Food', 'low': 'Water'}","{""high"":""Firewood"",""medium"":""Food"",""low"":""Water""}",0
143-2_agent_1_desire,143-2,agent_1,"{'High': 'Firewood', 'Medium': 'Water', 'Low': 'Food'}","{'high': 'firewood', 'medium': 'water', 'low': 'food'}","{""high"":""firewood"",""medium"":""water"",""low"":""food""}",1
143-2_agent_2_desire,143-2,agent_2,"{'High': 'Food', 'Medium': 'Not Given', 'Low': 'Not Given'}","{'high': 'water', 'medium': 'food', 'low': 'firewood'}","{""high"":""water"",""medium"":""food"",""low"":""firewood""}",0
485-3_agent_1_desire,485-3,agent_1,"{'High': 'Firewood', 'Medium': 'Food', 'Low': 'Water'}","{'high': 'Firewood', 'medium': 'Food', 'low': 'Water'}","{""high"":""Firewood"",""medium"":""Food"",""low"":""Water""}",1
485-3_agent_2_desire,485-3,agent_2,"{'High': 'Firewood', 'Medium': 'Water', 'Low': 'Food'}","{'high': 'Firewood', 'medium': 'Water', 'low': 'Food'}","{""high"":""Firewood"",""medium"":""Water"",""low"":""Food""}",1
610-3_agent_1_desire,610-3,agent_1,"{'High': 'Water', 'Medium': 'Food', 'Low': 'Firewood'}","{'high': 'water', 'medium': 'food', 'low': 'firewood'}","{""high"":""water"",""medium"":""food"",""low"":""firewood""}",1
610-3_agent_2_desire,610-3,agent_2,"{'High': 'Water', 'Medium': 'Not Given', 'Low': 'Not Given'}","{'high': 'water', 'medium': 'food', 'low': 'firewood'}","{""high"":""water"",""medium"":""food"",""low"":""firewood""}",0
183-3_agent_1_desire,183-3,agent_1,"{'High': 'Water', 'Medium': 'Firewood', 'Low': 'Food'}","{'high': 'Water', 'medium': 'Firewood', 'low': 'Food'}","{""high"":""Water"",""medium"":""Firewood"",""low"":""Food""}",1
183-3_agent_2_desire,183-3,agent_2,"{'High': 'Water', 'Medium': 'Firewood', 'Low': 'Food'}","{'high': 'Water', 'medium': 'Food', 'low': 'Firewood'}","{""high"":""Water"",""medium"":""Food"",""low"":""Firewood""}",0
600-2_agent_1_desire,600-2,agent_1,"{'High': 'Firewood', 'Medium': 'Water', 'Low': 'Food'}","{'high': 'Firewood', 'medium': 'Water', 'low': 'Food'}","{""high"":""Firewood"",""medium"":""Water"",""low"":""Food""}",1
600-2_agent_2_desire,600-2,agent_2,"{'High': 'Food', 'Medium': 'Firewood', 'Low': 'Water'}","{'high': 'Food', 'medium': 'Water', 'low': 'Firewood'}","{""high"":""Food"",""medium"":""Water"",""low"":""Firewood""}",0
60-2_agent_1_desire,60-2,agent_1,"{'High': 'Food', 'Medium': 'Water', 'Low': 'Firewood'}","{'high': 'food', 'medium': 'water', 'low': 'Not Given'}","{""high"":""food"",""medium"":""water"",""low"":""Not Given""}",0
60-2_agent_2_desire,60-2,agent_2,"{'High': 'Food', 'Medium': 'Water', 'Low': 'Firewood'}","{'high': 'food', 'medium': 'water', 'low': 'Not Given'}","{""high"":""food"",""medium"":""water"",""low"":""Not Given""}",0
543-1_agent_1_desire,543-1,agent_1,"{'High': 'Food', 'Medium': 'Firewood', 'Low': 'Water'}","{'high': 'Food', 'medium': 'Water', 'low': 'Firewood'}","{""high"":""Food"",""medium"":""Water"",""low"":""Firewood""}",0
543-1_agent_2_desire,543-1,agent_2,"{'High': 'Water', 'Medium': 'Food', 'Low': 'Firewood'}","{'high': 'Water', 'medium': 'Food', 'low': 'Firewood'}","{""high"":""Water"",""medium"":""Food"",""low"":""Firewood""}",1
16-3_agent_1_desire,16-3,agent_1,"{'High': 'Food', 'Medium': 'Firewood', 'Low': 'Water'}","{'high': 'water', 'medium': 'food', 'low': 'firewood'}","{""high"":""water"",""medium"":""food"",""low"":""firewood""}",0
16-3_agent_2_desire,16-3,agent_2,"{'High': 'Firewood', 'Medium': 'Water', 'Low': 'Food'}","{'high': 'Firewood', 'medium': 'Food', 'low': 'Water'}","{""high"":""Firewood"",""medium"":""Food"",""low"":""Water""}",0
35-1_agent_1_desire,35-1,agent_1,"{'High': 'Water', 'Medium': 'Firewood', 'Low': 'Food'}","{'high': 'water', 'medium': 'food', 'low': 'firewood'}","{""high"":""water"",""medium"":""food"",""low"":""firewood""}",0
35-1_agent_2_desire,35-1,agent_2,"{'High': 'Food', 'Medium': 'Firewood', 'Low': 'Water'}","{'high': 'Food', 'medium': 'Firewood', 'low': 'Water'}","{""high"":""Food"",""medium"":""Firewood"",""low"":""Water""}",1
581-4_agent_1_desire,581-4,agent_1,"{'High': 'Water', 'Medium': 'Food', 'Low': 'Firewood'}","{'high': 'water', 'medium': 'food', 'low': 'firewood'}","{""high"":""water"",""medium"":""food"",""low"":""firewood""}",1
581-4_agent_2_desire,581-4,agent_2,"{'High': 'Water', 'Medium': 'Food', 'Low': 'Firewood'}","{'high': 'Water', 'medium': 'Firewood', 'low': 'Food'}","{""high"":""Water"",""medium"":""Firewood"",""low"":""Food""}",0
96-0_agent_1_desire,96-0,agent_1,"{'High': 'Not Given', 'Medium': 'Not Given', 'Low': 'Not Given'}","{'high': 'Not Given', 'medium': 'Not Given', 'low': 'Not Given'}","{""high"":""Not Given"",""medium"":""Not Given"",""low"":""Not Given""}",1
96-0_agent_2_desire,96-0,agent_2,"{'High': 'Not Given', 'Medium': 'Not Given', 'Low': 'Not Given'}","{'high': 'Not Given', 'medium': 'Not Given', 'low': 'Not Given'}","{""high"":""Not Given"",""medium"":""Not Given"",""low"":""Not Given""}",1
509-2_agent_1_desire,509-2,agent_1,"{'High': 'Food', 'Medium': 'Water', 'Low': 'Firewood'}","{'high': 'Food', 'medium': 'Water', 'low': 'Not Given'}","{""high"":""Food"",""medium"":""Water"",""low"":""Not Given""}",0
509-2_agent_2_desire,509-2,agent_2,"{'High': 'Food', 'Medium': 'Water', 'Low': 'Firewood'}","{'high': 'Food', 'medium': 'Water', 'low': 'Not Given'}","{""high"":""Food"",""medium"":""Water"",""low"":""Not Given""}",0
592-1_agent_1_desire,592-1,agent_1,"{'High': 'Not Given', 'Medium': 'Not Given', 'Low': 'Not Given'}","{'high': 'Not Given', 'medium': 'Not Given', 'low': 'Not Given'}","{""high"":""Not Given"",""medium"":""Not Given"",""low"":""Not Given""}",1
592-1_agent_2_desire,592-1,agent_2,"{'High': 'Not Given', 'Medium': 'Not Given', 'Low': 'Not Given'}","{'high': 'Not Given', 'medium': 'Not Given', 'low': 'Not Given'}","{""high"":""Not Given"",""medium"":""Not Given"",""low"":""Not Given""}",1
148-2_agent_1_desire,148-2,agent_1,"{'High': 'Firewood', 'Medium': 'Not Given', 'Low': 'Not Given'}","{'high': 'Firewood', 'medium': 'Not Given', 'low': 'Not Given'}","{""high"":""Firewood"",""medium"":""Not Given"",""low"":""Not Given""}",1
148-2_agent_2_desire,148-2,agent_2,"{'High': 'Firewood', 'Medium': 'Water', 'Low': 'Food'}","{'high': 'Firewood', 'medium': 'Food', 'low': 'Water'}","{""high"":""Firewood"",""medium"":""Food"",""low"":""Water""}",0
537-3_agent_1_desire,537-3,agent_1,"{'High': 'Food', 'Medium': 'Firewood', 'Low': 'Water'}","{'high': 'Food', 'medium': 'Water', 'low': 'Firewood'}","{""high"":""Food"",""medium"":""Water"",""low"":""Firewood""}",0
537-3_agent_2_desire,537-3,agent_2,"{'High': 'Food', 'Medium': 'Firewood', 'Low': 'Water'}","{'high': 'food', 'medium': 'firewood', 'low': 'water'}","{""high"":""food"",""medium"":""firewood"",""low"":""water""}",1
181-5_agent_1_desire,181-5,agent_1,"{'High': 'Food', 'Medium': 'Water', 'Low': 'Firewood'}","{'high': 'Firewood', 'medium': 'Food', 'low': 'Water'}","{""high"":""Firewood"",""medium"":""Food"",""low"":""Water""}",0
181-5_agent_2_desire,181-5,agent_2,"{'High': 'Firewood', 'Medium': 'Water', 'Low': 'Food'}","{'high': 'Firewood', 'medium': 'Water', 'low': 'Food'}","{""high"":""Firewood"",""medium"":""Water"",""low"":""Food""}",1
582-1_agent_1_desire,582-1,agent_1,"{'High': 'Firewood', 'Medium': 'Food', 'Low': 'Water'}","{'high': 'food', 'medium': 'firewood', 'low': 'water'}","{""high"":""food"",""medium"":""firewood"",""low"":""water""}",0
582-1_agent_2_desire,582-1,agent_2,"{'High': 'Not Given', 'Medium': 'Not Given', 'Low': 'Firewood'}","{'high': 'food', 'medium': 'water', 'low': 'firewood'}","{""high"":""food"",""medium"":""water"",""low"":""firewood""}",0
429-6_agent_1_desire,429-6,agent_1,"{'High': 'Water', 'Medium': 'Food', 'Low': 'Firewood'}","{'high': 'Firewood', 'medium': 'Water', 'low': 'Food'}","{""high"":""Firewood"",""medium"":""Water"",""low"":""Food""}",0
429-6_agent_2_desire,429-6,agent_2,"{'High': 'Firewood', 'Medium': 'Water', 'Low': 'Food'}","{'high': 'Firewood', 'medium': 'Water', 'low': 'Food'}","{""high"":""Firewood"",""medium"":""Water"",""low"":""Food""}",1
485-2_agent_1_desire,485-2,agent_1,"{'High': 'Firewood', 'Medium': 'Food', 'Low': 'Water'}","{'high': 'Firewood', 'medium': 'Food', 'low': 'Water'}","{""high"":""Firewood"",""medium"":""Food"",""low"":""Water""}",1
485-2_agent_2_desire,485-2,agent_2,"{'High': 'Not Given', 'Medium': 'Not Given', 'Low': 'Food'}","{'high': 'Firewood', 'medium': 'Water', 'low': 'Food'}","{""high"":""Firewood"",""medium"":""Water"",""low"":""Food""}",0
486-3_agent_1_desire,486-3,agent_1,"{'High': 'Firewood', 'Medium': 'Water', 'Low': 'Food'}","{'high': 'Firewood', 'medium': 'Food', 'low': 'Water'}","{""high"":""Firewood"",""medium"":""Food"",""low"":""Water""}",0
486-3_agent_2_desire,486-3,agent_2,"{'High': 'Not Given', 'Medium': 'Not Given', 'Low': 'Firewood'}","{'high': 'Water', 'medium': 'Food', 'low': 'Firewood'}","{""high"":""Water"",""medium"":""Food"",""low"":""Firewood""}",0
454-4_agent_1_desire,454-4,agent_1,"{'High': 'Water', 'Medium': 'Firewood', 'Low': 'Food'}","{'high': 'Water', 'medium': 'Firewood', 'low': 'Food'}","{""high"":""Water"",""medium"":""Firewood"",""low"":""Food""}",1
454-4_agent_2_desire,454-4,agent_2,"{'High': 'Food', 'Medium': 'Firewood', 'Low': 'Water'}","{'high': 'food', 'medium': 'firewood', 'low': 'water'}","{""high"":""food"",""medium"":""firewood"",""low"":""water""}",1
515-3_agent_1_desire,515-3,agent_1,"{'High': 'Water', 'Medium': 'Firewood', 'Low': 'Food'}","{'high': 'water', 'medium': 'firewood', 'low': 'food'}","{""high"":""water"",""medium"":""firewood"",""low"":""food""}",1
515-3_agent_2_desire,515-3,agent_2,"{'High': 'Firewood', 'Medium': 'Food', 'Low': 'Water'}","{'high': 'firewood', 'medium': 'water', 'low': 'food'}","{""high"":""firewood"",""medium"":""water"",""low"":""food""}",0
557-7_agent_1_desire,557-7,agent_1,"{'High': 'Water', 'Medium': 'Firewood', 'Low': 'Food'}","{'high': 'water', 'medium': 'fire wood', 'low': 'food'}","{""high"":""water"",""medium"":""fire wood"",""low"":""food""}",1
557-7_agent_2_desire,557-7,agent_2,"{'High': 'Water', 'Medium': 'Firewood', 'Low': 'Food'}","{'high': 'Water', 'medium': 'Firewood', 'low': 'Food'}","{""high"":""Water"",""medium"":""Firewood"",""low"":""Food""}",1
9-0_agent_1_desire,9-0,agent_1,"{'High': 'Not Given', 'Medium': 'Not Given', 'Low': 'Not Given'}","{'high': 'Not Given', 'medium': 'Not Given', 'low': 'Not Given'}","{""high"":""Not Given"",""medium"":""Not Given"",""low"":""Not Given""}",1
9-0_agent_2_desire,9-0,agent_2,"{'High': 'Not Given', 'Medium': 'Not Given', 'Low': 'Not Given'}","{'high': 'Not Given', 'medium': 'Not Given', 'low': 'Not Given'}","{""high"":""Not Given"",""medium"":""Not Given"",""low"":""Not Given""}",1
442-6_agent_1_desire,442-6,agent_1,"{'High': 'Not Given', 'Medium': 'Not Given', 'Low': 'Firewood'}","{'high': 'Firewood', 'medium': 'Water', 'low': 'Food'}","{""high"":""Firewood"",""medium"":""Water"",""low"":""Food""}",0
442-6_agent_2_desire,442-6,agent_2,"{'High': 'Firewood', 'Medium': 'Water', 'Low': 'Food'}","{'high': 'firewood', 'medium': 'water', 'low': 'food'}","{""high"":""firewood"",""medium"":""water"",""low"":""food""}",1
44-0_agent_1_desire,44-0,agent_1,"{'High': 'Food', 'Medium': 'Not Given', 'Low': 'Not Given'}","{'high': 'Food', 'medium': 'Not Given', 'low': 'Not Given'}","{""high"":""Food"",""medium"":""Not Given"",""low"":""Not Given""}",1
44-0_agent_2_desire,44-0,agent_2,"{'High': 'Food', 'Medium': 'Not Given', 'Low': 'Not Given'}","{'high': 'Food', 'medium': 'Not Given', 'low': 'Not Given'}","{""high"":""Food"",""medium"":""Not Given"",""low"":""Not Given""}",1
504-1_agent_1_desire,504-1,agent_1,"{'High': 'Food', 'Medium': 'Firewood', 'Low': 'Water'}","{'high': 'Food', 'medium': 'Firewood', 'low': 'Water'}","{""high"":""Food"",""medium"":""Firewood"",""low"":""Water""}",1
504-1_agent_2_desire,504-1,agent_2,"{'High': 'Not Given', 'Medium': 'Not Given', 'Low': 'Not Given'}","{'high': 'Not Given', 'medium': 'Not Given', 'low': 'Not Given'}","{""high"":""Not Given"",""medium"":""Not Given"",""low"":""Not Given""}",1
24-1_agent_1_desire,24-1,agent_1,"{'High': 'Not Given', 'Medium': 'Not Given', 'Low': 'Firewood'}","{'high': 'water', 'medium': 'food', 'low': 'Not Given'}","{""high"":""water"",""medium"":""food"",""low"":""Not Given""}",0
24-1_agent_2_desire,24-1,agent_2,"{'High': 'Not Given', 'Medium': 'Not Given', 'Low': 'Food'}","{'high': 'water', 'medium': 'firewood', 'low': 'Not Given'}","{""high"":""water"",""medium"":""firewood"",""low"":""Not Given""}",0
141-2_agent_1_desire,141-2,agent_1,"{'High': 'Not Given', 'Medium': 'Not Given', 'Low': 'Food'}","{'high': 'Food', 'medium': 'Water', 'low': 'Firewood'}","{""high"":""Food"",""medium"":""Water"",""low"":""Firewood""}",0
141-2_agent_2_desire,141-2,agent_2,"{'High': 'Food', 'Medium': 'Not Given', 'Low': 'Not Given'}","{'high': 'Food', 'medium': 'Water', 'low': 'Firewood'}","{""high"":""Food"",""medium"":""Water"",""low"":""Firewood""}",0
562-1_agent_1_desire,562-1,agent_1,"{'High': 'Water', 'Medium': 'Firewood', 'Low': 'Food'}","{'high': 'Firewood', 'medium': 'Water', 'low': 'Food'}","{""high"":""Firewood"",""medium"":""Water"",""low"":""Food""}",0
562-1_agent_2_desire,562-1,agent_2,"{'High': 'Firewood', 'Medium': 'Water', 'Low': 'Food'}","{'high': 'Firewood', 'medium': 'Water', 'low': 'Food'}","{""high"":""Firewood"",""medium"":""Water"",""low"":""Food""}",1
477-7_agent_1_desire,477-7,agent_1,"{'High': 'Water', 'Medium': 'Food', 'Low': 'Firewood'}","{'high': 'water', 'medium': 'food', 'low': 'firewood'}","{""high"":""water"",""medium"":""food"",""low"":""firewood""}",1
477-7_agent_2_desire,477-7,agent_2,"{'High': 'Water', 'Medium': 'Food', 'Low': 'Firewood'}","{'high': 'Water', 'medium': 'Firewood', 'low': 'Food'}","{""high"":""Water"",""medium"":""Firewood"",""low"":""Food""}",0
24-0_agent_1_desire,24-0,agent_1,"{'High': 'Not Given', 'Medium': 'Not Given', 'Low': 'Not Given'}","{'high': 'Not Given', 'medium': 'Not Given', 'low': 'Not Given'}","{""high"":""Not Given"",""medium"":""Not Given"",""low"":""Not Given""}",1
24-0_agent_2_desire,24-0,agent_2,"{'High': 'Not Given', 'Medium': 'Not Given', 'Low': 'Not Given'}","{'high': 'Not Given', 'medium': 'Not Given', 'low': 'Not Given'}","{""high"":""Not Given"",""medium"":""Not Given"",""low"":""Not Given""}",1
417-2_agent_1_desire,417-2,agent_1,"{'High': 'Firewood', 'Medium': 'Water', 'Low': 'Food'}","{'high': 'Firewood', 'medium': 'Food', 'low': 'Water'}","{""high"":""Firewood"",""medium"":""Food"",""low"":""Water""}",0
417-2_agent_2_desire,417-2,agent_2,"{'High': 'Water', 'Medium': 'Firewood', 'Low': 'Food'}","{'high': 'water', 'medium': 'firewood', 'low': 'food'}","{""high"":""water"",""medium"":""firewood"",""low"":""food""}",1
5-3_agent_1_desire,5-3,agent_1,"{'High': 'Food', 'Medium': 'Water', 'Low': 'Firewood'}","{'high': 'Food', 'medium': 'Water', 'low': 'Firewood'}","{""high"":""Food"",""medium"":""Water"",""low"":""Firewood""}",1
5-3_agent_2_desire,5-3,agent_2,"{'High': 'Firewood', 'Medium': 'Food', 'Low': 'Water'}","{'high': 'Firewood', 'medium': 'Food', 'low': 'Water'}","{""high"":""Firewood"",""medium"":""Food"",""low"":""Water""}",1
496-4_agent_1_desire,496-4,agent_1,"{'High': 'Firewood', 'Medium': 'Water', 'Low': 'Food'}","{'high': 'firewood', 'medium': 'food', 'low': 'water'}","{""high"":""firewood"",""medium"":""food"",""low"":""water""}",0
496-4_agent_2_desire,496-4,agent_2,"{'High': 'Firewood', 'Medium': 'Food', 'Low': 'Water'}","{'high': 'Firewood', 'medium': 'Food', 'low': 'Water'}","{""high"":""Firewood"",""medium"":""Food"",""low"":""Water""}",1
134-4_agent_1_desire,134-4,agent_1,"{'High': 'Food', 'Medium': 'Firewood', 'Low': 'Water'}","{'high': 'Food', 'medium': 'Firewood', 'low': 'Water'}","{""high"":""Food"",""medium"":""Firewood"",""low"":""Water""}",1
134-4_agent_2_desire,134-4,agent_2,"{'High': 'Water', 'Medium': 'Firewood', 'Low': 'Food'}","{'high': 'water', 'medium': 'food', 'low': 'firewood'}","{""high"":""water"",""medium"":""food"",""low"":""firewood""}",0
180-2_agent_1_desire,180-2,agent_1,"{'High': 'Water', 'Medium': 'Firewood', 'Low': 'Food'}","{'high': 'Water', 'medium': 'Firewood', 'low': 'Food'}","{""high"":""Water"",""medium"":""Firewood"",""low"":""Food""}",1
180-2_agent_2_desire,180-2,agent_2,"{'High': 'Food', 'Medium': 'Water', 'Low': 'Firewood'}","{'high': 'Food', 'medium': 'Water', 'low': 'Firewood'}","{""high"":""Food"",""medium"":""Water"",""low"":""Firewood""}",1
164-4_agent_1_desire,164-4,agent_1,"{'High': 'Food', 'Medium': 'Firewood', 'Low': 'Water'}","{'high': 'Not Given', 'medium': 'Not Given', 'low': 'Not Given'}","{""high"":""Not Given"",""medium"":""Not Given"",""low"":""Not Given""}",0
164-4_agent_2_desire,164-4,agent_2,"{'High': 'Water', 'Medium': 'Firewood', 'Low': 'Food'}","{'high': 'Water', 'medium': 'Firewood', 'low': 'Food'}","{""high"":""Water"",""medium"":""Firewood"",""low"":""Food""}",1
595-3_agent_1_desire,595-3,agent_1,"{'High': 'Water', 'Medium': 'Food', 'Low': 'Firewood'}","{'high': 'Food', 'medium': 'Firewood', 'low': 'Water'}","{""high"":""Food"",""medium"":""Firewood"",""low"":""Water""}",0
595-3_agent_2_desire,595-3,agent_2,"{'High': 'Firewood', 'Medium': 'Food', 'Low': 'Water'}","{'high': 'Firewood', 'medium': 'Food', 'low': 'Water'}","{""high"":""Firewood"",""medium"":""Food"",""low"":""Water""}",1
476-1_agent_1_desire,476-1,agent_1,"{'High': 'Not Given', 'Medium': 'Not Given', 'Low': 'Not Given'}","{'high': 'Not Given', 'medium': 'Not Given', 'low': 'Not Given'}","{""high"":""Not Given"",""medium"":""Not Given"",""low"":""Not Given""}",1
476-1_agent_2_desire,476-1,agent_2,"{'High': 'Firewood', 'Medium': 'Not Given', 'Low': 'Not Given'}","{'high': 'Firewood', 'medium': 'Not Given', 'low': 'Not Given'}","{""high"":""Firewood"",""medium"":""Not Given"",""low"":""Not Given""}",1
117-1_agent_1_desire,117-1,agent_1,"{'High': 'Water', 'Medium': 'Firewood', 'Low': 'Food'}","{'high': 'Food', 'medium': 'Water', 'low': 'Firewood'}","{""high"":""Food"",""medium"":""Water"",""low"":""Firewood""}",0
117-1_agent_2_desire,117-1,agent_2,"{'High': 'Not Given', 'Medium': 'Not Given', 'Low': 'Water'}","{'high': 'Water', 'medium': 'Firewood', 'low': 'Food'}","{""high"":""Water"",""medium"":""Firewood"",""low"":""Food""}",0
481-4_agent_1_desire,481-4,agent_1,"{'High': 'Food', 'Medium': 'Water', 'Low': 'Firewood'}","{'high': 'food', 'medium': 'water', 'low': 'firewood'}","{""high"":""food"",""medium"":""water"",""low"":""firewood""}",1
481-4_agent_2_desire,481-4,agent_2,"{'High': 'Water', 'Medium': 'Not Given', 'Low': 'Not Given'}","{'high': 'Water', 'medium': 'Not Given', 'low': 'Not Given'}","{""high"":""Water"",""medium"":""Not Given"",""low"":""Not Given""}",1
216-0_agent_1_desire,216-0,agent_1,"{'High': 'Not Given', 'Medium': 'Not Given', 'Low': 'Not Given'}","{'high': 'Not Given', 'medium': 'Not Given', 'low': 'Not Given'}","{""high"":""Not Given"",""medium"":""Not Given"",""low"":""Not Given""}",1
216-0_agent_2_desire,216-0,agent_2,"{'High': 'Not Given', 'Medium': 'Not Given', 'Low': 'Not Given'}","{'high': 'Not Given', 'medium': 'Not Given', 'low': 'Not Given'}","{""high"":""Not Given"",""medium"":""Not Given"",""low"":""Not Given""}",1
34-3_agent_1_desire,34-3,agent_1,"{'High': 'Firewood', 'Medium': 'Not Given', 'Low': 'Not Given'}","{'high': 'firewood', 'medium': 'Not Given', 'low': 'Not Given'}","{""high"":""firewood"",""medium"":""Not Given"",""low"":""Not Given""}",1
34-3_agent_2_desire,34-3,agent_2,"{'High': 'Firewood', 'Medium': 'Not Given', 'Low': 'Not Given'}","{'high': 'Firewood', 'medium': 'Not Given', 'low': 'Not Given'}","{""high"":""Firewood"",""medium"":""Not Given"",""low"":""Not Given""}",1
134-1_agent_1_desire,134-1,agent_1,"{'High': 'Not Given', 'Medium': 'Not Given', 'Low': 'Not Given'}","{'high': 'Not Given', 'medium': 'Not Given', 'low': 'Not Given'}","{""high"":""Not Given"",""medium"":""Not Given"",""low"":""Not Given""}",1
134-1_agent_2_desire,134-1,agent_2,"{'High': 'Not Given', 'Medium': 'Not Given', 'Low': 'Not Given'}","{'high': 'Not Given', 'medium': 'Not Given', 'low': 'Not Given'}","{""high"":""Not Given"",""medium"":""Not Given"",""low"":""Not Given""}",1
37-0_agent_1_desire,37-0,agent_1,"{'High': 'Not Given', 'Medium': 'Not Given', 'Low': 'Not Given'}","{'high': 'Not Given', 'medium': 'Not Given', 'low': 'Not Given'}","{""high"":""Not Given"",""medium"":""Not Given"",""low"":""Not Given""}",1
37-0_agent_2_desire,37-0,agent_2,"{'High': 'Not Given', 'Medium': 'Not Given', 'Low': 'Not Given'}","{'high': 'Water', 'medium': 'Not Given', 'low': 'Not Given'}","{""high"":""Water"",""medium"":""Not Given"",""low"":""Not Given""}",0
62-6_agent_1_desire,62-6,agent_1,"{'High': 'Food', 'Medium': 'Firewood', 'Low': 'Water'}","{'high': 'firewood', 'medium': 'food', 'low': 'water'}","{""high"":""firewood"",""medium"":""food"",""low"":""water""}",0
62-6_agent_2_desire,62-6,agent_2,"{'High': 'Water', 'Medium': 'Firewood', 'Low': 'Food'}","{'high': 'Water', 'medium': 'Firewood', 'low': 'Food'}","{""high"":""Water"",""medium"":""Firewood"",""low"":""Food""}",1
6-3_agent_1_desire,6-3,agent_1,"{'High': 'Firewood', 'Medium': 'Not Given', 'Low': 'Not Given'}","{'high': 'Firewood', 'medium': 'Not Given', 'low': 'Not Given'}","{""high"":""Firewood"",""medium"":""Not Given"",""low"":""Not Given""}",1
6-3_agent_2_desire,6-3,agent_2,"{'High': 'Food', 'Medium': 'Not Given', 'Low': 'Not Given'}","{'high': 'Food', 'medium': 'Not Given', 'low': 'Not Given'}","{""high"":""Food"",""medium"":""Not Given"",""low"":""Not Given""}",1
541-4_agent_1_desire,541-4,agent_1,"{'High': 'Water', 'Medium': 'Firewood', 'Low': 'Food'}","{'high': 'water', 'medium': 'firewood', 'low': 'food'}","{""high"":""water"",""medium"":""firewood"",""low"":""food""}",1
541-4_agent_2_desire,541-4,agent_2,"{'High': 'Water', 'Medium': 'Food', 'Low': 'Firewood'}","{'high': 'water', 'medium': 'food', 'low': 'firewood'}","{""high"":""water"",""medium"":""food"",""low"":""firewood""}",1
480-3_agent_1_desire,480-3,agent_1,"{'High': 'Water', 'Medium': 'Food', 'Low': 'Firewood'}","{'high': 'water', 'medium': 'food', 'low': 'firewood'}","{""high"":""water"",""medium"":""food"",""low"":""firewood""}",1
480-3_agent_2_desire,480-3,agent_2,"{'High': 'Water', 'Medium': 'Food', 'Low': 'Firewood'}","{'high': 'water', 'medium': 'food', 'low': 'firewood'}","{""high"":""water"",""medium"":""food"",""low"":""firewood""}",1
20-4_agent_1_desire,20-4,agent_1,"{'High': 'Not Given', 'Medium': 'Not Given', 'Low': 'Food'}","{'high': 'Firewood', 'medium': 'Water', 'low': 'Food'}","{""high"":""Firewood"",""medium"":""Water"",""low"":""Food""}",0
20-4_agent_2_desire,20-4,agent_2,"{'High': 'Water', 'Medium': 'Food', 'Low': 'Firewood'}","{'high': 'Water', 'medium': 'Food', 'low': 'Firewood'}","{""high"":""Water"",""medium"":""Food"",""low"":""Firewood""}",1
536-3_agent_1_desire,536-3,agent_1,"{'High': 'Food', 'Medium': 'Water', 'Low': 'Firewood'}","{'high': 'Food', 'medium': 'Firewood', 'low': 'Water'}","{""high"":""Food"",""medium"":""Firewood"",""low"":""Water""}",0
536-3_agent_2_desire,536-3,agent_2,"{'High': 'Food', 'Medium': 'Water', 'Low': 'Firewood'}","{'high': 'Food', 'medium': 'Water', 'low': 'Firewood'}","{""high"":""Food"",""medium"":""Water"",""low"":""Firewood""}",1
512-5_agent_1_desire,512-5,agent_1,"{'High': 'Firewood', 'Medium': 'Water', 'Low': 'Food'}","{'high': 'Firewood', 'medium': 'Food', 'low': 'Water'}","{""high"":""Firewood"",""medium"":""Food"",""low"":""Water""}",0
512-5_agent_2_desire,512-5,agent_2,"{'High': 'Firewood', 'Medium': 'Water', 'Low': 'Food'}","{'high': 'Food', 'medium': 'Water', 'low': 'Firewood'}","{""high"":""Food"",""medium"":""Water"",""low"":""Firewood""}",0
168-3_agent_1_desire,168-3,agent_1,"{'High': 'Food', 'Medium': 'Firewood', 'Low': 'Water'}","{'high': 'Food', 'medium': 'Firewood', 'low': 'Water'}","{""high"":""Food"",""medium"":""Firewood"",""low"":""Water""}",1
168-3_agent_2_desire,168-3,agent_2,"{'High': 'Food', 'Medium': 'Water', 'Low': 'Firewood'}","{'high': 'Food', 'medium': 'Firewood', 'low': 'Water'}","{""high"":""Food"",""medium"":""Firewood"",""low"":""Water""}",0
571-4_agent_1_desire,571-4,agent_1,"{'High': 'Firewood', 'Medium': 'Water', 'Low': 'Food'}","{'high': 'firewood', 'medium': 'water', 'low': 'food'}","{""high"":""firewood"",""medium"":""water"",""low"":""food""}",1
571-4_agent_2_desire,571-4,agent_2,"{'High': 'Food', 'Medium': 'Water', 'Low': 'Firewood'}","{'high': 'firewood', 'medium': 'water', 'low': 'food'}","{""high"":""firewood"",""medium"":""water"",""low"":""food""}",0
53-3_agent_1_desire,53-3,agent_1,"{'High': 'Firewood', 'Medium': 'Food', 'Low': 'Water'}","{'high': 'Firewood', 'medium': 'Food', 'low': 'Water'}","{""high"":""Firewood"",""medium"":""Food"",""low"":""Water""}",1
53-3_agent_2_desire,53-3,agent_2,"{'High': 'Firewood', 'Medium': 'Food', 'Low': 'Water'}","{'high': 'Firewood', 'medium': 'Food', 'low': 'Water'}","{""high"":""Firewood"",""medium"":""Food"",""low"":""Water""}",1
565-3_agent_1_desire,565-3,agent_1,"{'High': 'Not Given', 'Medium': 'Not Given', 'Low': 'Water'}","{'high': 'firewood', 'medium': 'food', 'low': 'water'}","{""high"":""firewood"",""medium"":""food"",""low"":""water""}",0
565-3_agent_2_desire,565-3,agent_2,"{'High': 'Food', 'Medium': 'Firewood', 'Low': 'Water'}","{'high': 'food', 'medium': 'firewood', 'low': 'water'}","{""high"":""food"",""medium"":""firewood"",""low"":""water""}",1
115-4_agent_1_desire,115-4,agent_1,"{'High': 'Firewood', 'Medium': 'Not Given', 'Low': 'Not Given'}","{'high': 'Firewood', 'medium': 'Food', 'low': 'Water'}","{""high"":""Firewood"",""medium"":""Food"",""low"":""Water""}",0
115-4_agent_2_desire,115-4,agent_2,"{'High': 'Food', 'Medium': 'Not Given', 'Low': 'Water'}","{'high': 'Firewood', 'medium': 'Food', 'low': 'Water'}","{""high"":""Firewood"",""medium"":""Food"",""low"":""Water""}",0
470-1_agent_1_desire,470-1,agent_1,"{'High': 'Firewood', 'Medium': 'Food', 'Low': 'Water'}","{'high': 'Firewood', 'medium': 'Water', 'low': 'Not Given'}","{""high"":""Firewood"",""medium"":""Water"",""low"":""Not Given""}",0
470-1_agent_2_desire,470-1,agent_2,"{'High': 'Firewood', 'Medium': 'Not Given', 'Low': 'Not Given'}","{'high': 'Firewood', 'medium': 'Not Given', 'low': 'Not Given'}","{""high"":""Firewood"",""medium"":""Not Given"",""low"":""Not Given""}",1
97-0_agent_1_desire,97-0,agent_1,"{'High': 'Not Given', 'Medium': 'Not Given', 'Low': 'Not Given'}","{'high': 'Not Given', 'medium': 'Not Given', 'low': 'Not Given'}","{""high"":""Not Given"",""medium"":""Not Given"",""low"":""Not Given""}",1
97-0_agent_2_desire,97-0,agent_2,"{'High': 'Not Given', 'Medium': 'Not Given', 'Low': 'Not Given'}","{'high': 'Not Given', 'medium': 'Not Given', 'low': 'Not Given'}","{""high"":""Not Given"",""medium"":""Not Given"",""low"":""Not Given""}",1
46-3_agent_1_desire,46-3,agent_1,"{'High': 'Not Given', 'Medium': 'Not Given', 'Low': 'Firewood'}","{'high': 'food', 'medium': 'water', 'low': 'firewood'}","{""high"":""food"",""medium"":""water"",""low"":""firewood""}",0
46-3_agent_2_desire,46-3,agent_2,"{'High': 'Water', 'Medium': 'Not Given', 'Low': 'Not Given'}","{'high': 'water', 'medium': 'Not Given', 'low': 'Not Given'}","{""high"":""water"",""medium"":""Not Given"",""low"":""Not Given""}",1
69-2_agent_1_desire,69-2,agent_1,"{'High': 'Firewood', 'Medium': 'Not Given', 'Low': 'Not Given'}","{'high': 'Firewood', 'medium': 'Not Given', 'low': 'Not Given'}","{""high"":""Firewood"",""medium"":""Not Given"",""low"":""Not Given""}",1
69-2_agent_2_desire,69-2,agent_2,"{'High': 'Food', 'Medium': 'Not Given', 'Low': 'Not Given'}","{'high': 'Water', 'medium': 'Food', 'low': 'Firewood'}","{""high"":""Water"",""medium"":""Food"",""low"":""Firewood""}",0
576-0_agent_1_desire,576-0,agent_1,"{'High': 'Water', 'Medium': 'Not Given', 'Low': 'Not Given'}","{'high': 'Water', 'medium': 'Not Given', 'low': 'Not Given'}","{""high"":""Water"",""medium"":""Not Given"",""low"":""Not Given""}",1
576-0_agent_2_desire,576-0,agent_2,"{'High': 'Food', 'Medium': 'Firewood', 'Low': 'Water'}","{'high': 'Food', 'medium': 'Firewood', 'low': 'Water'}","{""high"":""Food"",""medium"":""Firewood"",""low"":""Water""}",1
455-0_agent_1_desire,455-0,agent_1,"{'High': 'Firewood', 'Medium': 'Water', 'Low': 'Food'}","{'high': 'firewood', 'medium': 'water', 'low': 'food'}","{""high"":""firewood"",""medium"":""water"",""low"":""food""}",1
455-0_agent_2_desire,455-0,agent_2,"{'High': 'Not Given', 'Medium': 'Not Given', 'Low': 'Not Given'}","{'high': 'Not Given', 'medium': 'Not Given', 'low': 'Not Given'}","{""high"":""Not Given"",""medium"":""Not Given"",""low"":""Not Given""}",1
61-4_agent_1_desire,61-4,agent_1,"{'High': 'Firewood', 'Medium': 'Not Given', 'Low': 'Not Given'}","{'high': 'Firewood', 'medium': 'Not Given', 'low': 'Not Given'}","{""high"":""Firewood"",""medium"":""Not Given"",""low"":""Not Given""}",1
61-4_agent_2_desire,61-4,agent_2,"{'High': 'Firewood', 'Medium': 'Not Given', 'Low': 'Not Given'}","{'high': 'Firewood', 'medium': 'Not Given', 'low': 'Not Given'}","{""high"":""Firewood"",""medium"":""Not Given"",""low"":""Not Given""}",1
49-2_agent_1_desire,49-2,agent_1,"{'High': 'Not Given', 'Medium': 'Not Given', 'Low': 'Firewood'}","{'high': 'water', 'medium': 'Not Given', 'low': 'Not Given'}","{""high"":""water"",""medium"":""Not Given"",""low"":""Not Given""}",0
49-2_agent_2_desire,49-2,agent_2,"{'High': 'Water', 'Medium': 'Firewood', 'Low': 'Food'}","{'high': 'Water', 'medium': 'Firewood', 'low': 'Food'}","{""high"":""Water"",""medium"":""Firewood"",""low"":""Food""}",1
47-2_agent_1_desire,47-2,agent_1,"{'High': 'Water', 'Medium': 'Firewood', 'Low': 'Food'}","{'high': 'Water', 'medium': 'Firewood', 'low': 'Food'}","{""high"":""Water"",""medium"":""Firewood"",""low"":""Food""}",1
47-2_agent_2_desire,47-2,agent_2,"{'High': 'Water', 'Medium': 'Food', 'Low': 'Firewood'}","{'high': 'Water', 'medium': 'Food', 'low': 'Firewood'}","{""high"":""Water"",""medium"":""Food"",""low"":""Firewood""}",1
532-2_agent_1_desire,532-2,agent_1,"{'High': 'Firewood', 'Medium': 'Not Given', 'Low': 'Not Given'}","{'high': 'Firewood', 'medium': 'Not Given', 'low': 'Not Given'}","{""high"":""Firewood"",""medium"":""Not Given"",""low"":""Not Given""}",1
532-2_agent_2_desire,532-2,agent_2,"{'High': 'Not Given', 'Medium': 'Not Given', 'Low': 'Not Given'}","{'high': 'Firewood', 'medium': 'Not Given', 'low': 'Not Given'}","{""high"":""Firewood"",""medium"":""Not Given"",""low"":""Not Given""}",0
64-4_agent_1_desire,64-4,agent_1,"{'High': 'Firewood', 'Medium': 'Water', 'Low': 'Food'}","{'high': 'Firewood', 'medium': 'Food', 'low': 'Water'}","{""high"":""Firewood"",""medium"":""Food"",""low"":""Water""}",0
64-4_agent_2_desire,64-4,agent_2,"{'High': 'Food', 'Medium': 'Water', 'Low': 'Firewood'}","{'high': 'Food', 'medium': 'Water', 'low': 'Firewood'}","{""high"":""Food"",""medium"":""Water"",""low"":""Firewood""}",1
451-1_agent_1_desire,451-1,agent_1,"{'High': 'Not Given', 'Medium': 'Not Given', 'Low': 'Not Given'}","{'high': 'Food', 'medium': 'Firewood', 'low': 'Water'}","{""high"":""Food"",""medium"":""Firewood"",""low"":""Water""}",0
451-1_agent_2_desire,451-1,agent_2,"{'High': 'Food', 'Medium': 'Firewood', 'Low': 'Water'}","{'high': 'food', 'medium': 'firewood', 'low': 'water'}","{""high"":""food"",""medium"":""firewood"",""low"":""water""}",1
508-1_agent_1_desire,508-1,agent_1,"{'High': 'Firewood', 'Medium': 'Food', 'Low': 'Water'}","{'high': 'Firewood', 'medium': 'Water', 'low': 'Not Given'}","{""high"":""Firewood"",""medium"":""Water"",""low"":""Not Given""}",0
508-1_agent_2_desire,508-1,agent_2,"{'High': 'Water', 'Medium': 'Food', 'Low': 'Firewood'}","{'high': 'water', 'medium': 'firewood', 'low': 'Not Given'}","{""high"":""water"",""medium"":""firewood"",""low"":""Not Given""}",0
610-2_agent_1_desire,610-2,agent_1,"{'High': 'Water', 'Medium': 'Food', 'Low': 'Firewood'}","{'high': 'water', 'medium': 'food', 'low': 'firewood'}","{""high"":""water"",""medium"":""food"",""low"":""firewood""}",1
610-2_agent_2_desire,610-2,agent_2,"{'High': 'Not Given', 'Medium': 'Not Given', 'Low': 'Not Given'}","{'high': 'Not Given', 'medium': 'Not Given', 'low': 'Not Given'}","{""high"":""Not Given"",""medium"":""Not Given"",""low"":""Not Given""}",1
577-2_agent_1_desire,577-2,agent_1,"{'High': 'Firewood', 'Medium': 'Water', 'Low': 'Food'}","{'high': 'Firewood', 'medium': 'Water', 'low': 'Food'}","{""high"":""Firewood"",""medium"":""Water"",""low"":""Food""}",1
577-2_agent_2_desire,577-2,agent_2,"{'High': 'Food', 'Medium': 'Firewood', 'Low': 'Water'}","{'high': 'Firewood', 'medium': 'Water', 'low': 'Food'}","{""high"":""Firewood"",""medium"":""Water"",""low"":""Food""}",0
596-5_agent_1_desire,596-5,agent_1,"{'High': 'None', 'Medium': 'None', 'Low': 'None'}","{'high': 'Firewood', 'medium': 'Water', 'low': 'Food'}","{""high"":""Firewood"",""medium"":""Water"",""low"":""Food""}",0
596-5_agent_2_desire,596-5,agent_2,"{'High': 'Firewood', 'Medium': 'Water', 'Low': 'Food'}","{'high': 'Firewood', 'medium': 'Water', 'low': 'Food'}","{""high"":""Firewood"",""medium"":""Water"",""low"":""Food""}",1
151-0_agent_1_desire,151-0,agent_1,"{'High': 'Not Given', 'Medium': 'Not Given', 'Low': 'Not Given'}","{'high': 'Not Given', 'medium': 'Not Given', 'low': 'Not Given'}","{""high"":""Not Given"",""medium"":""Not Given"",""low"":""Not Given""}",1
151-0_agent_2_desire,151-0,agent_2,"{'High': 'Not Given', 'Medium': 'Not Given', 'Low': 'Not Given'}","{'high': 'Not Given', 'medium': 'Not Given', 'low': 'Not Given'}","{""high"":""Not Given"",""medium"":""Not Given"",""low"":""Not Given""}",1
71-3_agent_1_desire,71-3,agent_1,"{'High': 'Food', 'Medium': 'Water', 'Low': 'Firewood'}","{'high': 'Water', 'medium': 'Food', 'low': 'Firewood'}","{""high"":""Water"",""medium"":""Food"",""low"":""Firewood""}",0
71-3_agent_2_desire,71-3,agent_2,"{'High': 'Firewood', 'Medium': 'Water', 'Low': 'Food'}","{'high': 'Firewood', 'medium': 'Water', 'low': 'Food'}","{""high"":""Firewood"",""medium"":""Water"",""low"":""Food""}",1
439-1_agent_1_desire,439-1,agent_1,"{'High': 'Food', 'Medium': 'Not Given', 'Low': 'Not Given'}","{'high': 'Food', 'medium': 'Not Given', 'low': 'Not Given'}","{""high"":""Food"",""medium"":""Not Given"",""low"":""Not Given""}",1
439-1_agent_2_desire,439-1,agent_2,"{'High': 'Not Given', 'Medium': 'Not Given', 'Low': 'Water'}","{'high': 'Food', 'medium': 'Firewood', 'low': 'Not Given'}","{""high"":""Food"",""medium"":""Firewood"",""low"":""Not Given""}",0
600-1_agent_1_desire,600-1,agent_1,"{'High': 'Firewood', 'Medium': 'Not Given', 'Low': 'Not Given'}","{'high': 'Firewood', 'medium': 'Not Given', 'low': 'Not Given'}","{""high"":""Firewood"",""medium"":""Not Given"",""low"":""Not Given""}",1
600-1_agent_2_desire,600-1,agent_2,"{'High': 'Food', 'Medium': 'Not Given', 'Low': 'Not Given'}","{'high': 'Food', 'medium': 'Not Given', 'low': 'Not Given'}","{""high"":""Food"",""medium"":""Not Given"",""low"":""Not Given""}",1
547-7_agent_1_desire,547-7,agent_1,"{'High': 'Firewood', 'Medium': 'Water', 'Low': 'Food'}","{'high': 'firewood', 'medium': 'food', 'low': 'water'}","{""high"":""firewood"",""medium"":""food"",""low"":""water""}",0
547-7_agent_2_desire,547-7,agent_2,"{'High': 'Firewood', 'Medium': 'Food', 'Low': 'Water'}","{'high': 'Firewood', 'medium': 'Food', 'low': 'Water'}","{""high"":""Firewood"",""medium"":""Food"",""low"":""Water""}",1
171-0_agent_1_desire,171-0,agent_1,"{'High': 'Water', 'Medium': 'Not Given', 'Low': 'Food'}","{'high': 'Water', 'medium': 'Not Given', 'low': 'Food'}","{""high"":""Water"",""medium"":""Not Given"",""low"":""Food""}",1
171-0_agent_2_desire,171-0,agent_2,"{'High': 'Firewood', 'Medium': 'Food', 'Low': 'Water'}","{'high': 'Firewood', 'medium': 'Food', 'low': 'Water'}","{""high"":""Firewood"",""medium"":""Food"",""low"":""Water""}",1
430-1_agent_1_desire,430-1,agent_1,"{'High': 'Not Given', 'Medium': 'Not Given', 'Low': 'Food'}","{'high': 'Water', 'medium': 'Firewood', 'low': 'Food'}","{""high"":""Water"",""medium"":""Firewood"",""low"":""Food""}",0
430-1_agent_2_desire,430-1,agent_2,"{'High': 'Water', 'Medium': 'Firewood', 'Low': 'Food'}","{'high': 'Water', 'medium': 'Firewood', 'low': 'Food'}","{""high"":""Water"",""medium"":""Firewood"",""low"":""Food""}",1
97-3_agent_1_desire,97-3,agent_1,"{'High': 'Firewood', 'Medium': 'Not Given', 'Low': 'Water'}","{'high': 'Food', 'medium': 'Firewood', 'low': 'Water'}","{""high"":""Food"",""medium"":""Firewood"",""low"":""Water""}",0
97-3_agent_2_desire,97-3,agent_2,"{'High': 'Food', 'Medium': 'Firewood', 'Low': 'Water'}","{'high': 'Food', 'medium': 'Firewood', 'low': 'Water'}","{""high"":""Food"",""medium"":""Firewood"",""low"":""Water""}",1
85-3_agent_1_desire,85-3,agent_1,"{'High': 'Water', 'Medium': 'Food', 'Low': 'Firewood'}","{'high': 'Firewood', 'medium': 'Water', 'low': 'Food'}","{""high"":""Firewood"",""medium"":""Water"",""low"":""Food""}",0
85-3_agent_2_desire,85-3,agent_2,"{'High': 'Firewood', 'Medium': 'Water', 'Low': 'Food'}","{'high': 'Firewood', 'medium': 'Water', 'low': 'Food'}","{""high"":""Firewood"",""medium"":""Water"",""low"":""Food""}",1
554-2_agent_1_desire,554-2,agent_1,"{'High': 'Water', 'Medium': 'Firewood', 'Low': 'Food'}","{'high': 'Water', 'medium': 'Firewood', 'low': 'Food'}","{""high"":""Water"",""medium"":""Firewood"",""low"":""Food""}",1
554-2_agent_2_desire,554-2,agent_2,"{'High': 'Not Given', 'Medium': 'Not Given', 'Low': 'Food'}","{'high': 'Water', 'medium': 'Firewood', 'low': 'Food'}","{""high"":""Water"",""medium"":""Firewood"",""low"":""Food""}",0
73-1_agent_1_desire,73-1,agent_1,"{'High': 'Not Given', 'Medium': 'Not Given', 'Low': 'Not Given'}","{'high': 'Not Given', 'medium': 'Not Given', 'low': 'Not Given'}","{""high"":""Not Given"",""medium"":""Not Given"",""low"":""Not Given""}",1
73-1_agent_2_desire,73-1,agent_2,"{'High': 'Not Given', 'Medium': 'Not Given', 'Low': 'Not Given'}","{'high': 'Not Given', 'medium': 'Not Given', 'low': 'Not Given'}","{""high"":""Not Given"",""medium"":""Not Given"",""low"":""Not Given""}",1
37-4_agent_1_desire,37-4,agent_1,"{'High': 'Not Given', 'Medium': 'Not Given', 'Low': 'Not Given'}","{'high': 'Not Given', 'medium': 'Not Given', 'low': 'Not Given'}","{""high"":""Not Given"",""medium"":""Not Given"",""low"":""Not Given""}",1
37-4_agent_2_desire,37-4,agent_2,"{'High': 'Firewood', 'Medium': 'Water', 'Low': 'Food'}","{'high': 'Firewood', 'medium': 'Water', 'low': 'Food'}","{""high"":""Firewood"",""medium"":""Water"",""low"":""Food""}",1
34-2_agent_1_desire,34-2,agent_1,"{'High': 'Firewood', 'Medium': 'Not Given', 'Low': 'Not Given'}","{'high': 'firewood', 'medium': 'food', 'low': 'water'}","{""high"":""firewood"",""medium"":""food"",""low"":""water""}",0
34-2_agent_2_desire,34-2,agent_2,"{'High': 'Not Given', 'Medium': 'Not Given', 'Low': 'Not Given'}","{'high': 'Not Given', 'medium': 'Not Given', 'low': 'Not Given'}","{""high"":""Not Given"",""medium"":""Not Given"",""low"":""Not Given""}",1
4-1_agent_1_desire,4-1,agent_1,"{'High': 'Food', 'Medium': 'Not Given', 'Low': 'Not Given'}","{'high': 'Food', 'medium': 'Firewood', 'low': 'Water'}","{""high"":""Food"",""medium"":""Firewood"",""low"":""Water""}",0
4-1_agent_2_desire,4-1,agent_2,"{'High': 'Food', 'Medium': 'Firewood', 'Low': 'Water'}","{'high': 'Food', 'medium': 'Firewood', 'low': 'Water'}","{""high"":""Food"",""medium"":""Firewood"",""low"":""Water""}",1
447-4_agent_1_desire,447-4,agent_1,"{'High': 'Water', 'Medium': 'Firewood', 'Low': 'Food'}","{'high': 'food', 'medium': 'water', 'low': 'firewood'}","{""high"":""food"",""medium"":""water"",""low"":""firewood""}",0
447-4_agent_2_desire,447-4,agent_2,"{'High': 'Firewood', 'Medium': 'Water', 'Low': 'Food'}","{'high': 'firewood', 'medium': 'water', 'low': 'food'}","{""high"":""firewood"",""medium"":""water"",""low"":""food""}",1
599-3_agent_1_desire,599-3,agent_1,"{'High': 'Food', 'Medium': 'Firewood', 'Low': 'Water'}","{'high': 'Food', 'medium': 'Firewood', 'low': 'Water'}","{""high"":""Food"",""medium"":""Firewood"",""low"":""Water""}",1
599-3_agent_2_desire,599-3,agent_2,"{'High': 'Food', 'Medium': 'Water', 'Low': 'Firewood'}","{'high': 'Food', 'medium': 'Water', 'low': 'Firewood'}","{""high"":""Food"",""medium"":""Water"",""low"":""Firewood""}",1
546-2_agent_1_desire,546-2,agent_1,"{'High': 'Firewood', 'Medium': 'Water', 'Low': 'Food'}","{'high': 'water', 'medium': 'firewood', 'low': 'Not Given'}","{""high"":""water"",""medium"":""firewood"",""low"":""Not Given""}",0
546-2_agent_2_desire,546-2,agent_2,"{'High': 'Food', 'Medium': 'Water', 'Low': 'Firewood'}","{'high': 'water', 'medium': 'food', 'low': 'firewood'}","{""high"":""water"",""medium"":""food"",""low"":""firewood""}",0
606-1_agent_1_desire,606-1,agent_1,"{'High': 'Food', 'Medium': 'Not Given', 'Low': 'Not Given'}","{'high': 'Food', 'medium': 'Not Given', 'low': 'Not Given'}","{""high"":""Food"",""medium"":""Not Given"",""low"":""Not Given""}",1
606-1_agent_2_desire,606-1,agent_2,"{'High': 'Not Given', 'Medium': 'Not Given', 'Low': 'Not Given'}","{'high': 'Not Given', 'medium': 'Not Given', 'low': 'Not Given'}","{""high"":""Not Given"",""medium"":""Not Given"",""low"":""Not Given""}",1
459-1_agent_1_desire,459-1,agent_1,"{'High': 'Water', 'Medium': 'Not Given', 'Low': 'Not Given'}","{'high': 'Water', 'medium': 'Not Given', 'low': 'Not Given'}","{""high"":""Water"",""medium"":""Not Given"",""low"":""Not Given""}",1
459-1_agent_2_desire,459-1,agent_2,"{'High': 'Not Given', 'Medium': 'Not Given', 'Low': 'Not Given'}","{'high': 'Not Given', 'medium': 'Not Given', 'low': 'Not Given'}","{""high"":""Not Given"",""medium"":""Not Given"",""low"":""Not Given""}",1
180-1_agent_1_desire,180-1,agent_1,"{'High': 'Water', 'Medium': 'Firewood', 'Low': 'Food'}","{'high': 'Water', 'medium': 'Firewood', 'low': 'Food'}","{""high"":""Water"",""medium"":""Firewood"",""low"":""Food""}",1
180-1_agent_2_desire,180-1,agent_2,"{'High': 'Food', 'Medium': 'Water', 'Low': 'Firewood'}","{'high': 'Food', 'medium': 'Water', 'low': 'Firewood'}","{""high"":""Food"",""medium"":""Water"",""low"":""Firewood""}",1
418-1_agent_1_desire,418-1,agent_1,"{'High': 'Food', 'Medium': 'Not Given', 'Low': 'Not Given'}","{'high': 'Food', 'medium': 'Not Given', 'low': 'Not Given'}","{""high"":""Food"",""medium"":""Not Given"",""low"":""Not Given""}",1
418-1_agent_2_desire,418-1,agent_2,"{'High': 'Not Given', 'Medium': 'Not Given', 'Low': 'Not Given'}","{'high': 'Not Given', 'medium': 'Not Given', 'low': 'Not Given'}","{""high"":""Not Given"",""medium"":""Not Given"",""low"":""Not Given""}",1
102-2_agent_1_desire,102-2,agent_1,"{'High': 'Food', 'Medium': 'Firewood', 'Low': 'Water'}","{'high': 'Food', 'medium': 'Firewood', 'low': 'Not Given'}","{""high"":""Food"",""medium"":""Firewood"",""low"":""Not Given""}",0
102-2_agent_2_desire,102-2,agent_2,"{'High': 'Food', 'Medium': 'Firewood', 'Low': 'Water'}","{'high': 'Food', 'medium': 'Firewood', 'low': 'Not Given'}","{""high"":""Food"",""medium"":""Firewood"",""low"":""Not Given""}",0
143-1_agent_1_desire,143-1,agent_1,"{'High': 'Not Given', 'Medium': 'Not Given', 'Low': 'Food'}","{'high': 'Water', 'medium': 'Firewood', 'low': 'Food'}","{""high"":""Water"",""medium"":""Firewood"",""low"":""Food""}",0
143-1_agent_2_desire,143-1,agent_2,"{'High': 'Not Given', 'Medium': 'Not Given', 'Low': 'Not Given'}","{'high': 'Water', 'medium': 'Firewood', 'low': 'Food'}","{""high"":""Water"",""medium"":""Firewood"",""low"":""Food""}",0
463-0_agent_1_desire,463-0,agent_1,"{'High': 'Not Given', 'Medium': 'Not Given', 'Low': 'Not Given'}","{'high': 'Not Given', 'medium': 'Not Given', 'low': 'Not Given'}","{""high"":""Not Given"",""medium"":""Not Given"",""low"":""Not Given""}",1
463-0_agent_2_desire,463-0,agent_2,"{'High': 'Food', 'Medium': 'Not Given', 'Low': 'Not Given'}","{'high': 'Food', 'medium': 'Not Given', 'low': 'Not Given'}","{""high"":""Food"",""medium"":""Not Given"",""low"":""Not Given""}",1
512-3_agent_1_desire,512-3,agent_1,"{'High': 'Firewood', 'Medium': 'Water', 'Low': 'Food'}","{'high': 'Firewood', 'medium': 'Water', 'low': 'Not Given'}","{""high"":""Firewood"",""medium"":""Water"",""low"":""Not Given""}",0
512-3_agent_2_desire,512-3,agent_2,"{'High': 'Firewood', 'Medium': 'Water', 'Low': 'Food'}","{'high': 'Firewood', 'medium': 'Water', 'low': 'Not Given'}","{""high"":""Firewood"",""medium"":""Water"",""low"":""Not Given""}",0
13-2_agent_1_desire,13-2,agent_1,"{'High': 'Not Given', 'Medium': 'Not Given', 'Low': 'Not Given'}","{'high': 'Not Given', 'medium': 'Not Given', 'low': 'Not Given'}","{""high"":""Not Given"",""medium"":""Not Given"",""low"":""Not Given""}",1
13-2_agent_2_desire,13-2,agent_2,"{'High': 'Not Given', 'Medium': 'Not Given', 'Low': 'Not Given'}","{'high': 'Not Given', 'medium': 'Not Given', 'low': 'Not Given'}","{""high"":""Not Given"",""medium"":""Not Given"",""low"":""Not Given""}",1
215-6_agent_1_desire,215-6,agent_1,"{'High': 'None', 'Medium': 'None', 'Low': 'None'}","{'high': 'Food', 'medium': 'Firewood', 'low': 'Water'}","{""high"":""Food"",""medium"":""Firewood"",""low"":""Water""}",0
215-6_agent_2_desire,215-6,agent_2,"{'High': 'Firewood', 'Medium': 'Water', 'Low': 'Food'}","{'high': 'Water', 'medium': 'Firewood', 'low': 'Food'}","{""high"":""Water"",""medium"":""Firewood"",""low"":""Food""}",0
415-0_agent_1_desire,415-0,agent_1,"{'High': 'Not Given', 'Medium': 'Not Given', 'Low': 'Food'}","{'high': 'Water', 'medium': 'Firewood', 'low': 'Food'}","{""high"":""Water"",""medium"":""Firewood"",""low"":""Food""}",0
415-0_agent_2_desire,415-0,agent_2,"{'High': 'Not Given', 'Medium': 'Not Given', 'Low': 'Food'}","{'high': 'Water', 'medium': 'Firewood', 'low': 'Food'}","{""high"":""Water"",""medium"":""Firewood"",""low"":""Food""}",0
89-0_agent_1_desire,89-0,agent_1,"{'High': 'Not Given', 'Medium': 'Not Given', 'Low': 'Not Given'}","{'high': 'Not Given', 'medium': 'Not Given', 'low': 'Not Given'}","{""high"":""Not Given"",""medium"":""Not Given"",""low"":""Not Given""}",1
89-0_agent_2_desire,89-0,agent_2,"{'High': 'Water', 'Medium': 'Food', 'Low': 'Firewood'}","{'high': 'Not Given', 'medium': 'Not Given', 'low': 'Not Given'}","{""high"":""Not Given"",""medium"":""Not Given"",""low"":""Not Given""}",0
601-0_agent_1_desire,601-0,agent_1,"{'High': 'Not Given', 'Medium': 'Not Given', 'Low': 'Not Given'}","{'high': 'Not Given', 'medium': 'Not Given', 'low': 'Not Given'}","{""high"":""Not Given"",""medium"":""Not Given"",""low"":""Not Given""}",1
601-0_agent_2_desire,601-0,agent_2,"{'High': 'Not Given', 'Medium': 'Not Given', 'Low': 'Not Given'}","{'high': 'Not Given', 'medium': 'Not Given', 'low': 'Not Given'}","{""high"":""Not Given"",""medium"":""Not Given"",""low"":""Not Given""}",1
158-0_agent_1_desire,158-0,agent_1,"{'High': 'Food', 'Medium': 'Not Given', 'Low': 'Not Given'}","{'high': 'Food', 'medium': 'Water', 'low': 'Firewood'}","{""high"":""Food"",""medium"":""Water"",""low"":""Firewood""}",0
158-0_agent_2_desire,158-0,agent_2,"{'High': 'Not Given', 'Medium': 'Not Given', 'Low': 'Firewood'}","{'high': 'Food', 'medium': 'Water', 'low': 'Firewood'}","{""high"":""Food"",""medium"":""Water"",""low"":""Firewood""}",0
566-0_agent_1_desire,566-0,agent_1,"{'High': 'Not Given', 'Medium': 'Not Given', 'Low': 'Not Given'}","{'high': 'Not Given', 'medium': 'Not Given', 'low': 'Not Given'}","{""high"":""Not Given"",""medium"":""Not Given"",""low"":""Not Given""}",1
566-0_agent_2_desire,566-0,agent_2,"{'High': 'Not Given', 'Medium': 'Not Given', 'Low': 'Not Given'}","{'high': 'Not Given', 'medium': 'Not Given', 'low': 'Not Given'}","{""high"":""Not Given"",""medium"":""Not Given"",""low"":""Not Given""}",1
499-2_agent_1_desire,499-2,agent_1,"{'High': 'Water', 'Medium': 'Firewood', 'Low': 'Food'}","{'high': 'Food', 'medium': 'Water', 'low': 'Firewood'}","{""high"":""Food"",""medium"":""Water"",""low"":""Firewood""}",0
499-2_agent_2_desire,499-2,agent_2,"{'High': 'Food', 'Medium': 'Firewood', 'Low': 'Water'}","{'high': 'Food', 'medium': 'Water', 'low': 'Firewood'}","{""high"":""Food"",""medium"":""Water"",""low"":""Firewood""}",0
439-4_agent_1_desire,439-4,agent_1,"{'High': 'Food', 'Medium': 'Water', 'Low': 'Firewood'}","{'high': 'Food', 'medium': 'Water', 'low': 'Firewood'}","{""high"":""Food"",""medium"":""Water"",""low"":""Firewood""}",1
439-4_agent_2_desire,439-4,agent_2,"{'High': 'Food', 'Medium': 'Firewood', 'Low': 'Water'}","{'high': 'Firewood', 'medium': 'Food', 'low': 'Water'}","{""high"":""Firewood"",""medium"":""Food"",""low"":""Water""}",0
465-2_agent_1_desire,465-2,agent_1,"{'High': 'Firewood', 'Medium': 'Water', 'Low': 'Food'}","{'high': 'Firewood', 'medium': 'Water', 'low': 'Food'}","{""high"":""Firewood"",""medium"":""Water"",""low"":""Food""}",1
465-2_agent_2_desire,465-2,agent_2,"{'High': 'Firewood', 'Medium': 'Food', 'Low': 'Water'}","{'high': 'Firewood', 'medium': 'Food', 'low': 'Water'}","{""high"":""Firewood"",""medium"":""Food"",""low"":""Water""}",1
46-0_agent_1_desire,46-0,agent_1,"{'High': 'Not Given', 'Medium': 'Not Given', 'Low': 'Not Given'}","{'high': 'Not Given', 'medium': 'Not Given', 'low': 'Not Given'}","{""high"":""Not Given"",""medium"":""Not Given"",""low"":""Not Given""}",1
46-0_agent_2_desire,46-0,agent_2,"{'High': 'Not Given', 'Medium': 'Not Given', 'Low': 'Not Given'}","{'high': 'Not Given', 'medium': 'Not Given', 'low': 'Not Given'}","{""high"":""Not Given"",""medium"":""Not Given"",""low"":""Not Given""}",1
91-4_agent_1_desire,91-4,agent_1,"{'High': 'Water', 'Medium': 'Food', 'Low': 'Firewood'}","{'high': 'Not Given', 'medium': 'Not Given', 'low': 'Not Given'}","{""high"":""Not Given"",""medium"":""Not Given"",""low"":""Not Given""}",0
91-4_agent_2_desire,91-4,agent_2,"{'High': 'Food', 'Medium': 'Water', 'Low': 'Firewood'}","{'high': 'Food', 'medium': 'Water', 'low': 'Firewood'}","{""high"":""Food"",""medium"":""Water"",""low"":""Firewood""}",1
84-1_agent_1_desire,84-1,agent_1,"{'High': 'Water', 'Medium': 'Not Given', 'Low': 'Not Given'}","{'high': 'Water', 'medium': 'Food', 'low': 'Firewood'}","{""high"":""Water"",""medium"":""Food"",""low"":""Firewood""}",0
84-1_agent_2_desire,84-1,agent_2,"{'High': 'Water', 'Medium': 'Not Given', 'Low': 'Not Given'}","{'high': 'Water', 'medium': 'Not Given', 'low': 'Not Given'}","{""high"":""Water"",""medium"":""Not Given"",""low"":""Not Given""}",1
583-4_agent_1_desire,583-4,agent_1,"{'High': 'Water', 'Medium': 'Food', 'Low': 'Firewood'}","{'high': 'Water', 'medium': 'Food', 'low': 'Firewood'}","{""high"":""Water"",""medium"":""Food"",""low"":""Firewood""}",1
583-4_agent_2_desire,583-4,agent_2,"{'High': 'Firewood', 'Medium': 'Food', 'Low': 'Water'}","{'high': 'firewood', 'medium': 'water', 'low': 'food'}","{""high"":""firewood"",""medium"":""water"",""low"":""food""}",0
80-0_agent_1_desire,80-0,agent_1,"{'High': 'Food', 'Medium': 'Firewood', 'Low': 'Water'}","{'high': 'Firewood', 'medium': 'Not Given', 'low': 'Not Given'}","{""high"":""Firewood"",""medium"":""Not Given"",""low"":""Not Given""}",0
80-0_agent_2_desire,80-0,agent_2,"{'High': 'Food', 'Medium': 'Firewood', 'Low': 'Water'}","{'high': 'Not Given', 'medium': 'Not Given', 'low': 'Not Given'}","{""high"":""Not Given"",""medium"":""Not Given"",""low"":""Not Given""}",0
450-7_agent_1_desire,450-7,agent_1,"{'High': 'Firewood', 'Medium': 'Food', 'Low': 'Water'}","{'high': 'Food', 'medium': 'Firewood', 'low': 'Water'}","{""high"":""Food"",""medium"":""Firewood"",""low"":""Water""}",0
450-7_agent_2_desire,450-7,agent_2,"{'High': 'None', 'Medium': 'None', 'Low': 'None'}","{'high': 'Food', 'medium': 'Firewood', 'low': 'Water'}","{""high"":""Food"",""medium"":""Firewood"",""low"":""Water""}",0
602-1_agent_1_desire,602-1,agent_1,"{'High': 'Water', 'Medium': 'Not Given', 'Low': 'Not Given'}","{'high': 'Water', 'medium': 'Not Given', 'low': 'Not Given'}","{""high"":""Water"",""medium"":""Not Given"",""low"":""Not Given""}",1
602-1_agent_2_desire,602-1,agent_2,"{'High': 'Not Given', 'Medium': 'Not Given', 'Low': 'Firewood'}","{'high': 'Water', 'medium': 'Food', 'low': 'Not Given'}","{""high"":""Water"",""medium"":""Food"",""low"":""Not Given""}",0
571-3_agent_1_desire,571-3,agent_1,"{'High': 'Firewood', 'Medium': 'Not Given', 'Low': 'Not Given'}","{'high': 'firewood', 'medium': 'food', 'low': 'water'}","{""high"":""firewood"",""medium"":""food"",""low"":""water""}",0
571-3_agent_2_desire,571-3,agent_2,"{'High': 'Food', 'Medium': 'Water', 'Low': 'Firewood'}","{'high': 'firewood', 'medium': 'water', 'low': 'food'}","{""high"":""firewood"",""medium"":""water"",""low"":""food""}",0
599-0_agent_1_desire,599-0,agent_1,"{'High': 'Food', 'Medium': 'Not Given', 'Low': 'Water'}","{'high': 'Food', 'medium': 'Water', 'low': 'Not Given'}","{""high"":""Food"",""medium"":""Water"",""low"":""Not Given""}",0
599-0_agent_2_desire,599-0,agent_2,"{'High': 'Water', 'Medium': 'Firewood', 'Low': 'Food'}","{'high': 'Water', 'medium': 'Food', 'low': 'Not Given'}","{""high"":""Water"",""medium"":""Food"",""low"":""Not Given""}",0
173-4_agent_1_desire,173-4,agent_1,"{'High': 'Food', 'Medium': 'Firewood', 'Low': 'Water'}","{'high': 'Food', 'medium': 'Firewood', 'low': 'Water'}","{""high"":""Food"",""medium"":""Firewood"",""low"":""Water""}",1
173-4_agent_2_desire,173-4,agent_2,"{'High': 'Food', 'Medium': 'Firewood', 'Low': 'Water'}","{'high': 'Food', 'medium': 'Firewood', 'low': 'Water'}","{""high"":""Food"",""medium"":""Firewood"",""low"":""Water""}",1
107-2_agent_1_desire,107-2,agent_1,"{'High': 'Water', 'Medium': 'Not Given', 'Low': 'Not Given'}","{'high': 'Water', 'medium': 'Food', 'low': 'Firewood'}","{""high"":""Water"",""medium"":""Food"",""low"":""Firewood""}",0
107-2_agent_2_desire,107-2,agent_2,"{'High': 'Food', 'Medium': 'Firewood', 'Low': 'Water'}","{'high': 'Food', 'medium': 'Water', 'low': 'Firewood'}","{""high"":""Food"",""medium"":""Water"",""low"":""Firewood""}",0
499-1_agent_1_desire,499-1,agent_1,"{'High': 'Water', 'Medium': 'Firewood', 'Low': 'Food'}","{'high': 'Food', 'medium': 'Water', 'low': 'Firewood'}","{""high"":""Food"",""medium"":""Water"",""low"":""Firewood""}",0
499-1_agent_2_desire,499-1,agent_2,"{'High': 'Food', 'Medium': 'Firewood', 'Low': 'Water'}","{'high': 'Food', 'medium': 'Water', 'low': 'Firewood'}","{""high"":""Food"",""medium"":""Water"",""low"":""Firewood""}",0
579-6_agent_1_desire,579-6,agent_1,"{'High': 'Firewood', 'Medium': 'Water', 'Low': 'Food'}","{'high': 'firewood', 'medium': 'water', 'low': 'food'}","{""high"":""firewood"",""medium"":""water"",""low"":""food""}",1
579-6_agent_2_desire,579-6,agent_2,"{'High': 'None', 'Medium': 'None', 'Low': 'None'}","{'high': 'firewood', 'medium': 'water', 'low': 'food'}","{""high"":""firewood"",""medium"":""water"",""low"":""food""}",0
452-3_agent_1_desire,452-3,agent_1,"{'High': 'Water', 'Medium': 'Not Given', 'Low': 'Not Given'}","{'high': 'Water', 'medium': 'Firewood', 'low': 'Food'}","{""high"":""Water"",""medium"":""Firewood"",""low"":""Food""}",0
452-3_agent_2_desire,452-3,agent_2,"{'High': 'Water', 'Medium': 'Not Given', 'Low': 'Not Given'}","{'high': 'Water', 'medium': 'Food', 'low': 'Firewood'}","{""high"":""Water"",""medium"":""Food"",""low"":""Firewood""}",0
189-1_agent_1_desire,189-1,agent_1,"{'High': 'Water', 'Medium': 'Not Given', 'Low': 'Not Given'}","{'high': 'Water', 'medium': 'Not Given', 'low': 'Not Given'}","{""high"":""Water"",""medium"":""Not Given"",""low"":""Not Given""}",1
189-1_agent_2_desire,189-1,agent_2,"{'High': 'Water', 'Medium': 'Not Given', 'Low': 'Not Given'}","{'high': 'Water', 'medium': 'Not Given', 'low': 'Not Given'}","{""high"":""Water"",""medium"":""Not Given"",""low"":""Not Given""}",1
475-2_agent_1_desire,475-2,agent_1,"{'High': 'Firewood', 'Medium': 'Water', 'Low': 'Food'}","{'high': 'Firewood', 'medium': 'Water', 'low': 'Food'}","{""high"":""Firewood"",""medium"":""Water"",""low"":""Food""}",1
475-2_agent_2_desire,475-2,agent_2,"{'High': 'Water', 'Medium': 'Firewood', 'Low': 'Food'}","{'high': 'Water', 'medium': 'Firewood', 'low': 'Food'}","{""high"":""Water"",""medium"":""Firewood"",""low"":""Food""}",1
431-2_agent_1_desire,431-2,agent_1,"{'High': 'Food', 'Medium': 'Not Given', 'Low': 'Not Given'}","{'high': 'Food', 'medium': 'Water', 'low': 'Firewood'}","{""high"":""Food"",""medium"":""Water"",""low"":""Firewood""}",0
431-2_agent_2_desire,431-2,agent_2,"{'High': 'Water', 'Medium': 'Firewood', 'Low': 'Food'}","{'high': 'water', 'medium': 'Not Given', 'low': 'Not Given'}","{""high"":""water"",""medium"":""Not Given"",""low"":""Not Given""}",0
20-1_agent_1_desire,20-1,agent_1,"{'High': 'Not Given', 'Medium': 'Not Given', 'Low': 'Food'}","{'high': 'Firewood', 'medium': 'Water', 'low': 'Not Given'}","{""high"":""Firewood"",""medium"":""Water"",""low"":""Not Given""}",0
20-1_agent_2_desire,20-1,agent_2,"{'High': 'Water', 'Medium': 'Not Given', 'Low': 'Not Given'}","{'high': 'Water', 'medium': 'Not Given', 'low': 'Not Given'}","{""high"":""Water"",""medium"":""Not Given"",""low"":""Not Given""}",1
73-5_agent_1_desire,73-5,agent_1,"{'High': 'Firewood', 'Medium': 'Food', 'Low': 'Water'}","{'high': 'Food', 'medium': 'Firewood', 'low': 'Water'}","{""high"":""Food"",""medium"":""Firewood"",""low"":""Water""}",0
73-5_agent_2_desire,73-5,agent_2,"{'High': 'Food', 'Medium': 'Water', 'Low': 'Firewood'}","{'high': 'Food', 'medium': 'Firewood', 'low': 'Water'}","{""high"":""Food"",""medium"":""Firewood"",""low"":""Water""}",0
110-5_agent_1_desire,110-5,agent_1,"{'High': 'None', 'Medium': 'None', 'Low': 'None'}","{'high': 'Food', 'medium': 'Firewood', 'low': 'Water'}","{""high"":""Food"",""medium"":""Firewood"",""low"":""Water""}",0
110-5_agent_2_desire,110-5,agent_2,"{'High': 'Firewood', 'Medium': 'Food', 'Low': 'Water'}","{'high': 'Firewood', 'medium': 'Food', 'low': 'Water'}","{""high"":""Firewood"",""medium"":""Food"",""low"":""Water""}",1
53-4_agent_1_desire,53-4,agent_1,"{'High': 'Firewood', 'Medium': 'Food', 'Low': 'Water'}","{'high': 'Firewood', 'medium': 'Food', 'low': 'Water'}","{""high"":""Firewood"",""medium"":""Food"",""low"":""Water""}",1
53-4_agent_2_desire,53-4,agent_2,"{'High': 'Firewood', 'Medium': 'Food', 'Low': 'Water'}","{'high': 'Firewood', 'medium': 'Food', 'low': 'Water'}","{""high"":""Firewood"",""medium"":""Food"",""low"":""Water""}",1
553-2_agent_1_desire,553-2,agent_1,"{'High': 'Water', 'Medium': 'Not Given', 'Low': 'Not Given'}","{'high': 'Water', 'medium': 'Food', 'low': 'Firewood'}","{""high"":""Water"",""medium"":""Food"",""low"":""Firewood""}",0
553-2_agent_2_desire,553-2,agent_2,"{'High': 'Food', 'Medium': 'Firewood', 'Low': 'Water'}","{'high': 'Food', 'medium': 'Water', 'low': 'Firewood'}","{""high"":""Food"",""medium"":""Water"",""low"":""Firewood""}",0
476-5_agent_1_desire,476-5,agent_1,"{'High': 'Water', 'Medium': 'Firewood', 'Low': 'Food'}","{'high': 'Water', 'medium': 'Food', 'low': 'Firewood'}","{""high"":""Water"",""medium"":""Food"",""low"":""Firewood""}",0
476-5_agent_2_desire,476-5,agent_2,"{'High': 'None', 'Medium': 'None', 'Low': 'None'}","{'high': 'Firewood', 'medium': 'Food', 'low': 'Water'}","{""high"":""Firewood"",""medium"":""Food"",""low"":""Water""}",0
78-2_agent_1_desire,78-2,agent_1,"{'High': 'Not Given', 'Medium': 'Not Given', 'Low': 'Not Given'}","{'high': 'Not Given', 'medium': 'Not Given', 'low': 'Not Given'}","{""high"":""Not Given"",""medium"":""Not Given"",""low"":""Not Given""}",1
78-2_agent_2_desire,78-2,agent_2,"{'High': 'Food', 'Medium': 'Not Given', 'Low': 'Not Given'}","{'high': 'food', 'medium': 'water', 'low': 'firewood'}","{""high"":""food"",""medium"":""water"",""low"":""firewood""}",0
548-0_agent_1_desire,548-0,agent_1,"{'High': 'Not Given', 'Medium': 'Not Given', 'Low': 'Not Given'}","{'high': 'Not Given', 'medium': 'Not Given', 'low': 'Not Given'}","{""high"":""Not Given"",""medium"":""Not Given"",""low"":""Not Given""}",1
548-0_agent_2_desire,548-0,agent_2,"{'High': 'Not Given', 'Medium': 'Not Given', 'Low': 'Not Given'}","{'high': 'Not Given', 'medium': 'Not Given', 'low': 'Not Given'}","{""high"":""Not Given"",""medium"":""Not Given"",""low"":""Not Given""}",1
18-5_agent_1_desire,18-5,agent_1,"{'High': 'Not Given', 'Medium': 'Not Given', 'Low': 'Firewood'}","{'high': 'food', 'medium': 'water', 'low': 'firewood'}","{""high"":""food"",""medium"":""water"",""low"":""firewood""}",0
18-5_agent_2_desire,18-5,agent_2,"{'High': 'Firewood', 'Medium': 'Water', 'Low': 'Food'}","{'high': 'firewood', 'medium': 'water', 'low': 'food'}","{""high"":""firewood"",""medium"":""water"",""low"":""food""}",1
467-7_agent_1_desire,467-7,agent_1,"{'High': 'Food', 'Medium': 'Firewood', 'Low': 'Water'}","{'high': 'Food', 'medium': 'Firewood', 'low': 'Water'}","{""high"":""Food"",""medium"":""Firewood"",""low"":""Water""}",1
467-7_agent_2_desire,467-7,agent_2,"{'High': 'Food', 'Medium': 'Firewood', 'Low': 'Water'}","{'high': 'food', 'medium': 'firewood', 'low': 'water'}","{""high"":""food"",""medium"":""firewood"",""low"":""water""}",1
153-5_agent_1_desire,153-5,agent_1,"{'High': 'Water', 'Medium': 'Firewood', 'Low': 'Food'}","{'high': 'water', 'medium': 'firewood', 'low': 'food'}","{""high"":""water"",""medium"":""firewood"",""low"":""food""}",1
153-5_agent_2_desire,153-5,agent_2,"{'High': 'Food', 'Medium': 'Water', 'Low': 'Firewood'}","{'high': 'food', 'medium': 'firewood', 'low': 'water'}","{""high"":""food"",""medium"":""firewood"",""low"":""water""}",0
76-2_agent_1_desire,76-2,agent_1,"{'High': 'Not Given', 'Medium': 'Not Given', 'Low': 'Not Given'}","{'high': 'water', 'medium': 'Not Given', 'low': 'Not Given'}","{""high"":""water"",""medium"":""Not Given"",""low"":""Not Given""}",0
76-2_agent_2_desire,76-2,agent_2,"{'High': 'Water', 'Medium': 'Food', 'Low': 'Firewood'}","{'high': 'water', 'medium': 'food', 'low': 'Not Given'}","{""high"":""water"",""medium"":""food"",""low"":""Not Given""}",0
517-3_agent_1_desire,517-3,agent_1,"{'High': 'Food', 'Medium': 'Firewood', 'Low': 'Water'}","{'high': 'Food', 'medium': 'Firewood', 'low': 'Water'}","{""high"":""Food"",""medium"":""Firewood"",""low"":""Water""}",1
517-3_agent_2_desire,517-3,agent_2,"{'High': 'Firewood', 'Medium': 'Water', 'Low': 'Food'}","{'high': 'Firewood', 'medium': 'Water', 'low': 'Food'}","{""high"":""Firewood"",""medium"":""Water"",""low"":""Food""}",1
427-5_agent_1_desire,427-5,agent_1,"{'High': 'Water', 'Medium': 'Food', 'Low': 'Firewood'}","{'high': 'water', 'medium': 'firewood', 'low': 'food'}","{""high"":""water"",""medium"":""firewood"",""low"":""food""}",0
427-5_agent_2_desire,427-5,agent_2,"{'High': 'None', 'Medium': 'None', 'Low': 'None'}","{'high': 'water', 'medium': 'food', 'low': 'firewood'}","{""high"":""water"",""medium"":""food"",""low"":""firewood""}",0
32-1_agent_1_desire,32-1,agent_1,"{'High': 'Not Given', 'Medium': 'Not Given', 'Low': 'Not Given'}","{'high': 'Not Given', 'medium': 'Not Given', 'low': 'Not Given'}","{""high"":""Not Given"",""medium"":""Not Given"",""low"":""Not Given""}",1
32-1_agent_2_desire,32-1,agent_2,"{'High': 'Food', 'Medium': 'Not Given', 'Low': 'Not Given'}","{'high': 'Food', 'medium': 'Not Given', 'low': 'Not Given'}","{""high"":""Food"",""medium"":""Not Given"",""low"":""Not Given""}",1
155-1_agent_1_desire,155-1,agent_1,"{'High': 'Not Given', 'Medium': 'Not Given', 'Low': 'Firewood'}","{'high': 'water', 'medium': 'food', 'low': 'firewood'}","{""high"":""water"",""medium"":""food"",""low"":""firewood""}",0
155-1_agent_2_desire,155-1,agent_2,"{'High': 'Water', 'Medium': 'Not Given', 'Low': 'Not Given'}","{'high': 'water', 'medium': 'food', 'low': 'firewood'}","{""high"":""water"",""medium"":""food"",""low"":""firewood""}",0
95-3_agent_1_desire,95-3,agent_1,"{'High': 'Water', 'Medium': 'Firewood', 'Low': 'Food'}","{'high': 'Water', 'medium': 'Firewood', 'low': 'Food'}","{""high"":""Water"",""medium"":""Firewood"",""low"":""Food""}",1
95-3_agent_2_desire,95-3,agent_2,"{'High': 'Water', 'Medium': 'Firewood', 'Low': 'Food'}","{'high': 'Water', 'medium': 'Firewood', 'low': 'Food'}","{""high"":""Water"",""medium"":""Firewood"",""low"":""Food""}",1
421-5_agent_1_desire,421-5,agent_1,"{'High': 'Firewood', 'Medium': 'Water', 'Low': 'Food'}","{'high': 'Wood', 'medium': 'Water', 'low': 'Food'}","{""high"":""Wood"",""medium"":""Water"",""low"":""Food""}",1
421-5_agent_2_desire,421-5,agent_2,"{'High': 'Food', 'Medium': 'Firewood', 'Low': 'Water'}","{'high': 'Food', 'medium': 'Water', 'low': 'Firewood'}","{""high"":""Food"",""medium"":""Water"",""low"":""Firewood""}",0
146-1_agent_1_desire,146-1,agent_1,"{'High': 'Food', 'Medium': 'Not Given', 'Low': 'Not Given'}","{'high': 'Food', 'medium': 'Water', 'low': 'Not Given'}","{""high"":""Food"",""medium"":""Water"",""low"":""Not Given""}",0
146-1_agent_2_desire,146-1,agent_2,"{'High': 'Water', 'Medium': 'Not Given', 'Low': 'Not Given'}","{'high': 'Water', 'medium': 'Not Given', 'low': 'Not Given'}","{""high"":""Water"",""medium"":""Not Given"",""low"":""Not Given""}",1
482-3_agent_1_desire,482-3,agent_1,"{'High': 'Food', 'Medium': 'Water', 'Low': 'Firewood'}","{'high': 'Firewood', 'medium': 'Water', 'low': 'Food'}","{""high"":""Firewood"",""medium"":""Water"",""low"":""Food""}",0
482-3_agent_2_desire,482-3,agent_2,"{'High': 'Firewood', 'Medium': 'Water', 'Low': 'Food'}","{'high': 'Firewood', 'medium': 'Water', 'low': 'Food'}","{""high"":""Firewood"",""medium"":""Water"",""low"":""Food""}",1
435-1_agent_1_desire,435-1,agent_1,"{'High': 'Not Given', 'Medium': 'Not Given', 'Low': 'Firewood'}","{'high': 'Food', 'medium': 'Water', 'low': 'Not Given'}","{""high"":""Food"",""medium"":""Water"",""low"":""Not Given""}",0
435-1_agent_2_desire,435-1,agent_2,"{'High': 'Food', 'Medium': 'Water', 'Low': 'Firewood'}","{'high': 'Food', 'medium': 'Water', 'low': 'Not Given'}","{""high"":""Food"",""medium"":""Water"",""low"":""Not Given""}",0
534-0_agent_1_desire,534-0,agent_1,"{'High': 'Firewood', 'Medium': 'Not Given', 'Low': 'Not Given'}","{'high': 'Firewood', 'medium': 'Not Given', 'low': 'Not Given'}","{""high"":""Firewood"",""medium"":""Not Given"",""low"":""Not Given""}",1
534-0_agent_2_desire,534-0,agent_2,"{'High': 'Firewood', 'Medium': 'Water', 'Low': 'Food'}","{'high': 'Firewood', 'medium': 'Water', 'low': 'Food'}","{""high"":""Firewood"",""medium"":""Water"",""low"":""Food""}",1
479-2_agent_1_desire,479-2,agent_1,"{'High': 'Firewood', 'Medium': 'Not Given', 'Low': 'Not Given'}","{'high': 'Firewood', 'medium': 'Not Given', 'low': 'Not Given'}","{""high"":""Firewood"",""medium"":""Not Given"",""low"":""Not Given""}",1
479-2_agent_2_desire,479-2,agent_2,"{'High': 'Firewood', 'Medium': 'Water', 'Low': 'Food'}","{'high': 'Firewood', 'medium': 'Food', 'low': 'Not Given'}","{""high"":""Firewood"",""medium"":""Food"",""low"":""Not Given""}",0
427-0_agent_1_desire,427-0,agent_1,"{'High': 'Not Given', 'Medium': 'Not Given', 'Low': 'Not Given'}","{'high': 'Not Given', 'medium': 'Not Given', 'low': 'Not Given'}","{""high"":""Not Given"",""medium"":""Not Given"",""low"":""Not Given""}",1
427-0_agent_2_desire,427-0,agent_2,"{'High': 'Not Given', 'Medium': 'Not Given', 'Low': 'Not Given'}","{'high': 'Not Given', 'medium': 'Not Given', 'low': 'Not Given'}","{""high"":""Not Given"",""medium"":""Not Given"",""low"":""Not Given""}",1
20-5_agent_1_desire,20-5,agent_1,"{'High': 'Not Given', 'Medium': 'Not Given', 'Low': 'Food'}","{'high': 'Firewood', 'medium': 'Water', 'low': 'Food'}","{""high"":""Firewood"",""medium"":""Water"",""low"":""Food""}",0
20-5_agent_2_desire,20-5,agent_2,"{'High': 'Water', 'Medium': 'Food', 'Low': 'Firewood'}","{'high': 'Water', 'medium': 'Firewood', 'low': 'Food'}","{""high"":""Water"",""medium"":""Firewood"",""low"":""Food""}",0
417-1_agent_1_desire,417-1,agent_1,"{'High': 'Firewood', 'Medium': 'Not Given', 'Low': 'Not Given'}","{'high': 'firewood', 'medium': 'Not Given', 'low': 'Not Given'}","{""high"":""firewood"",""medium"":""Not Given"",""low"":""Not Given""}",1
417-1_agent_2_desire,417-1,agent_2,"{'High': 'Water', 'Medium': 'Firewood', 'Low': 'Food'}","{'high': 'water', 'medium': 'firewood', 'low': 'food'}","{""high"":""water"",""medium"":""firewood"",""low"":""food""}",1
555-4_agent_1_desire,555-4,agent_1,"{'High': 'Food', 'Medium': 'Water', 'Low': 'Firewood'}","{'high': 'Food', 'medium': 'Water', 'low': 'Firewood'}","{""high"":""Food"",""medium"":""Water"",""low"":""Firewood""}",1
555-4_agent_2_desire,555-4,agent_2,"{'High': 'Food', 'Medium': 'Firewood', 'Low': 'Water'}","{'high': 'Food', 'medium': 'Water', 'low': 'Firewood'}","{""high"":""Food"",""medium"":""Water"",""low"":""Firewood""}",0
89-4_agent_1_desire,89-4,agent_1,"{'High': 'Not Given', 'Medium': 'Not Given', 'Low': 'Firewood'}","{'high': 'Food', 'medium': 'Water', 'low': 'Not Given'}","{""high"":""Food"",""medium"":""Water"",""low"":""Not Given""}",0
89-4_agent_2_desire,89-4,agent_2,"{'High': 'Firewood', 'Medium': 'Not Given', 'Low': 'Not Given'}","{'high': 'Firewood', 'medium': 'Not Given', 'low': 'Not Given'}","{""high"":""Firewood"",""medium"":""Not Given"",""low"":""Not Given""}",1
467-9_agent_1_desire,467-9,agent_1,"{'High': 'Food', 'Medium': 'Firewood', 'Low': 'Water'}","{'high': 'Food', 'medium': 'Firewood', 'low': 'Water'}","{""high"":""Food"",""medium"":""Firewood"",""low"":""Water""}",1
467-9_agent_2_desire,467-9,agent_2,"{'High': 'Food', 'Medium': 'Firewood', 'Low': 'Water'}","{'high': 'food', 'medium': 'firewood', 'low': 'water'}","{""high"":""food"",""medium"":""firewood"",""low"":""water""}",1
138-0_agent_1_desire,138-0,agent_1,"{'High': 'Not Given', 'Medium': 'Not Given', 'Low': 'Not Given'}","{'high': 'Not Given', 'medium': 'Not Given', 'low': 'Not Given'}","{""high"":""Not Given"",""medium"":""Not Given"",""low"":""Not Given""}",1
138-0_agent_2_desire,138-0,agent_2,"{'High': 'Firewood', 'Medium': 'Not Given', 'Low': 'Not Given'}","{'high': 'Firewood', 'medium': 'Not Given', 'low': 'Not Given'}","{""high"":""Firewood"",""medium"":""Not Given"",""low"":""Not Given""}",1
