uid,dialogue_id,agent,gold_desire,pred,desire_em,raw_response
456-2_agent_1_desire,456-2,agent_1,"{'Medium': 'Food', 'Low': 'Water', 'High': 'Firewood'}","{'high': 'firewood', 'medium': 'food', 'low': 'water'}",1,"{""high"": ""firewood"", ""medium"": ""food"", ""low"": ""water""}"
456-2_agent_2_desire,456-2,agent_2,"{'Low': 'Food', 'Medium': 'Water', 'High': 'Firewood'}","{'high': 'firewood', 'medium': 'water', 'low': 'food'}",1,"{""high"": ""firewood"", ""medium"": ""water"", ""low"": ""food""}"
456-3_agent_1_desire,456-3,agent_1,"{'Medium': 'Food', 'Low': 'Water', 'High': 'Firewood'}","{'high': 'firewood', 'medium': 'food', 'low': 'water'}",1,"{""high"": ""firewood"", ""medium"": ""food"", ""low"": ""water""}"
456-3_agent_2_desire,456-3,agent_2,"{'Low': 'Food', 'Medium': 'Water', 'High': 'Firewood'}","{'high': 'firewood', 'medium': 'water', 'low': 'food'}",1,"{""high"": ""firewood"", ""medium"": ""water"", ""low"": ""food""}"
456-4_agent_1_desire,456-4,agent_1,"{'Medium': 'Food', 'Low': 'Water', 'High': 'Firewood'}","{'high': 'firewood', 'medium': 'food', 'low': 'water'}",1,"{""high"": ""firewood"", ""medium"": ""food"", ""low"": ""water""}"
456-4_agent_2_desire,456-4,agent_2,"{'Low': 'Food', 'Medium': 'Water', 'High': 'Firewood'}","{'high': 'firewood', 'medium': 'food', 'low': 'water'}",0,"{""high"": ""firewood"", ""medium"": ""food"", ""low"": ""water""}"
457-0_agent_1_desire,457-0,agent_1,"{'Medium': 'Food', 'Low': 'Water', 'High': 'Firewood'}","{'high': 'Firewood', 'medium': 'Food', 'low': 'Water'}",1,"{""high"": ""Firewood"", ""medium"": ""Food"", ""low"": ""Water""}"
457-0_agent_2_desire,457-0,agent_2,"{'Medium': 'Food', 'Low': 'Water', 'High': 'Firewood'}","{'high': 'firewood', 'medium': 'food', 'low': 'water'}",1,"{""high"": ""firewood"", ""medium"": ""food"", ""low"": ""water""}"
457-1_agent_1_desire,457-1,agent_1,"{'Medium': 'Food', 'Low': 'Water', 'High': 'Firewood'}","{'high': 'firewood', 'medium': 'water', 'low': 'food'}",0,"{""high"": ""firewood"", ""medium"": ""water"", ""low"": ""food""}"
457-1_agent_2_desire,457-1,agent_2,"{'Medium': 'Food', 'Low': 'Water', 'High': 'Firewood'}","{'high': 'firewood', 'medium': 'food', 'low': 'water'}",1,"{""high"": ""firewood"", ""medium"": ""food"", ""low"": ""water""}"
457-2_agent_1_desire,457-2,agent_1,"{'Medium': 'Food', 'Low': 'Water', 'High': 'Firewood'}","{'high': 'firewood', 'medium': 'food', 'low': 'water'}",1,"{""high"": ""firewood"", ""medium"": ""food"", ""low"": ""water""}"
457-2_agent_2_desire,457-2,agent_2,"{'Medium': 'Food', 'Low': 'Water', 'High': 'Firewood'}","{'high': 'firewood', 'medium': 'food', 'low': 'water'}",1,"{""high"": ""firewood"", ""medium"": ""food"", ""low"": ""water""}"
457-3_agent_1_desire,457-3,agent_1,"{'Medium': 'Food', 'Low': 'Water', 'High': 'Firewood'}","{'high': 'firewood', 'medium': 'water', 'low': 'food'}",0,"{""high"": ""firewood"", ""medium"": ""water"", ""low"": ""food""}"
457-3_agent_2_desire,457-3,agent_2,"{'Medium': 'Food', 'Low': 'Water', 'High': 'Firewood'}","{'high': 'firewood', 'medium': 'food', 'low': 'water'}",1,"{""high"": ""firewood"", ""medium"": ""food"", ""low"": ""water""}"
457-4_agent_1_desire,457-4,agent_1,"{'Medium': 'Food', 'Low': 'Water', 'High': 'Firewood'}","{'high': 'firewood', 'medium': 'water', 'low': 'food'}",0,"{""high"": ""firewood"", ""medium"": ""water"", ""low"": ""food""}"
457-4_agent_2_desire,457-4,agent_2,"{'Medium': 'Food', 'Low': 'Water', 'High': 'Firewood'}","{'high': 'firewood', 'medium': 'food', 'low': 'water'}",1,"{""high"": ""firewood"", ""medium"": ""food"", ""low"": ""water""}"
457-5_agent_1_desire,457-5,agent_1,"{'Medium': 'Food', 'Low': 'Water', 'High': 'Firewood'}","{'high': 'firewood', 'medium': 'water', 'low': 'food'}",0,"{""high"": ""firewood"", ""medium"": ""water"", ""low"": ""food""}"
457-5_agent_2_desire,457-5,agent_2,"{'Medium': 'Food', 'Low': 'Water', 'High': 'Firewood'}","{'high': 'firewood', 'medium': 'food', 'low': 'water'}",1,"{""high"": ""firewood"", ""medium"": ""food"", ""low"": ""water""}"
458-0_agent_1_desire,458-0,agent_1,"{'Medium': 'Food', 'Low': 'Water', 'High': 'Firewood'}","{'high': 'Food', 'medium': 'Water', 'low': 'Firewood'}",0,"{""high"": ""Food"", ""medium"": ""Water"", ""low"": ""Firewood""}"
458-0_agent_2_desire,458-0,agent_2,"{'High': 'Food', 'Low': 'Water', 'Medium': 'Firewood'}","{'high': 'Water', 'medium': 'Food', 'low': 'Firewood'}",0,"{""high"": ""Water"", ""medium"": ""Food"", ""low"": ""Firewood""}"
458-1_agent_1_desire,458-1,agent_1,"{'Medium': 'Food', 'Low': 'Water', 'High': 'Firewood'}","{'high': 'Firewood', 'medium': 'Food', 'low': 'Water'}",1,"{""high"": ""Firewood"", ""medium"": ""Food"", ""low"": ""Water""}"
458-1_agent_2_desire,458-1,agent_2,"{'High': 'Food', 'Low': 'Water', 'Medium': 'Firewood'}","{'high': 'Firewood', 'medium': 'Food', 'low': 'Water'}",0,"{""high"": ""Firewood"", ""medium"": ""Food"", ""low"": ""Water""}"
458-2_agent_1_desire,458-2,agent_1,"{'Medium': 'Food', 'Low': 'Water', 'High': 'Firewood'}","{'high': 'firewood', 'medium': 'food', 'low': 'water'}",1,"{""high"": ""firewood"", ""medium"": ""food"", ""low"": ""water""}"
458-2_agent_2_desire,458-2,agent_2,"{'High': 'Food', 'Low': 'Water', 'Medium': 'Firewood'}","{'high': 'firewood', 'medium': 'food', 'low': 'water'}",0,"{""high"": ""firewood"", ""medium"": ""food"", ""low"": ""water""}"
458-3_agent_1_desire,458-3,agent_1,"{'Medium': 'Food', 'Low': 'Water', 'High': 'Firewood'}","{'high': 'firewood', 'medium': 'food', 'low': 'water'}",1,"{""high"": ""firewood"", ""medium"": ""food"", ""low"": ""water""}"
458-3_agent_2_desire,458-3,agent_2,"{'High': 'Food', 'Low': 'Water', 'Medium': 'Firewood'}","{'high': 'food', 'medium': 'water', 'low': 'firewood'}",0,"{""high"": ""food"", ""medium"": ""water"", ""low"": ""firewood""}"
458-4_agent_1_desire,458-4,agent_1,"{'Medium': 'Food', 'Low': 'Water', 'High': 'Firewood'}","{'high': 'firewood', 'medium': 'food', 'low': 'water'}",1,"{""high"": ""firewood"", ""medium"": ""food"", ""low"": ""water""}"
458-4_agent_2_desire,458-4,agent_2,"{'High': 'Food', 'Low': 'Water', 'Medium': 'Firewood'}","{'high': 'food', 'medium': 'water', 'low': 'firewood'}",0,"{""high"": ""food"", ""medium"": ""water"", ""low"": ""firewood""}"
459-0_agent_1_desire,459-0,agent_1,"{'Medium': 'Food', 'High': 'Water', 'Low': 'Firewood'}","{'high': 'Water', 'medium': 'Food', 'low': 'Firewood'}",1,"{""high"": ""Water"", ""medium"": ""Food"", ""low"": ""Firewood""}"
459-0_agent_2_desire,459-0,agent_2,"{'Medium': 'Food', 'High': 'Water', 'Low': 'Firewood'}","{'high': 'Food', 'medium': 'Water', 'low': 'Firewood'}",0,"{""high"": ""Food"", ""medium"": ""Water"", ""low"": ""Firewood""}"
459-1_agent_1_desire,459-1,agent_1,"{'Medium': 'Food', 'High': 'Water', 'Low': 'Firewood'}","{'high': 'Water', 'medium': 'Food', 'low': 'Firewood'}",1,"{""high"": ""Water"", ""medium"": ""Food"", ""low"": ""Firewood""}"
459-1_agent_2_desire,459-1,agent_2,"{'Medium': 'Food', 'High': 'Water', 'Low': 'Firewood'}","{'high': 'Water', 'medium': 'Food', 'low': 'Firewood'}",1,"{""high"": ""Water"", ""medium"": ""Food"", ""low"": ""Firewood""}"
459-2_agent_1_desire,459-2,agent_1,"{'Medium': 'Food', 'High': 'Water', 'Low': 'Firewood'}","{'high': 'Water', 'medium': 'Food', 'low': 'Firewood'}",1,"{""high"": ""Water"", ""medium"": ""Food"", ""low"": ""Firewood""}"
459-2_agent_2_desire,459-2,agent_2,"{'Medium': 'Food', 'High': 'Water', 'Low': 'Firewood'}","{'high': 'Food', 'medium': 'Water', 'low': 'Firewood'}",0,"{""high"": ""Food"", ""medium"": ""Water"", ""low"": ""Firewood""}"
459-3_agent_1_desire,459-3,agent_1,"{'Medium': 'Food', 'High': 'Water', 'Low': 'Firewood'}","{'high': 'Water', 'medium': 'Food', 'low': 'Firewood'}",1,"{""high"": ""Water"", ""medium"": ""Food"", ""low"": ""Firewood""}"
459-3_agent_2_desire,459-3,agent_2,"{'Medium': 'Food', 'High': 'Water', 'Low': 'Firewood'}","{'high': 'Food', 'medium': 'Water', 'low': 'Firewood'}",0,"{""high"": ""Food"", ""medium"": ""Water"", ""low"": ""Firewood""}"
459-4_agent_1_desire,459-4,agent_1,"{'Medium': 'Food', 'High': 'Water', 'Low': 'Firewood'}","{'high': 'Water', 'medium': 'Food', 'low': 'Firewood'}",1,"{""high"": ""Water"", ""medium"": ""Food"", ""low"": ""Firewood""}"
459-4_agent_2_desire,459-4,agent_2,"{'Medium': 'Food', 'High': 'Water', 'Low': 'Firewood'}","{'high': 'Food', 'medium': 'Water', 'low': 'Firewood'}",0,"{""high"": ""Food"", ""medium"": ""Water"", ""low"": ""Firewood""}"
459-5_agent_1_desire,459-5,agent_1,"{'Medium': 'Food', 'High': 'Water', 'Low': 'Firewood'}","{'high': 'Water', 'medium': 'Food', 'low': 'Firewood'}",1,"{""high"": ""Water"", ""medium"": ""Food"", ""low"": ""Firewood""}"
459-5_agent_2_desire,459-5,agent_2,"{'Medium': 'Food', 'High': 'Water', 'Low': 'Firewood'}","{'high': 'Food', 'medium': 'Water', 'low': 'Firewood'}",0,"{""high"": ""Food"", ""medium"": ""Water"", ""low"": ""Firewood""}"
459-6_agent_1_desire,459-6,agent_1,"{'Medium': 'Food', 'High': 'Water', 'Low': 'Firewood'}","{'high': 'Water', 'medium': 'Food', 'low': 'Firewood'}",1,"{""high"": ""Water"", ""medium"": ""Food"", ""low"": ""Firewood""}"
459-6_agent_2_desire,459-6,agent_2,"{'Medium': 'Food', 'High': 'Water', 'Low': 'Firewood'}","{'high': 'Food', 'medium': 'Water', 'low': 'Firewood'}",0,"{""high"": ""Food"", ""medium"": ""Water"", ""low"": ""Firewood""}"
459-7_agent_1_desire,459-7,agent_1,"{'Medium': 'Food', 'High': 'Water', 'Low': 'Firewood'}","{'high': 'Water', 'medium': 'Food', 'low': 'Firewood'}",1,"{""high"": ""Water"", ""medium"": ""Food"", ""low"": ""Firewood""}"
459-7_agent_2_desire,459-7,agent_2,"{'Medium': 'Food', 'High': 'Water', 'Low': 'Firewood'}","{'high': 'Food', 'medium': 'Water', 'low': 'Firewood'}",0,"{""high"": ""Food"", ""medium"": ""Water"", ""low"": ""Firewood""}"
460-0_agent_1_desire,460-0,agent_1,"{'High': 'Food', 'Medium': 'Water', 'Low': 'Firewood'}","{'high': 'food', 'medium': 'firewood', 'low': 'water'}",0,"{""high"": ""food"", ""medium"": ""firewood"", ""low"": ""water""}"
460-0_agent_2_desire,460-0,agent_2,"{'Low': 'Food', 'High': 'Water', 'Medium': 'Firewood'}","{'high': 'Water', 'medium': 'Firewood', 'low': 'Food'}",1,"{""high"": ""Water"", ""medium"": ""Firewood"", ""low"": ""Food""}"
460-1_agent_1_desire,460-1,agent_1,"{'High': 'Food', 'Medium': 'Water', 'Low': 'Firewood'}","{'high': 'firewood', 'medium': 'water', 'low': 'food'}",0,"{""high"": ""firewood"", ""medium"": ""water"", ""low"": ""food""}"
460-1_agent_2_desire,460-1,agent_2,"{'Low': 'Food', 'High': 'Water', 'Medium': 'Firewood'}","{'high': 'Water', 'medium': 'Firewood', 'low': 'Food'}",1,"{""high"": ""Water"", ""medium"": ""Firewood"", ""low"": ""Food""}"
460-2_agent_1_desire,460-2,agent_1,"{'High': 'Food', 'Medium': 'Water', 'Low': 'Firewood'}","{'high': 'food', 'medium': 'water', 'low': 'firewood'}",1,"{""high"": ""food"", ""medium"": ""water"", ""low"": ""firewood""}"
460-2_agent_2_desire,460-2,agent_2,"{'Low': 'Food', 'High': 'Water', 'Medium': 'Firewood'}","{'high': 'water', 'medium': 'firewood', 'low': 'food'}",1,"{""high"": ""water"", ""medium"": ""firewood"", ""low"": ""food""}"
460-3_agent_1_desire,460-3,agent_1,"{'High': 'Food', 'Medium': 'Water', 'Low': 'Firewood'}","{'high': 'Food', 'medium': 'Water', 'low': 'Firewood'}",1,"{""high"": ""Food"", ""medium"": ""Water"", ""low"": ""Firewood""}"
460-3_agent_2_desire,460-3,agent_2,"{'Low': 'Food', 'High': 'Water', 'Medium': 'Firewood'}","{'high': 'Firewood', 'medium': 'Water', 'low': 'Food'}",0,"{""high"": ""Firewood"", ""medium"": ""Water"", ""low"": ""Food""}"
460-4_agent_1_desire,460-4,agent_1,"{'High': 'Food', 'Medium': 'Water', 'Low': 'Firewood'}","{'high': 'Food', 'medium': 'Water', 'low': 'Firewood'}",1,"{""high"": ""Food"", ""medium"": ""Water"", ""low"": ""Firewood""}"
460-4_agent_2_desire,460-4,agent_2,"{'Low': 'Food', 'High': 'Water', 'Medium': 'Firewood'}","{'high': 'Food', 'medium': 'Water', 'low': 'Firewood'}",0,"{""high"": ""Food"", ""medium"": ""Water"", ""low"": ""Firewood""}"
460-5_agent_1_desire,460-5,agent_1,"{'High': 'Food', 'Medium': 'Water', 'Low': 'Firewood'}","{'high': 'Food', 'medium': 'Water', 'low': 'Firewood'}",1,"{""high"": ""Food"", ""medium"": ""Water"", ""low"": ""Firewood""}"
460-5_agent_2_desire,460-5,agent_2,"{'Low': 'Food', 'High': 'Water', 'Medium': 'Firewood'}","{'high': 'firewood', 'medium': 'water', 'low': 'food'}",0,"{""high"": ""firewood"", ""medium"": ""water"", ""low"": ""food""}"
461-0_agent_1_desire,461-0,agent_1,"{'High': 'Food', 'Medium': 'Water', 'Low': 'Firewood'}","{'high': 'Firewood', 'medium': 'Water', 'low': 'Food'}",0,"{""high"": ""Firewood"", ""medium"": ""Water"", ""low"": ""Food""}"
461-0_agent_2_desire,461-0,agent_2,"{'High': 'Food', 'Medium': 'Water', 'Low': 'Firewood'}","{'high': 'Food', 'medium': 'Water', 'low': 'Firewood'}",1,"{""high"": ""Food"", ""medium"": ""Water"", ""low"": ""Firewood""}"
461-1_agent_1_desire,461-1,agent_1,"{'High': 'Food', 'Medium': 'Water', 'Low': 'Firewood'}","{'high': 'Food', 'medium': 'Water', 'low': 'Firewood'}",1,"{""high"": ""Food"", ""medium"": ""Water"", ""low"": ""Firewood""}"
461-1_agent_2_desire,461-1,agent_2,"{'High': 'Food', 'Medium': 'Water', 'Low': 'Firewood'}","{'high': 'Firewood', 'medium': 'Water', 'low': 'Food'}",0,"{""high"": ""Firewood"", ""medium"": ""Water"", ""low"": ""Food""}"
461-2_agent_1_desire,461-2,agent_1,"{'High': 'Food', 'Medium': 'Water', 'Low': 'Firewood'}","{'high': 'Firewood', 'medium': 'Water', 'low': 'Food'}",0,"{""high"": ""Firewood"", ""medium"": ""Water"", ""low"": ""Food""}"
461-2_agent_2_desire,461-2,agent_2,"{'High': 'Food', 'Medium': 'Water', 'Low': 'Firewood'}","{'high': 'Firewood', 'medium': 'Food', 'low': 'Water'}",0,"{""high"": ""Firewood"", ""medium"": ""Food"", ""low"": ""Water""}"
461-3_agent_1_desire,461-3,agent_1,"{'High': 'Food', 'Medium': 'Water', 'Low': 'Firewood'}","{'high': 'Water', 'medium': 'Food', 'low': 'Firewood'}",0,"{""high"": ""Water"", ""medium"": ""Food"", ""low"": ""Firewood""}"
461-3_agent_2_desire,461-3,agent_2,"{'High': 'Food', 'Medium': 'Water', 'Low': 'Firewood'}","{'high': 'Food', 'medium': 'Water', 'low': 'Firewood'}",1,"{""high"": ""Food"", ""medium"": ""Water"", ""low"": ""Firewood""}"
461-4_agent_1_desire,461-4,agent_1,"{'High': 'Food', 'Medium': 'Water', 'Low': 'Firewood'}","{'high': 'Water', 'medium': 'Food', 'low': 'Firewood'}",0,"{""high"": ""Water"", ""medium"": ""Food"", ""low"": ""Firewood""}"
461-4_agent_2_desire,461-4,agent_2,"{'High': 'Food', 'Medium': 'Water', 'Low': 'Firewood'}","{'high': 'Food', 'medium': 'Water', 'low': 'Firewood'}",1,"{""high"": ""Food"", ""medium"": ""Water"", ""low"": ""Firewood""}"
462-0_agent_1_desire,462-0,agent_1,"{'High': 'Food', 'Low': 'Water', 'Medium': 'Firewood'}","{'high': 'Food', 'medium': 'Water', 'low': 'Firewood'}",0,"{""high"": ""Food"", ""medium"": ""Water"", ""low"": ""Firewood""}"
462-0_agent_2_desire,462-0,agent_2,"{'High': 'Food', 'Medium': 'Water', 'Low': 'Firewood'}","{'high': 'Water', 'medium': 'Food', 'low': 'Firewood'}",0,"{""high"": ""Water"", ""medium"": ""Food"", ""low"": ""Firewood""}"
462-1_agent_1_desire,462-1,agent_1,"{'High': 'Food', 'Low': 'Water', 'Medium': 'Firewood'}","{'high': 'Water', 'medium': 'Food', 'low': 'Firewood'}",0,"{""high"": ""Water"", ""medium"": ""Food"", ""low"": ""Firewood""}"
462-1_agent_2_desire,462-1,agent_2,"{'High': 'Food', 'Medium': 'Water', 'Low': 'Firewood'}","{'high': 'Water', 'medium': 'Food', 'low': 'Firewood'}",0,"{""high"": ""Water"", ""medium"": ""Food"", ""low"": ""Firewood""}"
462-2_agent_1_desire,462-2,agent_1,"{'High': 'Food', 'Low': 'Water', 'Medium': 'Firewood'}","{'high': 'Water', 'medium': 'Food', 'low': 'Firewood'}",0,"{""high"": ""Water"", ""medium"": ""Food"", ""low"": ""Firewood""}"
462-2_agent_2_desire,462-2,agent_2,"{'High': 'Food', 'Medium': 'Water', 'Low': 'Firewood'}","{'high': 'Water', 'medium': 'Food', 'low': 'Firewood'}",0,"{""high"": ""Water"", ""medium"": ""Food"", ""low"": ""Firewood""}"
462-3_agent_1_desire,462-3,agent_1,"{'High': 'Food', 'Low': 'Water', 'Medium': 'Firewood'}","{'high': 'Food', 'medium': 'Firewood', 'low': 'Water'}",1,"{""high"": ""Food"", ""medium"": ""Firewood"", ""low"": ""Water""}"
462-3_agent_2_desire,462-3,agent_2,"{'High': 'Food', 'Medium': 'Water', 'Low': 'Firewood'}","{'high': 'water', 'medium': 'firewood', 'low': 'food'}",0,"{""high"": ""water"", ""medium"": ""firewood"", ""low"": ""food""}"
462-4_agent_1_desire,462-4,agent_1,"{'High': 'Food', 'Low': 'Water', 'Medium': 'Firewood'}","{'high': 'Food', 'medium': 'Firewood', 'low': 'Water'}",1,"{""high"": ""Food"", ""medium"": ""Firewood"", ""low"": ""Water""}"
462-4_agent_2_desire,462-4,agent_2,"{'High': 'Food', 'Medium': 'Water', 'Low': 'Firewood'}","{'high': 'food', 'medium': 'firewood', 'low': 'water'}",0,"{""high"": ""food"", ""medium"": ""firewood"", ""low"": ""water""}"
462-5_agent_1_desire,462-5,agent_1,"{'High': 'Food', 'Low': 'Water', 'Medium': 'Firewood'}","{'high': 'Food', 'medium': 'Firewood', 'low': 'Water'}",1,"{""high"": ""Food"", ""medium"": ""Firewood"", ""low"": ""Water""}"
462-5_agent_2_desire,462-5,agent_2,"{'High': 'Food', 'Medium': 'Water', 'Low': 'Firewood'}","{'high': 'food', 'medium': 'firewood', 'low': 'water'}",0,"{""high"": ""food"", ""medium"": ""firewood"", ""low"": ""water""}"
463-0_agent_1_desire,463-0,agent_1,"{'Low': 'Food', 'High': 'Water', 'Medium': 'Firewood'}","{'high': 'Food', 'medium': 'Water', 'low': 'Firewood'}",0,"{""high"": ""Food"", ""medium"": ""Water"", ""low"": ""Firewood""}"
463-0_agent_2_desire,463-0,agent_2,"{'High': 'Food', 'Low': 'Water', 'Medium': 'Firewood'}","{'high': 'Food', 'medium': 'Water', 'low': 'Firewood'}",0,"{""high"": ""Food"", ""medium"": ""Water"", ""low"": ""Firewood""}"
463-1_agent_1_desire,463-1,agent_1,"{'Low': 'Food', 'High': 'Water', 'Medium': 'Firewood'}","{'high': 'Water', 'medium': 'Food', 'low': 'Firewood'}",0,"{""high"": ""Water"", ""medium"": ""Food"", ""low"": ""Firewood""}"
463-1_agent_2_desire,463-1,agent_2,"{'High': 'Food', 'Low': 'Water', 'Medium': 'Firewood'}","{'high': 'Food', 'medium': 'Water', 'low': 'Firewood'}",0,"{""high"": ""Food"", ""medium"": ""Water"", ""low"": ""Firewood""}"
463-2_agent_1_desire,463-2,agent_1,"{'Low': 'Food', 'High': 'Water', 'Medium': 'Firewood'}","{'high': 'Water', 'medium': 'Firewood', 'low': 'Food'}",1,"{""high"": ""Water"", ""medium"": ""Firewood"", ""low"": ""Food""}"
463-2_agent_2_desire,463-2,agent_2,"{'High': 'Food', 'Low': 'Water', 'Medium': 'Firewood'}","{'high': 'Food', 'medium': 'Firewood', 'low': 'Water'}",1,"{""high"": ""Food"", ""medium"": ""Firewood"", ""low"": ""Water""}"
463-3_agent_1_desire,463-3,agent_1,"{'Low': 'Food', 'High': 'Water', 'Medium': 'Firewood'}","{'high': 'Water', 'medium': 'Food', 'low': 'Firewood'}",0,"{""high"": ""Water"", ""medium"": ""Food"", ""low"": ""Firewood""}"
463-3_agent_2_desire,463-3,agent_2,"{'High': 'Food', 'Low': 'Water', 'Medium': 'Firewood'}","{'high': 'Food', 'medium': 'Firewood', 'low': 'Water'}",1,"{""high"": ""Food"", ""medium"": ""Firewood"", ""low"": ""Water""}"
463-4_agent_1_desire,463-4,agent_1,"{'Low': 'Food', 'High': 'Water', 'Medium': 'Firewood'}","{'high': 'firewood', 'medium': 'food', 'low': 'water'}",0,"{""high"": ""firewood"", ""medium"": ""food"", ""low"": ""water""}"
463-4_agent_2_desire,463-4,agent_2,"{'High': 'Food', 'Low': 'Water', 'Medium': 'Firewood'}","{'high': 'Food', 'medium': 'Firewood', 'low': 'Water'}",1,"{""high"": ""Food"", ""medium"": ""Firewood"", ""low"": ""Water""}"
464-0_agent_1_desire,464-0,agent_1,"{'Medium': 'Food', 'High': 'Water', 'Low': 'Firewood'}","{'high': 'Water', 'medium': 'Food', 'low': 'Firewood'}",1,"{""high"": ""Water"", ""medium"": ""Food"", ""low"": ""Firewood""}"
464-0_agent_2_desire,464-0,agent_2,"{'Medium': 'Food', 'High': 'Water', 'Low': 'Firewood'}","{'high': 'water', 'medium': 'food', 'low': 'firewood'}",1,"{""high"": ""water"", ""medium"": ""food"", ""low"": ""firewood""}"
464-1_agent_1_desire,464-1,agent_1,"{'Medium': 'Food', 'High': 'Water', 'Low': 'Firewood'}","{'high': 'water', 'medium': 'food', 'low': 'firewood'}",1,"{""high"": ""water"", ""medium"": ""food"", ""low"": ""firewood""}"
464-1_agent_2_desire,464-1,agent_2,"{'Medium': 'Food', 'High': 'Water', 'Low': 'Firewood'}","{'high': 'water', 'medium': 'food', 'low': 'firewood'}",1,"{""high"": ""water"", ""medium"": ""food"", ""low"": ""firewood""}"
464-2_agent_1_desire,464-2,agent_1,"{'Medium': 'Food', 'High': 'Water', 'Low': 'Firewood'}","{'high': 'water', 'medium': 'food', 'low': 'firewood'}",1,"{""high"": ""water"", ""medium"": ""food"", ""low"": ""firewood""}"
464-2_agent_2_desire,464-2,agent_2,"{'Medium': 'Food', 'High': 'Water', 'Low': 'Firewood'}","{'high': 'water', 'medium': 'food', 'low': 'firewood'}",1,"{""high"": ""water"", ""medium"": ""food"", ""low"": ""firewood""}"
464-3_agent_1_desire,464-3,agent_1,"{'Medium': 'Food', 'High': 'Water', 'Low': 'Firewood'}","{'high': 'water', 'medium': 'food', 'low': 'firewood'}",1,"{""high"": ""water"", ""medium"": ""food"", ""low"": ""firewood""}"
464-3_agent_2_desire,464-3,agent_2,"{'Medium': 'Food', 'High': 'Water', 'Low': 'Firewood'}","{'high': 'water', 'medium': 'food', 'low': 'firewood'}",1,"{""high"": ""water"", ""medium"": ""food"", ""low"": ""firewood""}"
464-4_agent_1_desire,464-4,agent_1,"{'Medium': 'Food', 'High': 'Water', 'Low': 'Firewood'}","{'high': 'food', 'medium': 'firewood', 'low': 'water'}",0,"{""high"": ""food"", ""medium"": ""firewood"", ""low"": ""water""}"
464-4_agent_2_desire,464-4,agent_2,"{'Medium': 'Food', 'High': 'Water', 'Low': 'Firewood'}","{'high': 'water', 'medium': 'food', 'low': 'firewood'}",1,"{""high"": ""water"", ""medium"": ""food"", ""low"": ""firewood""}"
465-0_agent_1_desire,465-0,agent_1,"{'Low': 'Food', 'Medium': 'Water', 'High': 'Firewood'}","{'high': 'Firewood', 'medium': 'Food', 'low': 'Water'}",0,"{""high"": ""Firewood"", ""medium"": ""Food"", ""low"": ""Water""}"
465-0_agent_2_desire,465-0,agent_2,"{'Medium': 'Food', 'Low': 'Water', 'High': 'Firewood'}","{'high': 'water', 'medium': 'food', 'low': 'firewood'}",0,"{""high"": ""water"", ""medium"": ""food"", ""low"": ""firewood""}"
465-1_agent_1_desire,465-1,agent_1,"{'Low': 'Food', 'Medium': 'Water', 'High': 'Firewood'}","{'high': 'firewood', 'medium': 'water', 'low': 'food'}",1,"{""high"": ""firewood"", ""medium"": ""water"", ""low"": ""food""}"
465-1_agent_2_desire,465-1,agent_2,"{'Medium': 'Food', 'Low': 'Water', 'High': 'Firewood'}","{'high': 'water', 'medium': 'food', 'low': 'firewood'}",0,"{""high"": ""water"", ""medium"": ""food"", ""low"": ""firewood""}"
465-2_agent_1_desire,465-2,agent_1,"{'Low': 'Food', 'Medium': 'Water', 'High': 'Firewood'}","{'high': 'Firewood', 'medium': 'Water', 'low': 'Food'}",1,"{""high"": ""Firewood"", ""medium"": ""Water"", ""low"": ""Food""}"
465-2_agent_2_desire,465-2,agent_2,"{'Medium': 'Food', 'Low': 'Water', 'High': 'Firewood'}","{'high': 'Food', 'medium': 'Firewood', 'low': 'Water'}",0,"{""high"": ""Food"", ""medium"": ""Firewood"", ""low"": ""Water""}"
465-3_agent_1_desire,465-3,agent_1,"{'Low': 'Food', 'Medium': 'Water', 'High': 'Firewood'}","{'high': 'water', 'medium': 'food', 'low': 'firewood'}",0,"{""high"": ""water"", ""medium"": ""food"", ""low"": ""firewood""}"
465-3_agent_2_desire,465-3,agent_2,"{'Medium': 'Food', 'Low': 'Water', 'High': 'Firewood'}","{'high': 'firewood', 'medium': 'food', 'low': 'water'}",1,"{""high"": ""firewood"", ""medium"": ""food"", ""low"": ""water""}"
465-4_agent_1_desire,465-4,agent_1,"{'Low': 'Food', 'Medium': 'Water', 'High': 'Firewood'}","{'high': 'firewood', 'medium': 'water', 'low': 'food'}",1,"{""high"": ""firewood"", ""medium"": ""water"", ""low"": ""food""}"
465-4_agent_2_desire,465-4,agent_2,"{'Medium': 'Food', 'Low': 'Water', 'High': 'Firewood'}","{'high': 'firewood', 'medium': 'food', 'low': 'water'}",1,"{""high"": ""firewood"", ""medium"": ""food"", ""low"": ""water""}"
465-5_agent_1_desire,465-5,agent_1,"{'Low': 'Food', 'Medium': 'Water', 'High': 'Firewood'}","{'high': 'firewood', 'medium': 'water', 'low': 'food'}",1,"{""high"": ""firewood"", ""medium"": ""water"", ""low"": ""food""}"
465-5_agent_2_desire,465-5,agent_2,"{'Medium': 'Food', 'Low': 'Water', 'High': 'Firewood'}","{'high': 'food', 'medium': 'firewood', 'low': 'water'}",0,"{""high"": ""food"", ""medium"": ""firewood"", ""low"": ""water""}"
466-0_agent_1_desire,466-0,agent_1,"{'Low': 'Food', 'High': 'Water', 'Medium': 'Firewood'}","{'high': 'Water', 'medium': 'Food', 'low': 'Firewood'}",0,"{""high"": ""Water"", ""medium"": ""Food"", ""low"": ""Firewood""}"
466-0_agent_2_desire,466-0,agent_2,"{'Medium': 'Food', 'High': 'Water', 'Low': 'Firewood'}","{'high': 'Water', 'medium': 'Food', 'low': 'Firewood'}",1,"{""high"": ""Water"", ""medium"": ""Food"", ""low"": ""Firewood""}"
466-1_agent_1_desire,466-1,agent_1,"{'Low': 'Food', 'High': 'Water', 'Medium': 'Firewood'}","{'high': 'Water', 'medium': 'Food', 'low': 'Firewood'}",0,"{""high"": ""Water"", ""medium"": ""Food"", ""low"": ""Firewood""}"
466-1_agent_2_desire,466-1,agent_2,"{'Medium': 'Food', 'High': 'Water', 'Low': 'Firewood'}","{'high': 'Water', 'medium': 'Food', 'low': 'Firewood'}",1,"{""high"": ""Water"", ""medium"": ""Food"", ""low"": ""Firewood""}"
466-2_agent_1_desire,466-2,agent_1,"{'Low': 'Food', 'High': 'Water', 'Medium': 'Firewood'}","{'high': 'Water', 'medium': 'Firewood', 'low': 'Food'}",1,"{""high"": ""Water"", ""medium"": ""Firewood"", ""low"": ""Food""}"
466-2_agent_2_desire,466-2,agent_2,"{'Medium': 'Food', 'High': 'Water', 'Low': 'Firewood'}","{'high': 'water', 'medium': 'food', 'low': 'firewood'}",1,"{""high"": ""water"", ""medium"": ""food"", ""low"": ""firewood""}"
466-3_agent_1_desire,466-3,agent_1,"{'Low': 'Food', 'High': 'Water', 'Medium': 'Firewood'}","{'high': 'firewood', 'medium': 'food', 'low': 'water'}",0,"{""high"": ""firewood"", ""medium"": ""food"", ""low"": ""water""}"
466-3_agent_2_desire,466-3,agent_2,"{'Medium': 'Food', 'High': 'Water', 'Low': 'Firewood'}","{'high': 'water', 'medium': 'food', 'low': 'firewood'}",1,"{""high"": ""water"", ""medium"": ""food"", ""low"": ""firewood""}"
466-4_agent_1_desire,466-4,agent_1,"{'Low': 'Food', 'High': 'Water', 'Medium': 'Firewood'}","{'high': 'Water', 'medium': 'Food', 'low': 'Firewood'}",0,"{""high"": ""Water"", ""medium"": ""Food"", ""low"": ""Firewood""}"
466-4_agent_2_desire,466-4,agent_2,"{'Medium': 'Food', 'High': 'Water', 'Low': 'Firewood'}","{'high': 'Water', 'medium': 'Food', 'low': 'Firewood'}",1,"{""high"": ""Water"", ""medium"": ""Food"", ""low"": ""Firewood""}"
466-5_agent_1_desire,466-5,agent_1,"{'Low': 'Food', 'High': 'Water', 'Medium': 'Firewood'}","{'high': 'Water', 'medium': 'Food', 'low': 'Firewood'}",0,"{""high"": ""Water"", ""medium"": ""Food"", ""low"": ""Firewood""}"
466-5_agent_2_desire,466-5,agent_2,"{'Medium': 'Food', 'High': 'Water', 'Low': 'Firewood'}","{'high': 'Water', 'medium': 'Food', 'low': 'Firewood'}",1,"{""high"": ""Water"", ""medium"": ""Food"", ""low"": ""Firewood""}"
467-0_agent_1_desire,467-0,agent_1,"{'High': 'Food', 'Low': 'Water', 'Medium': 'Firewood'}","{'high': 'Food', 'medium': 'Water', 'low': 'Firewood'}",0,"{""high"": ""Food"", ""medium"": ""Water"", ""low"": ""Firewood""}"
467-0_agent_2_desire,467-0,agent_2,"{'High': 'Food', 'Low': 'Water', 'Medium': 'Firewood'}","{'high': 'Food', 'medium': 'Water', 'low': 'Firewood'}",0,"{""high"": ""Food"", ""medium"": ""Water"", ""low"": ""Firewood""}"
467-1_agent_1_desire,467-1,agent_1,"{'High': 'Food', 'Low': 'Water', 'Medium': 'Firewood'}","{'high': 'Food', 'medium': 'Firewood', 'low': 'Water'}",1,"{""high"": ""Food"", ""medium"": ""Firewood"", ""low"": ""Water""}"
467-1_agent_2_desire,467-1,agent_2,"{'High': 'Food', 'Low': 'Water', 'Medium': 'Firewood'}","{'high': 'Food', 'medium': 'Firewood', 'low': 'Water'}",1,"{""high"": ""Food"", ""medium"": ""Firewood"", ""low"": ""Water""}"
467-2_agent_1_desire,467-2,agent_1,"{'High': 'Food', 'Low': 'Water', 'Medium': 'Firewood'}","{'high': 'food', 'medium': 'water', 'low': 'firewood'}",0,"{""high"": ""food"", ""medium"": ""water"", ""low"": ""firewood""}"
467-2_agent_2_desire,467-2,agent_2,"{'High': 'Food', 'Low': 'Water', 'Medium': 'Firewood'}","{'high': 'food', 'medium': 'water', 'low': 'firewood'}",0,"{""high"": ""food"", ""medium"": ""water"", ""low"": ""firewood""}"
467-3_agent_1_desire,467-3,agent_1,"{'High': 'Food', 'Low': 'Water', 'Medium': 'Firewood'}","{'high': 'Food', 'medium': 'Water', 'low': 'Firewood'}",0,"{""high"": ""Food"", ""medium"": ""Water"", ""low"": ""Firewood""}"
467-3_agent_2_desire,467-3,agent_2,"{'High': 'Food', 'Low': 'Water', 'Medium': 'Firewood'}","{'high': 'food', 'medium': 'firewood', 'low': 'water'}",1,"{""high"": ""food"", ""medium"": ""firewood"", ""low"": ""water""}"
467-4_agent_1_desire,467-4,agent_1,"{'High': 'Food', 'Low': 'Water', 'Medium': 'Firewood'}","{'high': 'Food', 'medium': 'Water', 'low': 'Firewood'}",0,"{""high"": ""Food"", ""medium"": ""Water"", ""low"": ""Firewood""}"
467-4_agent_2_desire,467-4,agent_2,"{'High': 'Food', 'Low': 'Water', 'Medium': 'Firewood'}","{'high': 'food', 'medium': 'firewood', 'low': 'water'}",1,"{""high"": ""food"", ""medium"": ""firewood"", ""low"": ""water""}"
467-5_agent_1_desire,467-5,agent_1,"{'High': 'Food', 'Low': 'Water', 'Medium': 'Firewood'}","{'high': 'Food', 'medium': 'Water', 'low': 'Firewood'}",0,"{""high"": ""Food"", ""medium"": ""Water"", ""low"": ""Firewood""}"
467-5_agent_2_desire,467-5,agent_2,"{'High': 'Food', 'Low': 'Water', 'Medium': 'Firewood'}","{'high': 'food', 'medium': 'water', 'low': 'firewood'}",0,"{""high"": ""food"", ""medium"": ""water"", ""low"": ""firewood""}"
467-6_agent_1_desire,467-6,agent_1,"{'High': 'Food', 'Low': 'Water', 'Medium': 'Firewood'}","{'high': 'Firewood', 'medium': 'Water', 'low': 'Food'}",0,"{""high"": ""Firewood"", ""medium"": ""Water"", ""low"": ""Food""}"
467-6_agent_2_desire,467-6,agent_2,"{'High': 'Food', 'Low': 'Water', 'Medium': 'Firewood'}","{'high': 'food', 'medium': 'water', 'low': 'firewood'}",0,"{""high"": ""food"", ""medium"": ""water"", ""low"": ""firewood""}"
467-7_agent_1_desire,467-7,agent_1,"{'High': 'Food', 'Low': 'Water', 'Medium': 'Firewood'}","{'high': 'water', 'medium': 'firewood', 'low': 'food'}",0,"{""high"": ""water"", ""medium"": ""firewood"", ""low"": ""food""}"
467-7_agent_2_desire,467-7,agent_2,"{'High': 'Food', 'Low': 'Water', 'Medium': 'Firewood'}","{'high': 'food', 'medium': 'firewood', 'low': 'water'}",1,"{""high"": ""food"", ""medium"": ""firewood"", ""low"": ""water""}"
467-8_agent_1_desire,467-8,agent_1,"{'High': 'Food', 'Low': 'Water', 'Medium': 'Firewood'}","{'high': 'Firewood', 'medium': 'Food', 'low': 'Water'}",0,"{""high"": ""Firewood"", ""medium"": ""Food"", ""low"": ""Water""}"
467-8_agent_2_desire,467-8,agent_2,"{'High': 'Food', 'Low': 'Water', 'Medium': 'Firewood'}","{'high': 'food', 'medium': 'water', 'low': 'firewood'}",0,"{""high"": ""food"", ""medium"": ""water"", ""low"": ""firewood""}"
467-9_agent_1_desire,467-9,agent_1,"{'High': 'Food', 'Low': 'Water', 'Medium': 'Firewood'}","{'high': 'Firewood', 'medium': 'Water', 'low': 'Food'}",0,"{""high"": ""Firewood"", ""medium"": ""Water"", ""low"": ""Food""}"
467-9_agent_2_desire,467-9,agent_2,"{'High': 'Food', 'Low': 'Water', 'Medium': 'Firewood'}","{'high': 'food', 'medium': 'firewood', 'low': 'water'}",1,"{""high"": ""food"", ""medium"": ""firewood"", ""low"": ""water""}"
467-10_agent_1_desire,467-10,agent_1,"{'High': 'Food', 'Low': 'Water', 'Medium': 'Firewood'}","{'high': 'firewood', 'medium': 'water', 'low': 'food'}",0,"{""high"": ""firewood"", ""medium"": ""water"", ""low"": ""food""}"
467-10_agent_2_desire,467-10,agent_2,"{'High': 'Food', 'Low': 'Water', 'Medium': 'Firewood'}","{'high': 'food', 'medium': 'water', 'low': 'firewood'}",0,"{""high"": ""food"", ""medium"": ""water"", ""low"": ""firewood""}"
467-11_agent_1_desire,467-11,agent_1,"{'High': 'Food', 'Low': 'Water', 'Medium': 'Firewood'}","{'high': 'firewood', 'medium': 'water', 'low': 'food'}",0,"{""high"": ""firewood"", ""medium"": ""water"", ""low"": ""food""}"
467-11_agent_2_desire,467-11,agent_2,"{'High': 'Food', 'Low': 'Water', 'Medium': 'Firewood'}","{'high': 'food', 'medium': 'water', 'low': 'firewood'}",0,"{""high"": ""food"", ""medium"": ""water"", ""low"": ""firewood""}"
468-0_agent_1_desire,468-0,agent_1,"{'Low': 'Food', 'Medium': 'Water', 'High': 'Firewood'}","{'high': 'firewood', 'medium': 'water', 'low': 'food'}",1,"{""high"": ""firewood"", ""medium"": ""water"", ""low"": ""food""}"
468-0_agent_2_desire,468-0,agent_2,"{'Low': 'Food', 'High': 'Water', 'Medium': 'Firewood'}","{'high': 'water', 'medium': 'firewood', 'low': 'food'}",1,"{""high"": ""water"", ""medium"": ""firewood"", ""low"": ""food""}"
468-1_agent_1_desire,468-1,agent_1,"{'Low': 'Food', 'Medium': 'Water', 'High': 'Firewood'}","{'high': 'Water', 'medium': 'Food', 'low': 'Firewood'}",0,"{""high"": ""Water"", ""medium"": ""Food"", ""low"": ""Firewood""}"
468-1_agent_2_desire,468-1,agent_2,"{'Low': 'Food', 'High': 'Water', 'Medium': 'Firewood'}","{'high': 'water', 'medium': 'firewood', 'low': 'food'}",1,"{""high"": ""water"", ""medium"": ""firewood"", ""low"": ""food""}"
468-2_agent_1_desire,468-2,agent_1,"{'Low': 'Food', 'Medium': 'Water', 'High': 'Firewood'}","{'high': 'water', 'medium': 'food', 'low': 'firewood'}",0,"{""high"": ""water"", ""medium"": ""food"", ""low"": ""firewood""}"
468-2_agent_2_desire,468-2,agent_2,"{'Low': 'Food', 'High': 'Water', 'Medium': 'Firewood'}","{'high': 'water', 'medium': 'food', 'low': 'firewood'}",0,"{""high"": ""water"", ""medium"": ""food"", ""low"": ""firewood""}"
468-3_agent_1_desire,468-3,agent_1,"{'Low': 'Food', 'Medium': 'Water', 'High': 'Firewood'}","{'high': 'Water', 'medium': 'Food', 'low': 'Firewood'}",0,"{""high"": ""Water"", ""medium"": ""Food"", ""low"": ""Firewood""}"
468-3_agent_2_desire,468-3,agent_2,"{'Low': 'Food', 'High': 'Water', 'Medium': 'Firewood'}","{'high': 'water', 'medium': 'food', 'low': 'firewood'}",0,"{""high"": ""water"", ""medium"": ""food"", ""low"": ""firewood""}"
468-4_agent_1_desire,468-4,agent_1,"{'Low': 'Food', 'Medium': 'Water', 'High': 'Firewood'}","{'high': 'firewood', 'medium': 'water', 'low': 'food'}",1,"{""high"": ""firewood"", ""medium"": ""water"", ""low"": ""food""}"
468-4_agent_2_desire,468-4,agent_2,"{'Low': 'Food', 'High': 'Water', 'Medium': 'Firewood'}","{'high': 'water', 'medium': 'food', 'low': 'firewood'}",0,"{""high"": ""water"", ""medium"": ""food"", ""low"": ""firewood""}"
468-5_agent_1_desire,468-5,agent_1,"{'Low': 'Food', 'Medium': 'Water', 'High': 'Firewood'}","{'high': 'firewood', 'medium': 'water', 'low': 'food'}",1,"{""high"": ""firewood"", ""medium"": ""water"", ""low"": ""food""}"
468-5_agent_2_desire,468-5,agent_2,"{'Low': 'Food', 'High': 'Water', 'Medium': 'Firewood'}","{'high': 'water', 'medium': 'food', 'low': 'firewood'}",0,"{""high"": ""water"", ""medium"": ""food"", ""low"": ""firewood""}"
469-0_agent_1_desire,469-0,agent_1,"{'High': 'Food', 'Medium': 'Water', 'Low': 'Firewood'}","{'high': 'Water', 'medium': 'Food', 'low': 'Firewood'}",0,"{""high"": ""Water"", ""medium"": ""Food"", ""low"": ""Firewood""}"
469-0_agent_2_desire,469-0,agent_2,"{'High': 'Food', 'Low': 'Water', 'Medium': 'Firewood'}","{'high': 'Water', 'medium': 'Food', 'low': 'Firewood'}",0,"{""high"": ""Water"", ""medium"": ""Food"", ""low"": ""Firewood""}"
469-1_agent_1_desire,469-1,agent_1,"{'High': 'Food', 'Medium': 'Water', 'Low': 'Firewood'}","{'high': 'water', 'medium': 'food', 'low': 'firewood'}",0,"{""high"": ""water"", ""medium"": ""food"", ""low"": ""firewood""}"
469-1_agent_2_desire,469-1,agent_2,"{'High': 'Food', 'Low': 'Water', 'Medium': 'Firewood'}","{'high': 'firewood', 'medium': 'food', 'low': 'water'}",0,"{""high"": ""firewood"", ""medium"": ""food"", ""low"": ""water""}"
469-2_agent_1_desire,469-2,agent_1,"{'High': 'Food', 'Medium': 'Water', 'Low': 'Firewood'}","{'high': 'water', 'medium': 'food', 'low': 'firewood'}",0,"{""high"": ""water"", ""medium"": ""food"", ""low"": ""firewood""}"
469-2_agent_2_desire,469-2,agent_2,"{'High': 'Food', 'Low': 'Water', 'Medium': 'Firewood'}","{'high': 'food', 'medium': 'firewood', 'low': 'water'}",1,"{""high"": ""food"", ""medium"": ""firewood"", ""low"": ""water""}"
469-3_agent_1_desire,469-3,agent_1,"{'High': 'Food', 'Medium': 'Water', 'Low': 'Firewood'}","{'high': 'water', 'medium': 'food', 'low': 'firewood'}",0,"{""high"": ""water"", ""medium"": ""food"", ""low"": ""firewood""}"
469-3_agent_2_desire,469-3,agent_2,"{'High': 'Food', 'Low': 'Water', 'Medium': 'Firewood'}","{'high': 'Food', 'medium': 'Firewood', 'low': 'Water'}",1,"{""high"": ""Food"", ""medium"": ""Firewood"", ""low"": ""Water""}"
469-4_agent_1_desire,469-4,agent_1,"{'High': 'Food', 'Medium': 'Water', 'Low': 'Firewood'}","{'high': 'water', 'medium': 'food', 'low': 'firewood'}",0,"{""high"": ""water"", ""medium"": ""food"", ""low"": ""firewood""}"
469-4_agent_2_desire,469-4,agent_2,"{'High': 'Food', 'Low': 'Water', 'Medium': 'Firewood'}","{'high': 'food', 'medium': 'firewood', 'low': 'water'}",1,"{""high"": ""food"", ""medium"": ""firewood"", ""low"": ""water""}"
469-5_agent_1_desire,469-5,agent_1,"{'High': 'Food', 'Medium': 'Water', 'Low': 'Firewood'}","{'high': 'water', 'medium': 'food', 'low': 'firewood'}",0,"{""high"": ""water"", ""medium"": ""food"", ""low"": ""firewood""}"
469-5_agent_2_desire,469-5,agent_2,"{'High': 'Food', 'Low': 'Water', 'Medium': 'Firewood'}","{'high': 'food', 'medium': 'firewood', 'low': 'water'}",1,"{""high"": ""food"", ""medium"": ""firewood"", ""low"": ""water""}"
470-0_agent_1_desire,470-0,agent_1,"{'Medium': 'Food', 'Low': 'Water', 'High': 'Firewood'}","{'high': 'Firewood', 'medium': 'Water', 'low': 'Food'}",0,"{""high"": ""Firewood"", ""medium"": ""Water"", ""low"": ""Food""}"
470-0_agent_2_desire,470-0,agent_2,"{'Low': 'Food', 'Medium': 'Water', 'High': 'Firewood'}","{'high': 'firewood', 'medium': 'water', 'low': 'food'}",1,"{""high"": ""firewood"", ""medium"": ""water"", ""low"": ""food""}"
470-1_agent_1_desire,470-1,agent_1,"{'Medium': 'Food', 'Low': 'Water', 'High': 'Firewood'}","{'high': 'firewood', 'medium': 'water', 'low': 'food'}",0,"{""high"": ""firewood"", ""medium"": ""water"", ""low"": ""food""}"
470-1_agent_2_desire,470-1,agent_2,"{'Low': 'Food', 'Medium': 'Water', 'High': 'Firewood'}","{'high': 'firewood', 'medium': 'water', 'low': 'food'}",1,"{""high"": ""firewood"", ""medium"": ""water"", ""low"": ""food""}"
470-2_agent_1_desire,470-2,agent_1,"{'Medium': 'Food', 'Low': 'Water', 'High': 'Firewood'}","{'high': 'firewood', 'medium': 'food', 'low': 'water'}",1,"{""high"": ""firewood"", ""medium"": ""food"", ""low"": ""water""}"
470-2_agent_2_desire,470-2,agent_2,"{'Low': 'Food', 'Medium': 'Water', 'High': 'Firewood'}","{'high': 'water', 'medium': 'food', 'low': 'firewood'}",0,"{""high"": ""water"", ""medium"": ""food"", ""low"": ""firewood""}"
470-3_agent_1_desire,470-3,agent_1,"{'Medium': 'Food', 'Low': 'Water', 'High': 'Firewood'}","{'high': 'firewood', 'medium': 'food', 'low': 'water'}",1,"{""high"": ""firewood"", ""medium"": ""food"", ""low"": ""water""}"
470-3_agent_2_desire,470-3,agent_2,"{'Low': 'Food', 'Medium': 'Water', 'High': 'Firewood'}","{'high': 'water', 'medium': 'food', 'low': 'firewood'}",0,"{""high"": ""water"", ""medium"": ""food"", ""low"": ""firewood""}"
470-4_agent_1_desire,470-4,agent_1,"{'Medium': 'Food', 'Low': 'Water', 'High': 'Firewood'}","{'high': 'firewood', 'medium': 'food', 'low': 'water'}",1,"{""high"": ""firewood"", ""medium"": ""food"", ""low"": ""water""}"
470-4_agent_2_desire,470-4,agent_2,"{'Low': 'Food', 'Medium': 'Water', 'High': 'Firewood'}","{'high': 'water', 'medium': 'food', 'low': 'firewood'}",0,"{""high"": ""water"", ""medium"": ""food"", ""low"": ""firewood""}"
471-0_agent_1_desire,471-0,agent_1,"{'Low': 'Food', 'High': 'Water', 'Medium': 'Firewood'}","{'high': 'water', 'medium': 'firewood', 'low': 'food'}",1,"{""high"": ""water"", ""medium"": ""firewood"", ""low"": ""food""}"
471-0_agent_2_desire,471-0,agent_2,"{'High': 'Food', 'Medium': 'Water', 'Low': 'Firewood'}","{'high': 'food', 'medium': 'water', 'low': 'firewood'}",1,"{""high"": ""food"", ""medium"": ""water"", ""low"": ""firewood""}"
471-1_agent_1_desire,471-1,agent_1,"{'Low': 'Food', 'High': 'Water', 'Medium': 'Firewood'}","{'high': 'water', 'medium': 'firewood', 'low': 'food'}",1,"{""high"": ""water"", ""medium"": ""firewood"", ""low"": ""food""}"
471-1_agent_2_desire,471-1,agent_2,"{'High': 'Food', 'Medium': 'Water', 'Low': 'Firewood'}","{'high': 'food', 'medium': 'water', 'low': 'firewood'}",1,"{""high"": ""food"", ""medium"": ""water"", ""low"": ""firewood""}"
471-2_agent_1_desire,471-2,agent_1,"{'Low': 'Food', 'High': 'Water', 'Medium': 'Firewood'}","{'high': 'water', 'medium': 'firewood', 'low': 'food'}",1,"{""high"": ""water"", ""medium"": ""firewood"", ""low"": ""food""}"
471-2_agent_2_desire,471-2,agent_2,"{'High': 'Food', 'Medium': 'Water', 'Low': 'Firewood'}","{'high': 'Water', 'medium': 'Food', 'low': 'Firewood'}",0,"{""high"": ""Water"", ""medium"": ""Food"", ""low"": ""Firewood""}"
471-3_agent_1_desire,471-3,agent_1,"{'Low': 'Food', 'High': 'Water', 'Medium': 'Firewood'}","{'high': 'water', 'medium': 'firewood', 'low': 'food'}",1,"{""high"": ""water"", ""medium"": ""firewood"", ""low"": ""food""}"
471-3_agent_2_desire,471-3,agent_2,"{'High': 'Food', 'Medium': 'Water', 'Low': 'Firewood'}","{'high': 'Food', 'medium': 'Water', 'low': 'Firewood'}",1,"{""high"": ""Food"", ""medium"": ""Water"", ""low"": ""Firewood""}"
471-4_agent_1_desire,471-4,agent_1,"{'Low': 'Food', 'High': 'Water', 'Medium': 'Firewood'}","{'high': 'water', 'medium': 'firewood', 'low': 'food'}",1,"{""high"": ""water"", ""medium"": ""firewood"", ""low"": ""food""}"
471-4_agent_2_desire,471-4,agent_2,"{'High': 'Food', 'Medium': 'Water', 'Low': 'Firewood'}","{'high': 'food', 'medium': 'water', 'low': 'firewood'}",1,"{""high"": ""food"", ""medium"": ""water"", ""low"": ""firewood""}"
472-0_agent_1_desire,472-0,agent_1,"{'High': 'Food', 'Low': 'Water', 'Medium': 'Firewood'}","{'high': 'Water', 'medium': 'Food', 'low': 'Firewood'}",0,"{""high"": ""Water"", ""medium"": ""Food"", ""low"": ""Firewood""}"
472-0_agent_2_desire,472-0,agent_2,"{'Low': 'Food', 'High': 'Water', 'Medium': 'Firewood'}","{'high': 'Water', 'medium': 'Food', 'low': 'Firewood'}",0,"{""high"": ""Water"", ""medium"": ""Food"", ""low"": ""Firewood""}"
472-1_agent_1_desire,472-1,agent_1,"{'High': 'Food', 'Low': 'Water', 'Medium': 'Firewood'}","{'high': 'Water', 'medium': 'Food', 'low': 'Firewood'}",0,"{""high"": ""Water"", ""medium"": ""Food"", ""low"": ""Firewood""}"
472-1_agent_2_desire,472-1,agent_2,"{'Low': 'Food', 'High': 'Water', 'Medium': 'Firewood'}","{'high': 'Water', 'medium': 'Food', 'low': 'Firewood'}",0,"{""high"": ""Water"", ""medium"": ""Food"", ""low"": ""Firewood""}"
472-2_agent_1_desire,472-2,agent_1,"{'High': 'Food', 'Low': 'Water', 'Medium': 'Firewood'}","{'high': 'Food', 'medium': 'Water', 'low': 'Firewood'}",0,"{""high"": ""Food"", ""medium"": ""Water"", ""low"": ""Firewood""}"
472-2_agent_2_desire,472-2,agent_2,"{'Low': 'Food', 'High': 'Water', 'Medium': 'Firewood'}","{'high': 'Water', 'medium': 'Food', 'low': 'Firewood'}",0,"{""high"": ""Water"", ""medium"": ""Food"", ""low"": ""Firewood""}"
472-3_agent_1_desire,472-3,agent_1,"{'High': 'Food', 'Low': 'Water', 'Medium': 'Firewood'}","{'high': 'food', 'medium': 'firewood', 'low': 'water'}",1,"{""high"": ""food"", ""medium"": ""firewood"", ""low"": ""water""}"
472-3_agent_2_desire,472-3,agent_2,"{'Low': 'Food', 'High': 'Water', 'Medium': 'Firewood'}","{'high': 'water', 'medium': 'firewood', 'low': 'food'}",1,"{""high"": ""water"", ""medium"": ""firewood"", ""low"": ""food""}"
472-4_agent_1_desire,472-4,agent_1,"{'High': 'Food', 'Low': 'Water', 'Medium': 'Firewood'}","{'high': 'Water', 'medium': 'Firewood', 'low': 'Food'}",0,"{""high"": ""Water"", ""medium"": ""Firewood"", ""low"": ""Food""}"
472-4_agent_2_desire,472-4,agent_2,"{'Low': 'Food', 'High': 'Water', 'Medium': 'Firewood'}","{'high': 'water', 'medium': 'firewood', 'low': 'food'}",1,"{""high"": ""water"", ""medium"": ""firewood"", ""low"": ""food""}"
472-5_agent_1_desire,472-5,agent_1,"{'High': 'Food', 'Low': 'Water', 'Medium': 'Firewood'}","{'high': 'firewood', 'medium': 'water', 'low': 'food'}",0,"{""high"": ""firewood"", ""medium"": ""water"", ""low"": ""food""}"
472-5_agent_2_desire,472-5,agent_2,"{'Low': 'Food', 'High': 'Water', 'Medium': 'Firewood'}","{'high': 'Water', 'medium': 'Firewood', 'low': 'Food'}",1,"{""high"": ""Water"", ""medium"": ""Firewood"", ""low"": ""Food""}"
473-0_agent_1_desire,473-0,agent_1,"{'Low': 'Food', 'High': 'Water', 'Medium': 'Firewood'}","{'high': 'Firewood', 'medium': 'Water', 'low': 'Food'}",0,"{""high"": ""Firewood"", ""medium"": ""Water"", ""low"": ""Food""}"
473-0_agent_2_desire,473-0,agent_2,"{'Low': 'Food', 'High': 'Water', 'Medium': 'Firewood'}","{'high': 'Firewood', 'medium': 'Water', 'low': 'Food'}",0,"{""high"": ""Firewood"", ""medium"": ""Water"", ""low"": ""Food""}"
473-1_agent_1_desire,473-1,agent_1,"{'Low': 'Food', 'High': 'Water', 'Medium': 'Firewood'}","{'high': 'Water', 'medium': 'Food', 'low': 'Firewood'}",0,"{""high"": ""Water"", ""medium"": ""Food"", ""low"": ""Firewood""}"
473-1_agent_2_desire,473-1,agent_2,"{'Low': 'Food', 'High': 'Water', 'Medium': 'Firewood'}","{'high': 'Water', 'medium': 'Food', 'low': 'Firewood'}",0,"{""high"": ""Water"", ""medium"": ""Food"", ""low"": ""Firewood""}"
473-2_agent_1_desire,473-2,agent_1,"{'Low': 'Food', 'High': 'Water', 'Medium': 'Firewood'}","{'high': 'water', 'medium': 'food', 'low': 'firewood'}",0,"{""high"": ""water"", ""medium"": ""food"", ""low"": ""firewood""}"
473-2_agent_2_desire,473-2,agent_2,"{'Low': 'Food', 'High': 'Water', 'Medium': 'Firewood'}","{'high': 'water', 'medium': 'firewood', 'low': 'food'}",1,"{""high"": ""water"", ""medium"": ""firewood"", ""low"": ""food""}"
473-3_agent_1_desire,473-3,agent_1,"{'Low': 'Food', 'High': 'Water', 'Medium': 'Firewood'}","{'high': 'Food', 'medium': 'Water', 'low': 'Firewood'}",0,"{""high"": ""Food"", ""medium"": ""Water"", ""low"": ""Firewood""}"
473-3_agent_2_desire,473-3,agent_2,"{'Low': 'Food', 'High': 'Water', 'Medium': 'Firewood'}","{'high': 'water', 'medium': 'food', 'low': 'firewood'}",0,"{""high"": ""water"", ""medium"": ""food"", ""low"": ""firewood""}"
473-4_agent_1_desire,473-4,agent_1,"{'Low': 'Food', 'High': 'Water', 'Medium': 'Firewood'}","{'high': 'firewood', 'medium': 'water', 'low': 'food'}",0,"{""high"": ""firewood"", ""medium"": ""water"", ""low"": ""food""}"
473-4_agent_2_desire,473-4,agent_2,"{'Low': 'Food', 'High': 'Water', 'Medium': 'Firewood'}","{'high': 'water', 'medium': 'food', 'low': 'firewood'}",0,"{""high"": ""water"", ""medium"": ""food"", ""low"": ""firewood""}"
473-5_agent_1_desire,473-5,agent_1,"{'Low': 'Food', 'High': 'Water', 'Medium': 'Firewood'}","{'high': 'firewood', 'medium': 'water', 'low': 'food'}",0,"{""high"": ""firewood"", ""medium"": ""water"", ""low"": ""food""}"
473-5_agent_2_desire,473-5,agent_2,"{'Low': 'Food', 'High': 'Water', 'Medium': 'Firewood'}","{'high': 'water', 'medium': 'food', 'low': 'firewood'}",0,"{""high"": ""water"", ""medium"": ""food"", ""low"": ""firewood""}"
474-0_agent_1_desire,474-0,agent_1,"{'Low': 'Food', 'Medium': 'Water', 'High': 'Firewood'}","{'high': 'firewood', 'medium': 'food', 'low': 'water'}",0,"{""high"": ""firewood"", ""medium"": ""food"", ""low"": ""water""}"
474-0_agent_2_desire,474-0,agent_2,"{'Medium': 'Food', 'Low': 'Water', 'High': 'Firewood'}","{'high': 'firewood', 'medium': 'food', 'low': 'water'}",1,"{""high"": ""firewood"", ""medium"": ""food"", ""low"": ""water""}"
474-1_agent_1_desire,474-1,agent_1,"{'Low': 'Food', 'Medium': 'Water', 'High': 'Firewood'}","{'high': 'Firewood', 'medium': 'Food', 'low': 'Water'}",0,"{""high"": ""Firewood"", ""medium"": ""Food"", ""low"": ""Water""}"
474-1_agent_2_desire,474-1,agent_2,"{'Medium': 'Food', 'Low': 'Water', 'High': 'Firewood'}","{'high': 'Firewood', 'medium': 'Food', 'low': 'Water'}",1,"{""high"": ""Firewood"", ""medium"": ""Food"", ""low"": ""Water""}"
474-2_agent_1_desire,474-2,agent_1,"{'Low': 'Food', 'Medium': 'Water', 'High': 'Firewood'}","{'high': 'firewood', 'medium': 'water', 'low': 'food'}",1,"{""high"": ""firewood"", ""medium"": ""water"", ""low"": ""food""}"
474-2_agent_2_desire,474-2,agent_2,"{'Medium': 'Food', 'Low': 'Water', 'High': 'Firewood'}","{'high': 'firewood', 'medium': 'food', 'low': 'water'}",1,"{""high"": ""firewood"", ""medium"": ""food"", ""low"": ""water""}"
474-3_agent_1_desire,474-3,agent_1,"{'Low': 'Food', 'Medium': 'Water', 'High': 'Firewood'}","{'high': 'firewood', 'medium': 'food', 'low': 'water'}",0,"{""high"": ""firewood"", ""medium"": ""food"", ""low"": ""water""}"
474-3_agent_2_desire,474-3,agent_2,"{'Medium': 'Food', 'Low': 'Water', 'High': 'Firewood'}","{'high': 'food', 'medium': 'firewood', 'low': 'water'}",0,"{""high"": ""food"", ""medium"": ""firewood"", ""low"": ""water""}"
474-4_agent_1_desire,474-4,agent_1,"{'Low': 'Food', 'Medium': 'Water', 'High': 'Firewood'}","{'high': 'firewood', 'medium': 'food', 'low': 'water'}",0,"{""high"": ""firewood"", ""medium"": ""food"", ""low"": ""water""}"
474-4_agent_2_desire,474-4,agent_2,"{'Medium': 'Food', 'Low': 'Water', 'High': 'Firewood'}","{'high': 'food', 'medium': 'firewood', 'low': 'water'}",0,"{""high"": ""food"", ""medium"": ""firewood"", ""low"": ""water""}"
475-0_agent_1_desire,475-0,agent_1,"{'Low': 'Food', 'Medium': 'Water', 'High': 'Firewood'}","{'high': 'firewood', 'medium': 'water', 'low': 'food'}",1,"{""high"": ""firewood"", ""medium"": ""water"", ""low"": ""food""}"
475-0_agent_2_desire,475-0,agent_2,"{'Low': 'Food', 'High': 'Water', 'Medium': 'Firewood'}","{'high': 'water', 'medium': 'food', 'low': 'firewood'}",0,"{""high"": ""water"", ""medium"": ""food"", ""low"": ""firewood""}"
475-1_agent_1_desire,475-1,agent_1,"{'Low': 'Food', 'Medium': 'Water', 'High': 'Firewood'}","{'high': 'firewood', 'medium': 'water', 'low': 'food'}",1,"{""high"": ""firewood"", ""medium"": ""water"", ""low"": ""food""}"
475-1_agent_2_desire,475-1,agent_2,"{'Low': 'Food', 'High': 'Water', 'Medium': 'Firewood'}","{'high': 'Water', 'medium': 'Food', 'low': 'Firewood'}",0,"{""high"": ""Water"", ""medium"": ""Food"", ""low"": ""Firewood""}"
475-2_agent_1_desire,475-2,agent_1,"{'Low': 'Food', 'Medium': 'Water', 'High': 'Firewood'}","{'high': 'firewood', 'medium': 'water', 'low': 'food'}",1,"{""high"": ""firewood"", ""medium"": ""water"", ""low"": ""food""}"
475-2_agent_2_desire,475-2,agent_2,"{'Low': 'Food', 'High': 'Water', 'Medium': 'Firewood'}","{'high': 'water', 'medium': 'food', 'low': 'firewood'}",0,"{""high"": ""water"", ""medium"": ""food"", ""low"": ""firewood""}"
475-3_agent_1_desire,475-3,agent_1,"{'Low': 'Food', 'Medium': 'Water', 'High': 'Firewood'}","{'high': 'firewood', 'medium': 'water', 'low': 'food'}",1,"{""high"": ""firewood"", ""medium"": ""water"", ""low"": ""food""}"
475-3_agent_2_desire,475-3,agent_2,"{'Low': 'Food', 'High': 'Water', 'Medium': 'Firewood'}","{'high': 'water', 'medium': 'firewood', 'low': 'food'}",1,"{""high"": ""water"", ""medium"": ""firewood"", ""low"": ""food""}"
475-4_agent_1_desire,475-4,agent_1,"{'Low': 'Food', 'Medium': 'Water', 'High': 'Firewood'}","{'high': 'firewood', 'medium': 'water', 'low': 'food'}",1,"{""high"": ""firewood"", ""medium"": ""water"", ""low"": ""food""}"
475-4_agent_2_desire,475-4,agent_2,"{'Low': 'Food', 'High': 'Water', 'Medium': 'Firewood'}","{'high': 'water', 'medium': 'food', 'low': 'firewood'}",0,"{""high"": ""water"", ""medium"": ""food"", ""low"": ""firewood""}"
475-5_agent_1_desire,475-5,agent_1,"{'Low': 'Food', 'Medium': 'Water', 'High': 'Firewood'}","{'high': 'firewood', 'medium': 'water', 'low': 'food'}",1,"{""high"": ""firewood"", ""medium"": ""water"", ""low"": ""food""}"
475-5_agent_2_desire,475-5,agent_2,"{'Low': 'Food', 'High': 'Water', 'Medium': 'Firewood'}","{'high': 'water', 'medium': 'firewood', 'low': 'food'}",1,"{""high"": ""water"", ""medium"": ""firewood"", ""low"": ""food""}"
476-0_agent_1_desire,476-0,agent_1,"{'Low': 'Food', 'Medium': 'Water', 'High': 'Firewood'}","{'high': 'Water', 'medium': 'Food', 'low': 'Firewood'}",0,"{""high"": ""Water"", ""medium"": ""Food"", ""low"": ""Firewood""}"
476-0_agent_2_desire,476-0,agent_2,"{'Low': 'Food', 'Medium': 'Water', 'High': 'Firewood'}","{'high': 'Water', 'medium': 'Food', 'low': 'Firewood'}",0,"{""high"": ""Water"", ""medium"": ""Food"", ""low"": ""Firewood""}"
476-1_agent_1_desire,476-1,agent_1,"{'Low': 'Food', 'Medium': 'Water', 'High': 'Firewood'}","{'high': 'Firewood', 'medium': 'Water', 'low': 'Food'}",1,"{""high"": ""Firewood"", ""medium"": ""Water"", ""low"": ""Food""}"
476-1_agent_2_desire,476-1,agent_2,"{'Low': 'Food', 'Medium': 'Water', 'High': 'Firewood'}","{'high': 'Firewood', 'medium': 'Water', 'low': 'Food'}",1,"{""high"": ""Firewood"", ""medium"": ""Water"", ""low"": ""Food""}"
476-2_agent_1_desire,476-2,agent_1,"{'Low': 'Food', 'Medium': 'Water', 'High': 'Firewood'}","{'high': 'water', 'medium': 'food', 'low': 'firewood'}",0,"{""high"": ""water"", ""medium"": ""food"", ""low"": ""firewood""}"
476-2_agent_2_desire,476-2,agent_2,"{'Low': 'Food', 'Medium': 'Water', 'High': 'Firewood'}","{'high': 'firewood', 'medium': 'water', 'low': 'food'}",1,"{""high"": ""firewood"", ""medium"": ""water"", ""low"": ""food""}"
476-3_agent_1_desire,476-3,agent_1,"{'Low': 'Food', 'Medium': 'Water', 'High': 'Firewood'}","{'high': 'water', 'medium': 'food', 'low': 'firewood'}",0,"{""high"": ""water"", ""medium"": ""food"", ""low"": ""firewood""}"
476-3_agent_2_desire,476-3,agent_2,"{'Low': 'Food', 'Medium': 'Water', 'High': 'Firewood'}","{'high': 'firewood', 'medium': 'water', 'low': 'food'}",1,"{""high"": ""firewood"", ""medium"": ""water"", ""low"": ""food""}"
476-4_agent_1_desire,476-4,agent_1,"{'Low': 'Food', 'Medium': 'Water', 'High': 'Firewood'}","{'high': 'water', 'medium': 'food', 'low': 'firewood'}",0,"{""high"": ""water"", ""medium"": ""food"", ""low"": ""firewood""}"
476-4_agent_2_desire,476-4,agent_2,"{'Low': 'Food', 'Medium': 'Water', 'High': 'Firewood'}","{'high': 'firewood', 'medium': 'food', 'low': 'water'}",0,"{""high"": ""firewood"", ""medium"": ""food"", ""low"": ""water""}"
476-5_agent_1_desire,476-5,agent_1,"{'Low': 'Food', 'Medium': 'Water', 'High': 'Firewood'}","{'high': 'water', 'medium': 'food', 'low': 'firewood'}",0,"{""high"": ""water"", ""medium"": ""food"", ""low"": ""firewood""}"
476-5_agent_2_desire,476-5,agent_2,"{'Low': 'Food', 'Medium': 'Water', 'High': 'Firewood'}","{'high': 'firewood', 'medium': 'food', 'low': 'water'}",0,"{""high"": ""firewood"", ""medium"": ""food"", ""low"": ""water""}"
477-0_agent_1_desire,477-0,agent_1,"{'Medium': 'Food', 'High': 'Water', 'Low': 'Firewood'}","{'high': 'Food', 'medium': 'Water', 'low': 'Firewood'}",0,"{""high"": ""Food"", ""medium"": ""Water"", ""low"": ""Firewood""}"
477-0_agent_2_desire,477-0,agent_2,"{'Low': 'Food', 'High': 'Water', 'Medium': 'Firewood'}","{'high': 'Water', 'medium': 'Food', 'low': 'Firewood'}",0,"{""high"": ""Water"", ""medium"": ""Food"", ""low"": ""Firewood""}"
477-1_agent_1_desire,477-1,agent_1,"{'Medium': 'Food', 'High': 'Water', 'Low': 'Firewood'}","{'high': 'Water', 'medium': 'Food', 'low': 'Firewood'}",1,"{""high"": ""Water"", ""medium"": ""Food"", ""low"": ""Firewood""}"
477-1_agent_2_desire,477-1,agent_2,"{'Low': 'Food', 'High': 'Water', 'Medium': 'Firewood'}","{'high': 'Water', 'medium': 'Food', 'low': 'Firewood'}",0,"{""high"": ""Water"", ""medium"": ""Food"", ""low"": ""Firewood""}"
477-2_agent_1_desire,477-2,agent_1,"{'Medium': 'Food', 'High': 'Water', 'Low': 'Firewood'}","{'high': 'Water', 'medium': 'Food', 'low': 'Firewood'}",1,"{""high"": ""Water"", ""medium"": ""Food"", ""low"": ""Firewood""}"
477-2_agent_2_desire,477-2,agent_2,"{'Low': 'Food', 'High': 'Water', 'Medium': 'Firewood'}","{'high': 'Water', 'medium': 'Food', 'low': 'Firewood'}",0,"{""high"": ""Water"", ""medium"": ""Food"", ""low"": ""Firewood""}"
477-3_agent_1_desire,477-3,agent_1,"{'Medium': 'Food', 'High': 'Water', 'Low': 'Firewood'}","{'high': 'Water', 'medium': 'Food', 'low': 'Firewood'}",1,"{""high"": ""Water"", ""medium"": ""Food"", ""low"": ""Firewood""}"
477-3_agent_2_desire,477-3,agent_2,"{'Low': 'Food', 'High': 'Water', 'Medium': 'Firewood'}","{'high': 'food', 'medium': 'firewood', 'low': 'water'}",0,"{""high"": ""food"", ""medium"": ""firewood"", ""low"": ""water""}"
477-4_agent_1_desire,477-4,agent_1,"{'Medium': 'Food', 'High': 'Water', 'Low': 'Firewood'}","{'high': 'water', 'medium': 'food', 'low': 'firewood'}",1,"{""high"": ""water"", ""medium"": ""food"", ""low"": ""firewood""}"
477-4_agent_2_desire,477-4,agent_2,"{'Low': 'Food', 'High': 'Water', 'Medium': 'Firewood'}","{'high': 'water', 'medium': 'food', 'low': 'firewood'}",0,"{""high"": ""water"", ""medium"": ""food"", ""low"": ""firewood""}"
477-5_agent_1_desire,477-5,agent_1,"{'Medium': 'Food', 'High': 'Water', 'Low': 'Firewood'}","{'high': 'water', 'medium': 'food', 'low': 'firewood'}",1,"{""high"": ""water"", ""medium"": ""food"", ""low"": ""firewood""}"
477-5_agent_2_desire,477-5,agent_2,"{'Low': 'Food', 'High': 'Water', 'Medium': 'Firewood'}","{'high': 'water', 'medium': 'food', 'low': 'firewood'}",0,"{""high"": ""water"", ""medium"": ""food"", ""low"": ""firewood""}"
477-6_agent_1_desire,477-6,agent_1,"{'Medium': 'Food', 'High': 'Water', 'Low': 'Firewood'}","{'high': 'water', 'medium': 'food', 'low': 'firewood'}",1,"{""high"": ""water"", ""medium"": ""food"", ""low"": ""firewood""}"
477-6_agent_2_desire,477-6,agent_2,"{'Low': 'Food', 'High': 'Water', 'Medium': 'Firewood'}","{'high': 'water', 'medium': 'food', 'low': 'firewood'}",0,"{""high"": ""water"", ""medium"": ""food"", ""low"": ""firewood""}"
477-7_agent_1_desire,477-7,agent_1,"{'Medium': 'Food', 'High': 'Water', 'Low': 'Firewood'}","{'high': 'water', 'medium': 'food', 'low': 'firewood'}",1,"{""high"": ""water"", ""medium"": ""food"", ""low"": ""firewood""}"
477-7_agent_2_desire,477-7,agent_2,"{'Low': 'Food', 'High': 'Water', 'Medium': 'Firewood'}","{'high': 'water', 'medium': 'firewood', 'low': 'food'}",1,"{""high"": ""water"", ""medium"": ""firewood"", ""low"": ""food""}"
477-8_agent_1_desire,477-8,agent_1,"{'Medium': 'Food', 'High': 'Water', 'Low': 'Firewood'}","{'high': 'water', 'medium': 'food', 'low': 'firewood'}",1,"{""high"": ""water"", ""medium"": ""food"", ""low"": ""firewood""}"
477-8_agent_2_desire,477-8,agent_2,"{'Low': 'Food', 'High': 'Water', 'Medium': 'Firewood'}","{'high': 'water', 'medium': 'food', 'low': 'firewood'}",0,"{""high"": ""water"", ""medium"": ""food"", ""low"": ""firewood""}"
477-9_agent_1_desire,477-9,agent_1,"{'Medium': 'Food', 'High': 'Water', 'Low': 'Firewood'}","{'high': 'water', 'medium': 'food', 'low': 'firewood'}",1,"{""high"": ""water"", ""medium"": ""food"", ""low"": ""firewood""}"
477-9_agent_2_desire,477-9,agent_2,"{'Low': 'Food', 'High': 'Water', 'Medium': 'Firewood'}","{'high': 'water', 'medium': 'food', 'low': 'firewood'}",0,"{""high"": ""water"", ""medium"": ""food"", ""low"": ""firewood""}"
478-0_agent_1_desire,478-0,agent_1,"{'Low': 'Food', 'Medium': 'Water', 'High': 'Firewood'}","{'high': 'water', 'medium': 'firewood', 'low': 'food'}",0,"{""high"": ""water"", ""medium"": ""firewood"", ""low"": ""food""}"
478-0_agent_2_desire,478-0,agent_2,"{'Medium': 'Food', 'Low': 'Water', 'High': 'Firewood'}","{'high': 'water', 'medium': 'firewood', 'low': 'food'}",0,"{""high"": ""water"", ""medium"": ""firewood"", ""low"": ""food""}"
478-1_agent_1_desire,478-1,agent_1,"{'Low': 'Food', 'Medium': 'Water', 'High': 'Firewood'}","{'high': 'firewood', 'medium': 'food', 'low': 'water'}",0,"{""high"": ""firewood"", ""medium"": ""food"", ""low"": ""water""}"
478-1_agent_2_desire,478-1,agent_2,"{'Medium': 'Food', 'Low': 'Water', 'High': 'Firewood'}","{'high': 'firewood', 'medium': 'water', 'low': 'food'}",0,"{""high"": ""firewood"", ""medium"": ""water"", ""low"": ""food""}"
478-2_agent_1_desire,478-2,agent_1,"{'Low': 'Food', 'Medium': 'Water', 'High': 'Firewood'}","{'high': 'firewood', 'medium': 'water', 'low': 'food'}",1,"{""high"": ""firewood"", ""medium"": ""water"", ""low"": ""food""}"
478-2_agent_2_desire,478-2,agent_2,"{'Medium': 'Food', 'Low': 'Water', 'High': 'Firewood'}","{'high': 'firewood', 'medium': 'water', 'low': 'food'}",0,"{""high"": ""firewood"", ""medium"": ""water"", ""low"": ""food""}"
478-3_agent_1_desire,478-3,agent_1,"{'Low': 'Food', 'Medium': 'Water', 'High': 'Firewood'}","{'high': 'firewood', 'medium': 'water', 'low': 'food'}",1,"{""high"": ""firewood"", ""medium"": ""water"", ""low"": ""food""}"
478-3_agent_2_desire,478-3,agent_2,"{'Medium': 'Food', 'Low': 'Water', 'High': 'Firewood'}","{'high': 'firewood', 'medium': 'water', 'low': 'food'}",0,"{""high"": ""firewood"", ""medium"": ""water"", ""low"": ""food""}"
478-4_agent_1_desire,478-4,agent_1,"{'Low': 'Food', 'Medium': 'Water', 'High': 'Firewood'}","{'high': 'firewood', 'medium': 'water', 'low': 'food'}",1,"{""high"": ""firewood"", ""medium"": ""water"", ""low"": ""food""}"
478-4_agent_2_desire,478-4,agent_2,"{'Medium': 'Food', 'Low': 'Water', 'High': 'Firewood'}","{'high': 'firewood', 'medium': 'water', 'low': 'food'}",0,"{""high"": ""firewood"", ""medium"": ""water"", ""low"": ""food""}"
479-0_agent_1_desire,479-0,agent_1,"{'Medium': 'Food', 'Low': 'Water', 'High': 'Firewood'}","{'high': 'Firewood', 'medium': 'Food', 'low': 'Water'}",1,"{""high"": ""Firewood"", ""medium"": ""Food"", ""low"": ""Water""}"
479-0_agent_2_desire,479-0,agent_2,"{'Medium': 'Food', 'Low': 'Water', 'High': 'Firewood'}","{'high': 'Firewood', 'medium': 'Water', 'low': 'Food'}",0,"{""high"": ""Firewood"", ""medium"": ""Water"", ""low"": ""Food""}"
479-1_agent_1_desire,479-1,agent_1,"{'Medium': 'Food', 'Low': 'Water', 'High': 'Firewood'}","{'high': 'Firewood', 'medium': 'Food', 'low': 'Water'}",1,"{""high"": ""Firewood"", ""medium"": ""Food"", ""low"": ""Water""}"
479-1_agent_2_desire,479-1,agent_2,"{'Medium': 'Food', 'Low': 'Water', 'High': 'Firewood'}","{'high': 'Firewood', 'medium': 'Water', 'low': 'Food'}",0,"{""high"": ""Firewood"", ""medium"": ""Water"", ""low"": ""Food""}"
479-2_agent_1_desire,479-2,agent_1,"{'Medium': 'Food', 'Low': 'Water', 'High': 'Firewood'}","{'high': 'firewood', 'medium': 'food', 'low': 'water'}",1,"{""high"": ""firewood"", ""medium"": ""food"", ""low"": ""water""}"
479-2_agent_2_desire,479-2,agent_2,"{'Medium': 'Food', 'Low': 'Water', 'High': 'Firewood'}","{'high': 'Firewood', 'medium': 'Food', 'low': 'Water'}",1,"{""high"": ""Firewood"", ""medium"": ""Food"", ""low"": ""Water""}"
479-3_agent_1_desire,479-3,agent_1,"{'Medium': 'Food', 'Low': 'Water', 'High': 'Firewood'}","{'high': 'food', 'medium': 'firewood', 'low': 'water'}",0,"{""high"": ""food"", ""medium"": ""firewood"", ""low"": ""water""}"
479-3_agent_2_desire,479-3,agent_2,"{'Medium': 'Food', 'Low': 'Water', 'High': 'Firewood'}","{'high': 'water', 'medium': 'food', 'low': 'firewood'}",0,"{""high"": ""water"", ""medium"": ""food"", ""low"": ""firewood""}"
479-4_agent_1_desire,479-4,agent_1,"{'Medium': 'Food', 'Low': 'Water', 'High': 'Firewood'}","{'high': 'firewood', 'medium': 'food', 'low': 'water'}",1,"{""high"": ""firewood"", ""medium"": ""food"", ""low"": ""water""}"
479-4_agent_2_desire,479-4,agent_2,"{'Medium': 'Food', 'Low': 'Water', 'High': 'Firewood'}","{'high': 'food', 'medium': 'firewood', 'low': 'water'}",0,"{""high"": ""food"", ""medium"": ""firewood"", ""low"": ""water""}"
479-5_agent_1_desire,479-5,agent_1,"{'Medium': 'Food', 'Low': 'Water', 'High': 'Firewood'}","{'high': 'firewood', 'medium': 'food', 'low': 'water'}",1,"{""high"": ""firewood"", ""medium"": ""food"", ""low"": ""water""}"
479-5_agent_2_desire,479-5,agent_2,"{'Medium': 'Food', 'Low': 'Water', 'High': 'Firewood'}","{'high': 'Firewood', 'medium': 'Food', 'low': 'Water'}",1,"{""high"": ""Firewood"", ""medium"": ""Food"", ""low"": ""Water""}"
479-6_agent_1_desire,479-6,agent_1,"{'Medium': 'Food', 'Low': 'Water', 'High': 'Firewood'}","{'high': 'firewood', 'medium': 'food', 'low': 'water'}",1,"{""high"": ""firewood"", ""medium"": ""food"", ""low"": ""water""}"
479-6_agent_2_desire,479-6,agent_2,"{'Medium': 'Food', 'Low': 'Water', 'High': 'Firewood'}","{'high': 'Water', 'medium': 'Food', 'low': 'Firewood'}",0,"{""high"": ""Water"", ""medium"": ""Food"", ""low"": ""Firewood""}"
479-7_agent_1_desire,479-7,agent_1,"{'Medium': 'Food', 'Low': 'Water', 'High': 'Firewood'}","{'high': 'firewood', 'medium': 'food', 'low': 'water'}",1,"{""high"": ""firewood"", ""medium"": ""food"", ""low"": ""water""}"
479-7_agent_2_desire,479-7,agent_2,"{'Medium': 'Food', 'Low': 'Water', 'High': 'Firewood'}","{'high': 'Water', 'medium': 'Food', 'low': 'Firewood'}",0,"{""high"": ""Water"", ""medium"": ""Food"", ""low"": ""Firewood""}"
480-0_agent_1_desire,480-0,agent_1,"{'Medium': 'Food', 'High': 'Water', 'Low': 'Firewood'}","{'high': 'Water', 'medium': 'Food', 'low': 'Firewood'}",1,"{""high"": ""Water"", ""medium"": ""Food"", ""low"": ""Firewood""}"
480-0_agent_2_desire,480-0,agent_2,"{'Medium': 'Food', 'High': 'Water', 'Low': 'Firewood'}","{'high': 'Water', 'medium': 'Food', 'low': 'Firewood'}",1,"{""high"": ""Water"", ""medium"": ""Food"", ""low"": ""Firewood""}"
480-1_agent_1_desire,480-1,agent_1,"{'Medium': 'Food', 'High': 'Water', 'Low': 'Firewood'}","{'high': 'Water', 'medium': 'Food', 'low': 'Firewood'}",1,"{""high"": ""Water"", ""medium"": ""Food"", ""low"": ""Firewood""}"
480-1_agent_2_desire,480-1,agent_2,"{'Medium': 'Food', 'High': 'Water', 'Low': 'Firewood'}","{'high': 'water', 'medium': 'food', 'low': 'firewood'}",1,"{""high"": ""water"", ""medium"": ""food"", ""low"": ""firewood""}"
480-2_agent_1_desire,480-2,agent_1,"{'Medium': 'Food', 'High': 'Water', 'Low': 'Firewood'}","{'high': 'water', 'medium': 'food', 'low': 'firewood'}",1,"{""high"": ""water"", ""medium"": ""food"", ""low"": ""firewood""}"
480-2_agent_2_desire,480-2,agent_2,"{'Medium': 'Food', 'High': 'Water', 'Low': 'Firewood'}","{'high': 'water', 'medium': 'food', 'low': 'firewood'}",1,"{""high"": ""water"", ""medium"": ""food"", ""low"": ""firewood""}"
480-3_agent_1_desire,480-3,agent_1,"{'Medium': 'Food', 'High': 'Water', 'Low': 'Firewood'}","{'high': 'water', 'medium': 'food', 'low': 'firewood'}",1,"{""high"": ""water"", ""medium"": ""food"", ""low"": ""firewood""}"
480-3_agent_2_desire,480-3,agent_2,"{'Medium': 'Food', 'High': 'Water', 'Low': 'Firewood'}","{'high': 'food', 'medium': 'water', 'low': 'firewood'}",0,"{""high"": ""food"", ""medium"": ""water"", ""low"": ""firewood""}"
480-4_agent_1_desire,480-4,agent_1,"{'Medium': 'Food', 'High': 'Water', 'Low': 'Firewood'}","{'high': 'water', 'medium': 'food', 'low': 'firewood'}",1,"{""high"": ""water"", ""medium"": ""food"", ""low"": ""firewood""}"
480-4_agent_2_desire,480-4,agent_2,"{'Medium': 'Food', 'High': 'Water', 'Low': 'Firewood'}","{'high': 'water', 'medium': 'food', 'low': 'firewood'}",1,"{""high"": ""water"", ""medium"": ""food"", ""low"": ""firewood""}"
480-5_agent_1_desire,480-5,agent_1,"{'Medium': 'Food', 'High': 'Water', 'Low': 'Firewood'}","{'high': 'water', 'medium': 'food', 'low': 'firewood'}",1,"{""high"": ""water"", ""medium"": ""food"", ""low"": ""firewood""}"
480-5_agent_2_desire,480-5,agent_2,"{'Medium': 'Food', 'High': 'Water', 'Low': 'Firewood'}","{'high': 'water', 'medium': 'food', 'low': 'firewood'}",1,"{""high"": ""water"", ""medium"": ""food"", ""low"": ""firewood""}"
481-0_agent_1_desire,481-0,agent_1,"{'High': 'Food', 'Medium': 'Water', 'Low': 'Firewood'}","{'high': 'Food', 'medium': 'Water', 'low': 'Firewood'}",1,"{""high"": ""Food"", ""medium"": ""Water"", ""low"": ""Firewood""}"
481-0_agent_2_desire,481-0,agent_2,"{'Medium': 'Food', 'High': 'Water', 'Low': 'Firewood'}","{'high': 'Water', 'medium': 'Food', 'low': 'Firewood'}",1,"{""high"": ""Water"", ""medium"": ""Food"", ""low"": ""Firewood""}"
481-1_agent_1_desire,481-1,agent_1,"{'High': 'Food', 'Medium': 'Water', 'Low': 'Firewood'}","{'high': 'Food', 'medium': 'Water', 'low': 'Firewood'}",1,"{""high"": ""Food"", ""medium"": ""Water"", ""low"": ""Firewood""}"
481-1_agent_2_desire,481-1,agent_2,"{'Medium': 'Food', 'High': 'Water', 'Low': 'Firewood'}","{'high': 'food', 'medium': 'water', 'low': 'firewood'}",0,"{""high"": ""food"", ""medium"": ""water"", ""low"": ""firewood""}"
481-2_agent_1_desire,481-2,agent_1,"{'High': 'Food', 'Medium': 'Water', 'Low': 'Firewood'}","{'high': 'Food', 'medium': 'Water', 'low': 'Firewood'}",1,"{""high"": ""Food"", ""medium"": ""Water"", ""low"": ""Firewood""}"
481-2_agent_2_desire,481-2,agent_2,"{'Medium': 'Food', 'High': 'Water', 'Low': 'Firewood'}","{'high': 'Food', 'medium': 'Water', 'low': 'Firewood'}",0,"{""high"": ""Food"", ""medium"": ""Water"", ""low"": ""Firewood""}"
481-3_agent_1_desire,481-3,agent_1,"{'High': 'Food', 'Medium': 'Water', 'Low': 'Firewood'}","{'high': 'Food', 'medium': 'Water', 'low': 'Firewood'}",1,"{""high"": ""Food"", ""medium"": ""Water"", ""low"": ""Firewood""}"
481-3_agent_2_desire,481-3,agent_2,"{'Medium': 'Food', 'High': 'Water', 'Low': 'Firewood'}","{'high': 'water', 'medium': 'food', 'low': 'firewood'}",1,"{""high"": ""water"", ""medium"": ""food"", ""low"": ""firewood""}"
481-4_agent_1_desire,481-4,agent_1,"{'High': 'Food', 'Medium': 'Water', 'Low': 'Firewood'}","{'high': 'Food', 'medium': 'Water', 'low': 'Firewood'}",1,"{""high"": ""Food"", ""medium"": ""Water"", ""low"": ""Firewood""}"
481-4_agent_2_desire,481-4,agent_2,"{'Medium': 'Food', 'High': 'Water', 'Low': 'Firewood'}","{'high': 'water', 'medium': 'food', 'low': 'firewood'}",1,"{""high"": ""water"", ""medium"": ""food"", ""low"": ""firewood""}"
481-5_agent_1_desire,481-5,agent_1,"{'High': 'Food', 'Medium': 'Water', 'Low': 'Firewood'}","{'high': 'Food', 'medium': 'Water', 'low': 'Firewood'}",1,"{""high"": ""Food"", ""medium"": ""Water"", ""low"": ""Firewood""}"
481-5_agent_2_desire,481-5,agent_2,"{'Medium': 'Food', 'High': 'Water', 'Low': 'Firewood'}","{'high': 'water', 'medium': 'food', 'low': 'firewood'}",1,"{""high"": ""water"", ""medium"": ""food"", ""low"": ""firewood""}"
481-6_agent_1_desire,481-6,agent_1,"{'High': 'Food', 'Medium': 'Water', 'Low': 'Firewood'}","{'high': 'Food', 'medium': 'Water', 'low': 'Firewood'}",1,"{""high"": ""Food"", ""medium"": ""Water"", ""low"": ""Firewood""}"
481-6_agent_2_desire,481-6,agent_2,"{'Medium': 'Food', 'High': 'Water', 'Low': 'Firewood'}","{'high': 'water', 'medium': 'food', 'low': 'firewood'}",1,"{""high"": ""water"", ""medium"": ""food"", ""low"": ""firewood""}"
482-0_agent_1_desire,482-0,agent_1,"{'High': 'Food', 'Medium': 'Water', 'Low': 'Firewood'}","{'high': 'Firewood', 'medium': 'Food', 'low': 'Water'}",0,"{""high"": ""Firewood"", ""medium"": ""Food"", ""low"": ""Water""}"
482-0_agent_2_desire,482-0,agent_2,"{'Medium': 'Food', 'High': 'Water', 'Low': 'Firewood'}","{'high': 'Firewood', 'medium': 'Food', 'low': 'Water'}",0,"{""high"": ""Firewood"", ""medium"": ""Food"", ""low"": ""Water""}"
482-1_agent_1_desire,482-1,agent_1,"{'High': 'Food', 'Medium': 'Water', 'Low': 'Firewood'}","{'high': 'Firewood', 'medium': 'Food', 'low': 'Water'}",0,"{""high"": ""Firewood"", ""medium"": ""Food"", ""low"": ""Water""}"
482-1_agent_2_desire,482-1,agent_2,"{'Medium': 'Food', 'High': 'Water', 'Low': 'Firewood'}","{'high': 'Water', 'medium': 'Food', 'low': 'Firewood'}",1,"{""high"": ""Water"", ""medium"": ""Food"", ""low"": ""Firewood""}"
482-2_agent_1_desire,482-2,agent_1,"{'High': 'Food', 'Medium': 'Water', 'Low': 'Firewood'}","{'high': 'food', 'medium': 'firewood', 'low': 'water'}",0,"{""high"": ""food"", ""medium"": ""firewood"", ""low"": ""water""}"
482-2_agent_2_desire,482-2,agent_2,"{'Medium': 'Food', 'High': 'Water', 'Low': 'Firewood'}","{'high': 'firewood', 'medium': 'food', 'low': 'water'}",0,"{""high"": ""firewood"", ""medium"": ""food"", ""low"": ""water""}"
482-3_agent_1_desire,482-3,agent_1,"{'High': 'Food', 'Medium': 'Water', 'Low': 'Firewood'}","{'high': 'food', 'medium': 'water', 'low': 'firewood'}",1,"{""high"": ""food"", ""medium"": ""water"", ""low"": ""firewood""}"
482-3_agent_2_desire,482-3,agent_2,"{'Medium': 'Food', 'High': 'Water', 'Low': 'Firewood'}","{'high': 'firewood', 'medium': 'water', 'low': 'food'}",0,"{""high"": ""firewood"", ""medium"": ""water"", ""low"": ""food""}"
482-4_agent_1_desire,482-4,agent_1,"{'High': 'Food', 'Medium': 'Water', 'Low': 'Firewood'}","{'high': 'food', 'medium': 'water', 'low': 'firewood'}",1,"{""high"": ""food"", ""medium"": ""water"", ""low"": ""firewood""}"
482-4_agent_2_desire,482-4,agent_2,"{'Medium': 'Food', 'High': 'Water', 'Low': 'Firewood'}","{'high': 'firewood', 'medium': 'water', 'low': 'food'}",0,"{""high"": ""firewood"", ""medium"": ""water"", ""low"": ""food""}"
482-5_agent_1_desire,482-5,agent_1,"{'High': 'Food', 'Medium': 'Water', 'Low': 'Firewood'}","{'high': 'food', 'medium': 'water', 'low': 'firewood'}",1,"{""high"": ""food"", ""medium"": ""water"", ""low"": ""firewood""}"
482-5_agent_2_desire,482-5,agent_2,"{'Medium': 'Food', 'High': 'Water', 'Low': 'Firewood'}","{'high': 'firewood', 'medium': 'water', 'low': 'food'}",0,"{""high"": ""firewood"", ""medium"": ""water"", ""low"": ""food""}"
483-0_agent_1_desire,483-0,agent_1,"{'High': 'Food', 'Low': 'Water', 'Medium': 'Firewood'}","{'high': 'food', 'medium': 'firewood', 'low': 'water'}",1,"{""high"": ""food"", ""medium"": ""firewood"", ""low"": ""water""}"
483-0_agent_2_desire,483-0,agent_2,"{'High': 'Food', 'Low': 'Water', 'Medium': 'Firewood'}","{'high': 'food', 'medium': 'water', 'low': 'firewood'}",0,"{""high"": ""food"", ""medium"": ""water"", ""low"": ""firewood""}"
483-1_agent_1_desire,483-1,agent_1,"{'High': 'Food', 'Low': 'Water', 'Medium': 'Firewood'}","{'high': 'Food', 'medium': 'Water', 'low': 'Firewood'}",0,"{""high"": ""Food"", ""medium"": ""Water"", ""low"": ""Firewood""}"
483-1_agent_2_desire,483-1,agent_2,"{'High': 'Food', 'Low': 'Water', 'Medium': 'Firewood'}","{'high': 'food', 'medium': 'water', 'low': 'firewood'}",0,"{""high"": ""food"", ""medium"": ""water"", ""low"": ""firewood""}"
483-2_agent_1_desire,483-2,agent_1,"{'High': 'Food', 'Low': 'Water', 'Medium': 'Firewood'}","{'high': 'Food', 'medium': 'Water', 'low': 'Firewood'}",0,"{""high"": ""Food"", ""medium"": ""Water"", ""low"": ""Firewood""}"
483-2_agent_2_desire,483-2,agent_2,"{'High': 'Food', 'Low': 'Water', 'Medium': 'Firewood'}","{'high': 'food', 'medium': 'water', 'low': 'firewood'}",0,"{""high"": ""food"", ""medium"": ""water"", ""low"": ""firewood""}"
483-3_agent_1_desire,483-3,agent_1,"{'High': 'Food', 'Low': 'Water', 'Medium': 'Firewood'}","{'high': 'Food', 'medium': 'Water', 'low': 'Firewood'}",0,"{""high"": ""Food"", ""medium"": ""Water"", ""low"": ""Firewood""}"
483-3_agent_2_desire,483-3,agent_2,"{'High': 'Food', 'Low': 'Water', 'Medium': 'Firewood'}","{'high': 'food', 'medium': 'water', 'low': 'firewood'}",0,"{""high"": ""food"", ""medium"": ""water"", ""low"": ""firewood""}"
483-4_agent_1_desire,483-4,agent_1,"{'High': 'Food', 'Low': 'Water', 'Medium': 'Firewood'}","{'high': 'Food', 'medium': 'Water', 'low': 'Firewood'}",0,"{""high"": ""Food"", ""medium"": ""Water"", ""low"": ""Firewood""}"
483-4_agent_2_desire,483-4,agent_2,"{'High': 'Food', 'Low': 'Water', 'Medium': 'Firewood'}","{'high': 'food', 'medium': 'water', 'low': 'firewood'}",0,"{""high"": ""food"", ""medium"": ""water"", ""low"": ""firewood""}"
483-5_agent_1_desire,483-5,agent_1,"{'High': 'Food', 'Low': 'Water', 'Medium': 'Firewood'}","{'high': 'Food', 'medium': 'Water', 'low': 'Firewood'}",0,"{""high"": ""Food"", ""medium"": ""Water"", ""low"": ""Firewood""}"
483-5_agent_2_desire,483-5,agent_2,"{'High': 'Food', 'Low': 'Water', 'Medium': 'Firewood'}","{'high': 'food', 'medium': 'water', 'low': 'firewood'}",0,"{""high"": ""food"", ""medium"": ""water"", ""low"": ""firewood""}"
484-0_agent_1_desire,484-0,agent_1,"{'High': 'Food', 'Low': 'Water', 'Medium': 'Firewood'}","{'high': 'Water', 'medium': 'Food', 'low': 'Firewood'}",0,"{""high"": ""Water"", ""medium"": ""Food"", ""low"": ""Firewood""}"
484-0_agent_2_desire,484-0,agent_2,"{'High': 'Food', 'Low': 'Water', 'Medium': 'Firewood'}","{'high': 'Water', 'medium': 'Food', 'low': 'Firewood'}",0,"{""high"": ""Water"", ""medium"": ""Food"", ""low"": ""Firewood""}"
484-1_agent_1_desire,484-1,agent_1,"{'High': 'Food', 'Low': 'Water', 'Medium': 'Firewood'}","{'high': 'Food', 'medium': 'Water', 'low': 'Firewood'}",0,"{""high"": ""Food"", ""medium"": ""Water"", ""low"": ""Firewood""}"
484-1_agent_2_desire,484-1,agent_2,"{'High': 'Food', 'Low': 'Water', 'Medium': 'Firewood'}","{'high': 'Food', 'medium': 'Water', 'low': 'Firewood'}",0,"{""high"": ""Food"", ""medium"": ""Water"", ""low"": ""Firewood""}"
484-2_agent_1_desire,484-2,agent_1,"{'High': 'Food', 'Low': 'Water', 'Medium': 'Firewood'}","{'high': 'Food', 'medium': 'Firewood', 'low': 'Water'}",1,"{""high"": ""Food"", ""medium"": ""Firewood"", ""low"": ""Water""}"
484-2_agent_2_desire,484-2,agent_2,"{'High': 'Food', 'Low': 'Water', 'Medium': 'Firewood'}","{'high': 'Food', 'medium': 'Firewood', 'low': 'Water'}",1,"{""high"": ""Food"", ""medium"": ""Firewood"", ""low"": ""Water""}"
484-3_agent_1_desire,484-3,agent_1,"{'High': 'Food', 'Low': 'Water', 'Medium': 'Firewood'}","{'high': 'Food', 'medium': 'Firewood', 'low': 'Water'}",1,"{""high"": ""Food"", ""medium"": ""Firewood"", ""low"": ""Water""}"
484-3_agent_2_desire,484-3,agent_2,"{'High': 'Food', 'Low': 'Water', 'Medium': 'Firewood'}","{'high': 'Food', 'medium': 'Firewood', 'low': 'Water'}",1,"{""high"": ""Food"", ""medium"": ""Firewood"", ""low"": ""Water""}"
484-4_agent_1_desire,484-4,agent_1,"{'High': 'Food', 'Low': 'Water', 'Medium': 'Firewood'}","{'high': 'Food', 'medium': 'Firewood', 'low': 'Water'}",1,"{""high"": ""Food"", ""medium"": ""Firewood"", ""low"": ""Water""}"
484-4_agent_2_desire,484-4,agent_2,"{'High': 'Food', 'Low': 'Water', 'Medium': 'Firewood'}","{'high': 'Food', 'medium': 'Firewood', 'low': 'Water'}",1,"{""high"": ""Food"", ""medium"": ""Firewood"", ""low"": ""Water""}"
485-0_agent_1_desire,485-0,agent_1,"{'Medium': 'Food', 'Low': 'Water', 'High': 'Firewood'}","{'high': 'Firewood', 'medium': 'Food', 'low': 'Water'}",1,"{""high"": ""Firewood"", ""medium"": ""Food"", ""low"": ""Water""}"
485-0_agent_2_desire,485-0,agent_2,"{'Low': 'Food', 'Medium': 'Water', 'High': 'Firewood'}","{'high': 'firewood', 'medium': 'food', 'low': 'water'}",0,"{""high"": ""firewood"", ""medium"": ""food"", ""low"": ""water""}"
485-1_agent_1_desire,485-1,agent_1,"{'Medium': 'Food', 'Low': 'Water', 'High': 'Firewood'}","{'high': 'Firewood', 'medium': 'Food', 'low': 'Water'}",1,"{""high"": ""Firewood"", ""medium"": ""Food"", ""low"": ""Water""}"
485-1_agent_2_desire,485-1,agent_2,"{'Low': 'Food', 'Medium': 'Water', 'High': 'Firewood'}","{'high': 'firewood', 'medium': 'water', 'low': 'food'}",1,"{""high"": ""firewood"", ""medium"": ""water"", ""low"": ""food""}"
485-2_agent_1_desire,485-2,agent_1,"{'Medium': 'Food', 'Low': 'Water', 'High': 'Firewood'}","{'high': 'firewood', 'medium': 'food', 'low': 'water'}",1,"{""high"": ""firewood"", ""medium"": ""food"", ""low"": ""water""}"
485-2_agent_2_desire,485-2,agent_2,"{'Low': 'Food', 'Medium': 'Water', 'High': 'Firewood'}","{'high': 'firewood', 'medium': 'water', 'low': 'food'}",1,"{""high"": ""firewood"", ""medium"": ""water"", ""low"": ""food""}"
485-3_agent_1_desire,485-3,agent_1,"{'Medium': 'Food', 'Low': 'Water', 'High': 'Firewood'}","{'high': 'firewood', 'medium': 'food', 'low': 'water'}",1,"{""high"": ""firewood"", ""medium"": ""food"", ""low"": ""water""}"
485-3_agent_2_desire,485-3,agent_2,"{'Low': 'Food', 'Medium': 'Water', 'High': 'Firewood'}","{'high': 'firewood', 'medium': 'water', 'low': 'food'}",1,"{""high"": ""firewood"", ""medium"": ""water"", ""low"": ""food""}"
485-4_agent_1_desire,485-4,agent_1,"{'Medium': 'Food', 'Low': 'Water', 'High': 'Firewood'}","{'high': 'Firewood', 'medium': 'Food', 'low': 'Water'}",1,"{""high"": ""Firewood"", ""medium"": ""Food"", ""low"": ""Water""}"
485-4_agent_2_desire,485-4,agent_2,"{'Low': 'Food', 'Medium': 'Water', 'High': 'Firewood'}","{'high': 'firewood', 'medium': 'water', 'low': 'food'}",1,"{""high"": ""firewood"", ""medium"": ""water"", ""low"": ""food""}"
486-0_agent_1_desire,486-0,agent_1,"{'Low': 'Food', 'Medium': 'Water', 'High': 'Firewood'}","{'high': 'Food', 'medium': 'Water', 'low': 'Firewood'}",0,"{""high"": ""Food"", ""medium"": ""Water"", ""low"": ""Firewood""}"
486-0_agent_2_desire,486-0,agent_2,"{'Medium': 'Food', 'High': 'Water', 'Low': 'Firewood'}","{'high': 'Water', 'medium': 'Food', 'low': 'Firewood'}",1,"{""high"": ""Water"", ""medium"": ""Food"", ""low"": ""Firewood""}"
486-1_agent_1_desire,486-1,agent_1,"{'Low': 'Food', 'Medium': 'Water', 'High': 'Firewood'}","{'high': 'Water', 'medium': 'Food', 'low': 'Firewood'}",0,"{""high"": ""Water"", ""medium"": ""Food"", ""low"": ""Firewood""}"
486-1_agent_2_desire,486-1,agent_2,"{'Medium': 'Food', 'High': 'Water', 'Low': 'Firewood'}","{'high': 'Water', 'medium': 'Food', 'low': 'Firewood'}",1,"{""high"": ""Water"", ""medium"": ""Food"", ""low"": ""Firewood""}"
486-2_agent_1_desire,486-2,agent_1,"{'Low': 'Food', 'Medium': 'Water', 'High': 'Firewood'}","{'high': 'Firewood', 'medium': 'Food', 'low': 'Water'}",0,"{""high"": ""Firewood"", ""medium"": ""Food"", ""low"": ""Water""}"
486-2_agent_2_desire,486-2,agent_2,"{'Medium': 'Food', 'High': 'Water', 'Low': 'Firewood'}","{'high': 'Firewood', 'medium': 'Water', 'low': 'Food'}",0,"{""high"": ""Firewood"", ""medium"": ""Water"", ""low"": ""Food""}"
486-3_agent_1_desire,486-3,agent_1,"{'Low': 'Food', 'Medium': 'Water', 'High': 'Firewood'}","{'high': 'firewood', 'medium': 'water', 'low': 'food'}",1,"{""high"": ""firewood"", ""medium"": ""water"", ""low"": ""food""}"
486-3_agent_2_desire,486-3,agent_2,"{'Medium': 'Food', 'High': 'Water', 'Low': 'Firewood'}","{'high': 'water', 'medium': 'food', 'low': 'firewood'}",1,"{""high"": ""water"", ""medium"": ""food"", ""low"": ""firewood""}"
486-4_agent_1_desire,486-4,agent_1,"{'Low': 'Food', 'Medium': 'Water', 'High': 'Firewood'}","{'high': 'firewood', 'medium': 'water', 'low': 'food'}",1,"{""high"": ""firewood"", ""medium"": ""water"", ""low"": ""food""}"
486-4_agent_2_desire,486-4,agent_2,"{'Medium': 'Food', 'High': 'Water', 'Low': 'Firewood'}","{'high': 'water', 'medium': 'food', 'low': 'firewood'}",1,"{""high"": ""water"", ""medium"": ""food"", ""low"": ""firewood""}"
487-0_agent_1_desire,487-0,agent_1,"{'High': 'Food', 'Medium': 'Water', 'Low': 'Firewood'}","{'high': 'Water', 'medium': 'Food', 'low': 'Firewood'}",0,"{""high"": ""Water"", ""medium"": ""Food"", ""low"": ""Firewood""}"
487-0_agent_2_desire,487-0,agent_2,"{'Low': 'Food', 'High': 'Water', 'Medium': 'Firewood'}","{'high': 'Water', 'medium': 'Food', 'low': 'Firewood'}",0,"{""high"": ""Water"", ""medium"": ""Food"", ""low"": ""Firewood""}"
487-1_agent_1_desire,487-1,agent_1,"{'High': 'Food', 'Medium': 'Water', 'Low': 'Firewood'}","{'high': 'Food', 'medium': 'Water', 'low': 'Firewood'}",1,"{""high"": ""Food"", ""medium"": ""Water"", ""low"": ""Firewood""}"
487-1_agent_2_desire,487-1,agent_2,"{'Low': 'Food', 'High': 'Water', 'Medium': 'Firewood'}","{'high': 'Food', 'medium': 'Water', 'low': 'Firewood'}",0,"{""high"": ""Food"", ""medium"": ""Water"", ""low"": ""Firewood""}"
487-2_agent_1_desire,487-2,agent_1,"{'High': 'Food', 'Medium': 'Water', 'Low': 'Firewood'}","{'high': 'Food', 'medium': 'Water', 'low': 'Firewood'}",1,"{""high"": ""Food"", ""medium"": ""Water"", ""low"": ""Firewood""}"
487-2_agent_2_desire,487-2,agent_2,"{'Low': 'Food', 'High': 'Water', 'Medium': 'Firewood'}","{'high': 'Food', 'medium': 'Water', 'low': 'Firewood'}",0,"{""high"": ""Food"", ""medium"": ""Water"", ""low"": ""Firewood""}"
487-3_agent_1_desire,487-3,agent_1,"{'High': 'Food', 'Medium': 'Water', 'Low': 'Firewood'}","{'high': 'Food', 'medium': 'Water', 'low': 'Firewood'}",1,"{""high"": ""Food"", ""medium"": ""Water"", ""low"": ""Firewood""}"
487-3_agent_2_desire,487-3,agent_2,"{'Low': 'Food', 'High': 'Water', 'Medium': 'Firewood'}","{'high': 'Food', 'medium': 'Water', 'low': 'Firewood'}",0,"{""high"": ""Food"", ""medium"": ""Water"", ""low"": ""Firewood""}"
487-4_agent_1_desire,487-4,agent_1,"{'High': 'Food', 'Medium': 'Water', 'Low': 'Firewood'}","{'high': 'Food', 'medium': 'Water', 'low': 'Firewood'}",1,"{""high"": ""Food"", ""medium"": ""Water"", ""low"": ""Firewood""}"
487-4_agent_2_desire,487-4,agent_2,"{'Low': 'Food', 'High': 'Water', 'Medium': 'Firewood'}","{'high': 'Food', 'medium': 'Water', 'low': 'Firewood'}",0,"{""high"": ""Food"", ""medium"": ""Water"", ""low"": ""Firewood""}"
488-0_agent_1_desire,488-0,agent_1,"{'Medium': 'Food', 'High': 'Water', 'Low': 'Firewood'}","{'high': 'Food', 'medium': 'Water', 'low': 'Firewood'}",0,"{""high"": ""Food"", ""medium"": ""Water"", ""low"": ""Firewood""}"
488-0_agent_2_desire,488-0,agent_2,"{'Medium': 'Food', 'High': 'Water', 'Low': 'Firewood'}","{'high': 'Water', 'medium': 'Food', 'low': 'Firewood'}",1,"{""high"": ""Water"", ""medium"": ""Food"", ""low"": ""Firewood""}"
488-1_agent_1_desire,488-1,agent_1,"{'Medium': 'Food', 'High': 'Water', 'Low': 'Firewood'}","{'high': 'Water', 'medium': 'Food', 'low': 'Firewood'}",1,"{""high"": ""Water"", ""medium"": ""Food"", ""low"": ""Firewood""}"
488-1_agent_2_desire,488-1,agent_2,"{'Medium': 'Food', 'High': 'Water', 'Low': 'Firewood'}","{'high': 'Water', 'medium': 'Food', 'low': 'Firewood'}",1,"{""high"": ""Water"", ""medium"": ""Food"", ""low"": ""Firewood""}"
488-2_agent_1_desire,488-2,agent_1,"{'Medium': 'Food', 'High': 'Water', 'Low': 'Firewood'}","{'high': 'water', 'medium': 'food', 'low': 'firewood'}",1,"{""high"": ""water"", ""medium"": ""food"", ""low"": ""firewood""}"
488-2_agent_2_desire,488-2,agent_2,"{'Medium': 'Food', 'High': 'Water', 'Low': 'Firewood'}","{'high': 'water', 'medium': 'food', 'low': 'firewood'}",1,"{""high"": ""water"", ""medium"": ""food"", ""low"": ""firewood""}"
488-3_agent_1_desire,488-3,agent_1,"{'Medium': 'Food', 'High': 'Water', 'Low': 'Firewood'}","{'high': 'water', 'medium': 'food', 'low': 'firewood'}",1,"{""high"": ""water"", ""medium"": ""food"", ""low"": ""firewood""}"
488-3_agent_2_desire,488-3,agent_2,"{'Medium': 'Food', 'High': 'Water', 'Low': 'Firewood'}","{'high': 'water', 'medium': 'food', 'low': 'firewood'}",1,"{""high"": ""water"", ""medium"": ""food"", ""low"": ""firewood""}"
488-4_agent_1_desire,488-4,agent_1,"{'Medium': 'Food', 'High': 'Water', 'Low': 'Firewood'}","{'high': 'water', 'medium': 'food', 'low': 'firewood'}",1,"{""high"": ""water"", ""medium"": ""food"", ""low"": ""firewood""}"
488-4_agent_2_desire,488-4,agent_2,"{'Medium': 'Food', 'High': 'Water', 'Low': 'Firewood'}","{'high': 'water', 'medium': 'food', 'low': 'firewood'}",1,"{""high"": ""water"", ""medium"": ""food"", ""low"": ""firewood""}"
488-5_agent_1_desire,488-5,agent_1,"{'Medium': 'Food', 'High': 'Water', 'Low': 'Firewood'}","{'high': 'water', 'medium': 'food', 'low': 'firewood'}",1,"{""high"": ""water"", ""medium"": ""food"", ""low"": ""firewood""}"
488-5_agent_2_desire,488-5,agent_2,"{'Medium': 'Food', 'High': 'Water', 'Low': 'Firewood'}","{'high': 'water', 'medium': 'food', 'low': 'firewood'}",1,"{""high"": ""water"", ""medium"": ""food"", ""low"": ""firewood""}"
489-0_agent_1_desire,489-0,agent_1,"{'High': 'Food', 'Medium': 'Water', 'Low': 'Firewood'}","{'high': 'Food', 'medium': 'Water', 'low': 'Firewood'}",1,"{""high"": ""Food"", ""medium"": ""Water"", ""low"": ""Firewood""}"
489-0_agent_2_desire,489-0,agent_2,"{'Medium': 'Food', 'Low': 'Water', 'High': 'Firewood'}","{'high': 'Water', 'medium': 'Food', 'low': 'Firewood'}",0,"{""high"": ""Water"", ""medium"": ""Food"", ""low"": ""Firewood""}"
489-1_agent_1_desire,489-1,agent_1,"{'High': 'Food', 'Medium': 'Water', 'Low': 'Firewood'}","{'high': 'Water', 'medium': 'Food', 'low': 'Firewood'}",0,"{""high"": ""Water"", ""medium"": ""Food"", ""low"": ""Firewood""}"
489-1_agent_2_desire,489-1,agent_2,"{'Medium': 'Food', 'Low': 'Water', 'High': 'Firewood'}","{'high': 'Firewood', 'medium': 'Water', 'low': 'Food'}",0,"{""high"": ""Firewood"", ""medium"": ""Water"", ""low"": ""Food""}"
489-2_agent_1_desire,489-2,agent_1,"{'High': 'Food', 'Medium': 'Water', 'Low': 'Firewood'}","{'high': 'Food', 'medium': 'Water', 'low': 'Firewood'}",1,"{""high"": ""Food"", ""medium"": ""Water"", ""low"": ""Firewood""}"
489-2_agent_2_desire,489-2,agent_2,"{'Medium': 'Food', 'Low': 'Water', 'High': 'Firewood'}","{'high': 'Food', 'medium': 'Firewood', 'low': 'Water'}",0,"{""high"": ""Food"", ""medium"": ""Firewood"", ""low"": ""Water""}"
489-3_agent_1_desire,489-3,agent_1,"{'High': 'Food', 'Medium': 'Water', 'Low': 'Firewood'}","{'high': 'food', 'medium': 'water', 'low': 'firewood'}",1,"{""high"": ""food"", ""medium"": ""water"", ""low"": ""firewood""}"
489-3_agent_2_desire,489-3,agent_2,"{'Medium': 'Food', 'Low': 'Water', 'High': 'Firewood'}","{'high': 'firewood', 'medium': 'water', 'low': 'food'}",0,"{""high"": ""firewood"", ""medium"": ""water"", ""low"": ""food""}"
489-4_agent_1_desire,489-4,agent_1,"{'High': 'Food', 'Medium': 'Water', 'Low': 'Firewood'}","{'high': 'Food', 'medium': 'Water', 'low': 'Firewood'}",1,"{""high"": ""Food"", ""medium"": ""Water"", ""low"": ""Firewood""}"
489-4_agent_2_desire,489-4,agent_2,"{'Medium': 'Food', 'Low': 'Water', 'High': 'Firewood'}","{'high': 'firewood', 'medium': 'water', 'low': 'food'}",0,"{""high"": ""firewood"", ""medium"": ""water"", ""low"": ""food""}"
489-5_agent_1_desire,489-5,agent_1,"{'High': 'Food', 'Medium': 'Water', 'Low': 'Firewood'}","{'high': 'Food', 'medium': 'Water', 'low': 'Firewood'}",1,"{""high"": ""Food"", ""medium"": ""Water"", ""low"": ""Firewood""}"
489-5_agent_2_desire,489-5,agent_2,"{'Medium': 'Food', 'Low': 'Water', 'High': 'Firewood'}","{'high': 'Firewood', 'medium': 'Water', 'low': 'Food'}",0,"{""high"": ""Firewood"", ""medium"": ""Water"", ""low"": ""Food""}"
490-0_agent_1_desire,490-0,agent_1,"{'Low': 'Food', 'High': 'Water', 'Medium': 'Firewood'}","{'high': 'Water', 'medium': 'Food', 'low': 'Firewood'}",0,"{""high"": ""Water"", ""medium"": ""Food"", ""low"": ""Firewood""}"
490-0_agent_2_desire,490-0,agent_2,"{'Medium': 'Food', 'High': 'Water', 'Low': 'Firewood'}","{'high': 'Water', 'medium': 'Food', 'low': 'Firewood'}",1,"{""high"": ""Water"", ""medium"": ""Food"", ""low"": ""Firewood""}"
490-1_agent_1_desire,490-1,agent_1,"{'Low': 'Food', 'High': 'Water', 'Medium': 'Firewood'}","{'high': 'Water', 'medium': 'Firewood', 'low': 'Food'}",1,"{""high"": ""Water"", ""medium"": ""Firewood"", ""low"": ""Food""}"
490-1_agent_2_desire,490-1,agent_2,"{'Medium': 'Food', 'High': 'Water', 'Low': 'Firewood'}","{'high': 'Water', 'medium': 'Firewood', 'low': 'Food'}",0,"{""high"": ""Water"", ""medium"": ""Firewood"", ""low"": ""Food""}"
490-2_agent_1_desire,490-2,agent_1,"{'Low': 'Food', 'High': 'Water', 'Medium': 'Firewood'}","{'high': 'water', 'medium': 'food', 'low': 'firewood'}",0,"{""high"": ""water"", ""medium"": ""food"", ""low"": ""firewood""}"
490-2_agent_2_desire,490-2,agent_2,"{'Medium': 'Food', 'High': 'Water', 'Low': 'Firewood'}","{'high': 'water', 'medium': 'firewood', 'low': 'food'}",0,"{""high"": ""water"", ""medium"": ""firewood"", ""low"": ""food""}"
490-3_agent_1_desire,490-3,agent_1,"{'Low': 'Food', 'High': 'Water', 'Medium': 'Firewood'}","{'high': 'food', 'medium': 'water', 'low': 'firewood'}",0,"{""high"": ""food"", ""medium"": ""water"", ""low"": ""firewood""}"
490-3_agent_2_desire,490-3,agent_2,"{'Medium': 'Food', 'High': 'Water', 'Low': 'Firewood'}","{'high': 'water', 'medium': 'food', 'low': 'firewood'}",1,"{""high"": ""water"", ""medium"": ""food"", ""low"": ""firewood""}"
490-4_agent_1_desire,490-4,agent_1,"{'Low': 'Food', 'High': 'Water', 'Medium': 'Firewood'}","{'high': 'Water', 'medium': 'Food', 'low': 'Firewood'}",0,"{""high"": ""Water"", ""medium"": ""Food"", ""low"": ""Firewood""}"
490-4_agent_2_desire,490-4,agent_2,"{'Medium': 'Food', 'High': 'Water', 'Low': 'Firewood'}","{'high': 'Water', 'medium': 'Food', 'low': 'Firewood'}",1,"{""high"": ""Water"", ""medium"": ""Food"", ""low"": ""Firewood""}"
490-5_agent_1_desire,490-5,agent_1,"{'Low': 'Food', 'High': 'Water', 'Medium': 'Firewood'}","{'high': 'Water', 'medium': 'Food', 'low': 'Firewood'}",0,"{""high"": ""Water"", ""medium"": ""Food"", ""low"": ""Firewood""}"
490-5_agent_2_desire,490-5,agent_2,"{'Medium': 'Food', 'High': 'Water', 'Low': 'Firewood'}","{'high': 'water', 'medium': 'food', 'low': 'firewood'}",1,"{""high"": ""water"", ""medium"": ""food"", ""low"": ""firewood""}"
491-0_agent_1_desire,491-0,agent_1,"{'Low': 'Food', 'High': 'Water', 'Medium': 'Firewood'}","{'high': 'water', 'medium': 'firewood', 'low': 'food'}",1,"{""high"": ""water"", ""medium"": ""firewood"", ""low"": ""food""}"
491-0_agent_2_desire,491-0,agent_2,"{'Low': 'Food', 'High': 'Water', 'Medium': 'Firewood'}","{'high': 'water', 'medium': 'firewood', 'low': 'food'}",1,"{""high"": ""water"", ""medium"": ""firewood"", ""low"": ""food""}"
491-1_agent_1_desire,491-1,agent_1,"{'Low': 'Food', 'High': 'Water', 'Medium': 'Firewood'}","{'high': 'Water', 'medium': 'Firewood', 'low': 'Food'}",1,"{""high"": ""Water"", ""medium"": ""Firewood"", ""low"": ""Food""}"
491-1_agent_2_desire,491-1,agent_2,"{'Low': 'Food', 'High': 'Water', 'Medium': 'Firewood'}","{'high': 'firewood', 'medium': 'water', 'low': 'food'}",0,"{""high"": ""firewood"", ""medium"": ""water"", ""low"": ""food""}"
491-2_agent_1_desire,491-2,agent_1,"{'Low': 'Food', 'High': 'Water', 'Medium': 'Firewood'}","{'high': 'water', 'medium': 'food', 'low': 'firewood'}",0,"{""high"": ""water"", ""medium"": ""food"", ""low"": ""firewood""}"
491-2_agent_2_desire,491-2,agent_2,"{'Low': 'Food', 'High': 'Water', 'Medium': 'Firewood'}","{'high': 'firewood', 'medium': 'food', 'low': 'water'}",0,"{""high"": ""firewood"", ""medium"": ""food"", ""low"": ""water""}"
491-3_agent_1_desire,491-3,agent_1,"{'Low': 'Food', 'High': 'Water', 'Medium': 'Firewood'}","{'high': 'water', 'medium': 'food', 'low': 'firewood'}",0,"{""high"": ""water"", ""medium"": ""food"", ""low"": ""firewood""}"
491-3_agent_2_desire,491-3,agent_2,"{'Low': 'Food', 'High': 'Water', 'Medium': 'Firewood'}","{'high': 'firewood', 'medium': 'food', 'low': 'water'}",0,"{""high"": ""firewood"", ""medium"": ""food"", ""low"": ""water""}"
491-4_agent_1_desire,491-4,agent_1,"{'Low': 'Food', 'High': 'Water', 'Medium': 'Firewood'}","{'high': 'water', 'medium': 'food', 'low': 'firewood'}",0,"{""high"": ""water"", ""medium"": ""food"", ""low"": ""firewood""}"
491-4_agent_2_desire,491-4,agent_2,"{'Low': 'Food', 'High': 'Water', 'Medium': 'Firewood'}","{'high': 'firewood', 'medium': 'food', 'low': 'water'}",0,"{""high"": ""firewood"", ""medium"": ""food"", ""low"": ""water""}"
491-5_agent_1_desire,491-5,agent_1,"{'Low': 'Food', 'High': 'Water', 'Medium': 'Firewood'}","{'high': 'Water', 'medium': 'Food', 'low': 'Firewood'}",0,"{""high"": ""Water"", ""medium"": ""Food"", ""low"": ""Firewood""}"
491-5_agent_2_desire,491-5,agent_2,"{'Low': 'Food', 'High': 'Water', 'Medium': 'Firewood'}","{'high': 'firewood', 'medium': 'food', 'low': 'water'}",0,"{""high"": ""firewood"", ""medium"": ""food"", ""low"": ""water""}"
492-0_agent_1_desire,492-0,agent_1,"{'Low': 'Food', 'Medium': 'Water', 'High': 'Firewood'}","{'high': 'water', 'medium': 'firewood', 'low': 'food'}",0,"{""high"": ""water"", ""medium"": ""firewood"", ""low"": ""food""}"
492-0_agent_2_desire,492-0,agent_2,"{'Low': 'Food', 'Medium': 'Water', 'High': 'Firewood'}","{'high': 'water', 'medium': 'firewood', 'low': 'food'}",0,"{""high"": ""water"", ""medium"": ""firewood"", ""low"": ""food""}"
492-1_agent_1_desire,492-1,agent_1,"{'Low': 'Food', 'Medium': 'Water', 'High': 'Firewood'}","{'high': 'Water', 'medium': 'Firewood', 'low': 'Food'}",0,"{""high"": ""Water"", ""medium"": ""Firewood"", ""low"": ""Food""}"
492-1_agent_2_desire,492-1,agent_2,"{'Low': 'Food', 'Medium': 'Water', 'High': 'Firewood'}","{'high': 'Water', 'medium': 'Firewood', 'low': 'Food'}",0,"{""high"": ""Water"", ""medium"": ""Firewood"", ""low"": ""Food""}"
492-2_agent_1_desire,492-2,agent_1,"{'Low': 'Food', 'Medium': 'Water', 'High': 'Firewood'}","{'high': 'firewood', 'medium': 'water', 'low': 'food'}",1,"{""high"": ""firewood"", ""medium"": ""water"", ""low"": ""food""}"
492-2_agent_2_desire,492-2,agent_2,"{'Low': 'Food', 'Medium': 'Water', 'High': 'Firewood'}","{'high': 'Firewood', 'medium': 'Water', 'low': 'Food'}",1,"{""high"": ""Firewood"", ""medium"": ""Water"", ""low"": ""Food""}"
492-3_agent_1_desire,492-3,agent_1,"{'Low': 'Food', 'Medium': 'Water', 'High': 'Firewood'}","{'high': 'firewood', 'medium': 'water', 'low': 'food'}",1,"{""high"": ""firewood"", ""medium"": ""water"", ""low"": ""food""}"
492-3_agent_2_desire,492-3,agent_2,"{'Low': 'Food', 'Medium': 'Water', 'High': 'Firewood'}","{'high': 'Firewood', 'medium': 'Water', 'low': 'Food'}",1,"{""high"": ""Firewood"", ""medium"": ""Water"", ""low"": ""Food""}"
492-4_agent_1_desire,492-4,agent_1,"{'Low': 'Food', 'Medium': 'Water', 'High': 'Firewood'}","{'high': 'food', 'medium': 'water', 'low': 'firewood'}",0,"{""high"": ""food"", ""medium"": ""water"", ""low"": ""firewood""}"
492-4_agent_2_desire,492-4,agent_2,"{'Low': 'Food', 'Medium': 'Water', 'High': 'Firewood'}","{'high': 'Firewood', 'medium': 'Water', 'low': 'Food'}",1,"{""high"": ""Firewood"", ""medium"": ""Water"", ""low"": ""Food""}"
492-5_agent_1_desire,492-5,agent_1,"{'Low': 'Food', 'Medium': 'Water', 'High': 'Firewood'}","{'high': 'water', 'medium': 'food', 'low': 'firewood'}",0,"{""high"": ""water"", ""medium"": ""food"", ""low"": ""firewood""}"
492-5_agent_2_desire,492-5,agent_2,"{'Low': 'Food', 'Medium': 'Water', 'High': 'Firewood'}","{'high': 'water', 'medium': 'firewood', 'low': 'food'}",0,"{""high"": ""water"", ""medium"": ""firewood"", ""low"": ""food""}"
492-6_agent_1_desire,492-6,agent_1,"{'Low': 'Food', 'Medium': 'Water', 'High': 'Firewood'}","{'high': 'firewood', 'medium': 'water', 'low': 'food'}",1,"{""high"": ""firewood"", ""medium"": ""water"", ""low"": ""food""}"
492-6_agent_2_desire,492-6,agent_2,"{'Low': 'Food', 'Medium': 'Water', 'High': 'Firewood'}","{'high': 'Firewood', 'medium': 'Water', 'low': 'Food'}",1,"{""high"": ""Firewood"", ""medium"": ""Water"", ""low"": ""Food""}"
492-7_agent_1_desire,492-7,agent_1,"{'Low': 'Food', 'Medium': 'Water', 'High': 'Firewood'}","{'high': 'firewood', 'medium': 'water', 'low': 'food'}",1,"{""high"": ""firewood"", ""medium"": ""water"", ""low"": ""food""}"
492-7_agent_2_desire,492-7,agent_2,"{'Low': 'Food', 'Medium': 'Water', 'High': 'Firewood'}","{'high': 'firewood', 'medium': 'water', 'low': 'food'}",1,"{""high"": ""firewood"", ""medium"": ""water"", ""low"": ""food""}"
493-0_agent_1_desire,493-0,agent_1,"{'Medium': 'Food', 'Low': 'Water', 'High': 'Firewood'}","{'high': 'Water', 'medium': 'Food', 'low': 'Firewood'}",0,"{""high"": ""Water"", ""medium"": ""Food"", ""low"": ""Firewood""}"
493-0_agent_2_desire,493-0,agent_2,"{'High': 'Food', 'Low': 'Water', 'Medium': 'Firewood'}","{'high': 'Water', 'medium': 'Food', 'low': 'Firewood'}",0,"{""high"": ""Water"", ""medium"": ""Food"", ""low"": ""Firewood""}"
493-1_agent_1_desire,493-1,agent_1,"{'Medium': 'Food', 'Low': 'Water', 'High': 'Firewood'}","{'high': 'Water', 'medium': 'Food', 'low': 'Firewood'}",0,"{""high"": ""Water"", ""medium"": ""Food"", ""low"": ""Firewood""}"
493-1_agent_2_desire,493-1,agent_2,"{'High': 'Food', 'Low': 'Water', 'Medium': 'Firewood'}","{'high': 'Water', 'medium': 'Food', 'low': 'Firewood'}",0,"{""high"": ""Water"", ""medium"": ""Food"", ""low"": ""Firewood""}"
493-2_agent_1_desire,493-2,agent_1,"{'Medium': 'Food', 'Low': 'Water', 'High': 'Firewood'}","{'high': 'Water', 'medium': 'Firewood', 'low': 'Food'}",0,"{""high"": ""Water"", ""medium"": ""Firewood"", ""low"": ""Food""}"
493-2_agent_2_desire,493-2,agent_2,"{'High': 'Food', 'Low': 'Water', 'Medium': 'Firewood'}","{'high': 'Water', 'medium': 'Firewood', 'low': 'Food'}",0,"{""high"": ""Water"", ""medium"": ""Firewood"", ""low"": ""Food""}"
493-3_agent_1_desire,493-3,agent_1,"{'Medium': 'Food', 'Low': 'Water', 'High': 'Firewood'}","{'high': 'firewood', 'medium': 'food', 'low': 'water'}",1,"{""high"": ""firewood"", ""medium"": ""food"", ""low"": ""water""}"
493-3_agent_2_desire,493-3,agent_2,"{'High': 'Food', 'Low': 'Water', 'Medium': 'Firewood'}","{'high': 'firewood', 'medium': 'food', 'low': 'water'}",0,"{""high"": ""firewood"", ""medium"": ""food"", ""low"": ""water""}"
493-4_agent_1_desire,493-4,agent_1,"{'Medium': 'Food', 'Low': 'Water', 'High': 'Firewood'}","{'high': 'firewood', 'medium': 'food', 'low': 'water'}",1,"{""high"": ""firewood"", ""medium"": ""food"", ""low"": ""water""}"
493-4_agent_2_desire,493-4,agent_2,"{'High': 'Food', 'Low': 'Water', 'Medium': 'Firewood'}","{'high': 'firewood', 'medium': 'food', 'low': 'water'}",0,"{""high"": ""firewood"", ""medium"": ""food"", ""low"": ""water""}"
494-0_agent_1_desire,494-0,agent_1,"{'High': 'Food', 'Medium': 'Water', 'Low': 'Firewood'}","{'high': 'Water', 'medium': 'Food', 'low': 'Firewood'}",0,"{""high"": ""Water"", ""medium"": ""Food"", ""low"": ""Firewood""}"
494-0_agent_2_desire,494-0,agent_2,"{'High': 'Food', 'Low': 'Water', 'Medium': 'Firewood'}","{'high': 'Water', 'medium': 'Food', 'low': 'Firewood'}",0,"{""high"": ""Water"", ""medium"": ""Food"", ""low"": ""Firewood""}"
494-1_agent_1_desire,494-1,agent_1,"{'High': 'Food', 'Medium': 'Water', 'Low': 'Firewood'}","{'high': 'Food', 'medium': 'Water', 'low': 'Firewood'}",1,"{""high"": ""Food"", ""medium"": ""Water"", ""low"": ""Firewood""}"
494-1_agent_2_desire,494-1,agent_2,"{'High': 'Food', 'Low': 'Water', 'Medium': 'Firewood'}","{'high': 'Food', 'medium': 'Water', 'low': 'Firewood'}",0,"{""high"": ""Food"", ""medium"": ""Water"", ""low"": ""Firewood""}"
494-2_agent_1_desire,494-2,agent_1,"{'High': 'Food', 'Medium': 'Water', 'Low': 'Firewood'}","{'high': 'Food', 'medium': 'Firewood', 'low': 'Water'}",0,"{""high"": ""Food"", ""medium"": ""Firewood"", ""low"": ""Water""}"
494-2_agent_2_desire,494-2,agent_2,"{'High': 'Food', 'Low': 'Water', 'Medium': 'Firewood'}","{'high': 'Food', 'medium': 'Firewood', 'low': 'Water'}",1,"{""high"": ""Food"", ""medium"": ""Firewood"", ""low"": ""Water""}"
494-3_agent_1_desire,494-3,agent_1,"{'High': 'Food', 'Medium': 'Water', 'Low': 'Firewood'}","{'high': 'Food', 'medium': 'Water', 'low': 'Firewood'}",1,"{""high"": ""Food"", ""medium"": ""Water"", ""low"": ""Firewood""}"
494-3_agent_2_desire,494-3,agent_2,"{'High': 'Food', 'Low': 'Water', 'Medium': 'Firewood'}","{'high': 'Food', 'medium': 'Firewood', 'low': 'Water'}",1,"{""high"": ""Food"", ""medium"": ""Firewood"", ""low"": ""Water""}"
494-4_agent_1_desire,494-4,agent_1,"{'High': 'Food', 'Medium': 'Water', 'Low': 'Firewood'}","{'high': 'Food', 'medium': 'Water', 'low': 'Firewood'}",1,"{""high"": ""Food"", ""medium"": ""Water"", ""low"": ""Firewood""}"
494-4_agent_2_desire,494-4,agent_2,"{'High': 'Food', 'Low': 'Water', 'Medium': 'Firewood'}","{'high': 'Food', 'medium': 'Firewood', 'low': 'Water'}",1,"{""high"": ""Food"", ""medium"": ""Firewood"", ""low"": ""Water""}"
495-0_agent_1_desire,495-0,agent_1,"{'Low': 'Food', 'High': 'Water', 'Medium': 'Firewood'}","{'high': 'Food', 'medium': 'Water', 'low': 'Firewood'}",0,"{""high"": ""Food"", ""medium"": ""Water"", ""low"": ""Firewood""}"
495-0_agent_2_desire,495-0,agent_2,"{'Low': 'Food', 'Medium': 'Water', 'High': 'Firewood'}","{'high': 'Water', 'medium': 'Food', 'low': 'Firewood'}",0,"{""high"": ""Water"", ""medium"": ""Food"", ""low"": ""Firewood""}"
495-1_agent_1_desire,495-1,agent_1,"{'Low': 'Food', 'High': 'Water', 'Medium': 'Firewood'}","{'high': 'Water', 'medium': 'Food', 'low': 'Firewood'}",0,"{""high"": ""Water"", ""medium"": ""Food"", ""low"": ""Firewood""}"
495-1_agent_2_desire,495-1,agent_2,"{'Low': 'Food', 'Medium': 'Water', 'High': 'Firewood'}","{'high': 'Water', 'medium': 'Food', 'low': 'Firewood'}",0,"{""high"": ""Water"", ""medium"": ""Food"", ""low"": ""Firewood""}"
495-2_agent_1_desire,495-2,agent_1,"{'Low': 'Food', 'High': 'Water', 'Medium': 'Firewood'}","{'high': 'Water', 'medium': 'Food', 'low': 'Firewood'}",0,"{""high"": ""Water"", ""medium"": ""Food"", ""low"": ""Firewood""}"
495-2_agent_2_desire,495-2,agent_2,"{'Low': 'Food', 'Medium': 'Water', 'High': 'Firewood'}","{'high': 'firewood', 'medium': 'water', 'low': 'food'}",1,"{""high"": ""firewood"", ""medium"": ""water"", ""low"": ""food""}"
495-3_agent_1_desire,495-3,agent_1,"{'Low': 'Food', 'High': 'Water', 'Medium': 'Firewood'}","{'high': 'Water', 'medium': 'Food', 'low': 'Firewood'}",0,"{""high"": ""Water"", ""medium"": ""Food"", ""low"": ""Firewood""}"
495-3_agent_2_desire,495-3,agent_2,"{'Low': 'Food', 'Medium': 'Water', 'High': 'Firewood'}","{'high': 'firewood', 'medium': 'water', 'low': 'food'}",1,"{""high"": ""firewood"", ""medium"": ""water"", ""low"": ""food""}"
495-4_agent_1_desire,495-4,agent_1,"{'Low': 'Food', 'High': 'Water', 'Medium': 'Firewood'}","{'high': 'water', 'medium': 'food', 'low': 'firewood'}",0,"{""high"": ""water"", ""medium"": ""food"", ""low"": ""firewood""}"
495-4_agent_2_desire,495-4,agent_2,"{'Low': 'Food', 'Medium': 'Water', 'High': 'Firewood'}","{'high': 'water', 'medium': 'firewood', 'low': 'food'}",0,"{""high"": ""water"", ""medium"": ""firewood"", ""low"": ""food""}"
495-5_agent_1_desire,495-5,agent_1,"{'Low': 'Food', 'High': 'Water', 'Medium': 'Firewood'}","{'high': 'water', 'medium': 'food', 'low': 'firewood'}",0,"{""high"": ""water"", ""medium"": ""food"", ""low"": ""firewood""}"
495-5_agent_2_desire,495-5,agent_2,"{'Low': 'Food', 'Medium': 'Water', 'High': 'Firewood'}","{'high': 'firewood', 'medium': 'water', 'low': 'food'}",1,"{""high"": ""firewood"", ""medium"": ""water"", ""low"": ""food""}"
495-6_agent_1_desire,495-6,agent_1,"{'Low': 'Food', 'High': 'Water', 'Medium': 'Firewood'}","{'high': 'Water', 'medium': 'Food', 'low': 'Firewood'}",0,"{""high"": ""Water"", ""medium"": ""Food"", ""low"": ""Firewood""}"
495-6_agent_2_desire,495-6,agent_2,"{'Low': 'Food', 'Medium': 'Water', 'High': 'Firewood'}","{'high': 'firewood', 'medium': 'water', 'low': 'food'}",1,"{""high"": ""firewood"", ""medium"": ""water"", ""low"": ""food""}"
495-7_agent_1_desire,495-7,agent_1,"{'Low': 'Food', 'High': 'Water', 'Medium': 'Firewood'}","{'high': 'Water', 'medium': 'Food', 'low': 'Firewood'}",0,"{""high"": ""Water"", ""medium"": ""Food"", ""low"": ""Firewood""}"
495-7_agent_2_desire,495-7,agent_2,"{'Low': 'Food', 'Medium': 'Water', 'High': 'Firewood'}","{'high': 'firewood', 'medium': 'water', 'low': 'food'}",1,"{""high"": ""firewood"", ""medium"": ""water"", ""low"": ""food""}"
495-8_agent_1_desire,495-8,agent_1,"{'Low': 'Food', 'High': 'Water', 'Medium': 'Firewood'}","{'high': 'Water', 'medium': 'Food', 'low': 'Firewood'}",0,"{""high"": ""Water"", ""medium"": ""Food"", ""low"": ""Firewood""}"
495-8_agent_2_desire,495-8,agent_2,"{'Low': 'Food', 'Medium': 'Water', 'High': 'Firewood'}","{'high': 'firewood', 'medium': 'water', 'low': 'food'}",1,"{""high"": ""firewood"", ""medium"": ""water"", ""low"": ""food""}"
495-9_agent_1_desire,495-9,agent_1,"{'Low': 'Food', 'High': 'Water', 'Medium': 'Firewood'}","{'high': 'water', 'medium': 'food', 'low': 'firewood'}",0,"{""high"": ""water"", ""medium"": ""food"", ""low"": ""firewood""}"
495-9_agent_2_desire,495-9,agent_2,"{'Low': 'Food', 'Medium': 'Water', 'High': 'Firewood'}","{'high': 'firewood', 'medium': 'water', 'low': 'food'}",1,"{""high"": ""firewood"", ""medium"": ""water"", ""low"": ""food""}"
495-10_agent_1_desire,495-10,agent_1,"{'Low': 'Food', 'High': 'Water', 'Medium': 'Firewood'}","{'high': 'water', 'medium': 'food', 'low': 'firewood'}",0,"{""high"": ""water"", ""medium"": ""food"", ""low"": ""firewood""}"
495-10_agent_2_desire,495-10,agent_2,"{'Low': 'Food', 'Medium': 'Water', 'High': 'Firewood'}","{'high': 'firewood', 'medium': 'water', 'low': 'food'}",1,"{""high"": ""firewood"", ""medium"": ""water"", ""low"": ""food""}"
496-0_agent_1_desire,496-0,agent_1,"{'Low': 'Food', 'Medium': 'Water', 'High': 'Firewood'}","{'high': 'Firewood', 'medium': 'Food', 'low': 'Water'}",0,"{""high"": ""Firewood"", ""medium"": ""Food"", ""low"": ""Water""}"
496-0_agent_2_desire,496-0,agent_2,"{'Medium': 'Food', 'Low': 'Water', 'High': 'Firewood'}","{'high': 'firewood', 'medium': 'food', 'low': 'water'}",1,"{""high"": ""firewood"", ""medium"": ""food"", ""low"": ""water""}"
496-1_agent_1_desire,496-1,agent_1,"{'Low': 'Food', 'Medium': 'Water', 'High': 'Firewood'}","{'high': 'firewood', 'medium': 'food', 'low': 'water'}",0,"{""high"": ""firewood"", ""medium"": ""food"", ""low"": ""water""}"
496-1_agent_2_desire,496-1,agent_2,"{'Medium': 'Food', 'Low': 'Water', 'High': 'Firewood'}","{'high': 'firewood', 'medium': 'food', 'low': 'water'}",1,"{""high"": ""firewood"", ""medium"": ""food"", ""low"": ""water""}"
496-2_agent_1_desire,496-2,agent_1,"{'Low': 'Food', 'Medium': 'Water', 'High': 'Firewood'}","{'high': 'firewood', 'medium': 'food', 'low': 'water'}",0,"{""high"": ""firewood"", ""medium"": ""food"", ""low"": ""water""}"
496-2_agent_2_desire,496-2,agent_2,"{'Medium': 'Food', 'Low': 'Water', 'High': 'Firewood'}","{'high': 'firewood', 'medium': 'food', 'low': 'water'}",1,"{""high"": ""firewood"", ""medium"": ""food"", ""low"": ""water""}"
496-3_agent_1_desire,496-3,agent_1,"{'Low': 'Food', 'Medium': 'Water', 'High': 'Firewood'}","{'high': 'firewood', 'medium': 'food', 'low': 'water'}",0,"{""high"": ""firewood"", ""medium"": ""food"", ""low"": ""water""}"
496-3_agent_2_desire,496-3,agent_2,"{'Medium': 'Food', 'Low': 'Water', 'High': 'Firewood'}","{'high': 'firewood', 'medium': 'food', 'low': 'water'}",1,"{""high"": ""firewood"", ""medium"": ""food"", ""low"": ""water""}"
496-4_agent_1_desire,496-4,agent_1,"{'Low': 'Food', 'Medium': 'Water', 'High': 'Firewood'}","{'high': 'firewood', 'medium': 'food', 'low': 'water'}",0,"{""high"": ""firewood"", ""medium"": ""food"", ""low"": ""water""}"
496-4_agent_2_desire,496-4,agent_2,"{'Medium': 'Food', 'Low': 'Water', 'High': 'Firewood'}","{'high': 'firewood', 'medium': 'food', 'low': 'water'}",1,"{""high"": ""firewood"", ""medium"": ""food"", ""low"": ""water""}"
497-0_agent_1_desire,497-0,agent_1,"{'Low': 'Food', 'High': 'Water', 'Medium': 'Firewood'}","{'high': 'Water', 'medium': 'Food', 'low': 'Firewood'}",0,"{""high"": ""Water"", ""medium"": ""Food"", ""low"": ""Firewood""}"
497-0_agent_2_desire,497-0,agent_2,"{'Medium': 'Food', 'High': 'Water', 'Low': 'Firewood'}","{'high': 'Water', 'medium': 'Food', 'low': 'Firewood'}",1,"{""high"": ""Water"", ""medium"": ""Food"", ""low"": ""Firewood""}"
497-1_agent_1_desire,497-1,agent_1,"{'Low': 'Food', 'High': 'Water', 'Medium': 'Firewood'}","{'high': 'Water', 'medium': 'Food', 'low': 'Firewood'}",0,"{""high"": ""Water"", ""medium"": ""Food"", ""low"": ""Firewood""}"
497-1_agent_2_desire,497-1,agent_2,"{'Medium': 'Food', 'High': 'Water', 'Low': 'Firewood'}","{'high': 'Water', 'medium': 'Food', 'low': 'Firewood'}",1,"{""high"": ""Water"", ""medium"": ""Food"", ""low"": ""Firewood""}"
497-2_agent_1_desire,497-2,agent_1,"{'Low': 'Food', 'High': 'Water', 'Medium': 'Firewood'}","{'high': 'water', 'medium': 'food', 'low': 'firewood'}",0,"{""high"": ""water"", ""medium"": ""food"", ""low"": ""firewood""}"
497-2_agent_2_desire,497-2,agent_2,"{'Medium': 'Food', 'High': 'Water', 'Low': 'Firewood'}","{'high': 'water', 'medium': 'food', 'low': 'firewood'}",1,"{""high"": ""water"", ""medium"": ""food"", ""low"": ""firewood""}"
497-3_agent_1_desire,497-3,agent_1,"{'Low': 'Food', 'High': 'Water', 'Medium': 'Firewood'}","{'high': 'water', 'medium': 'food', 'low': 'firewood'}",0,"{""high"": ""water"", ""medium"": ""food"", ""low"": ""firewood""}"
497-3_agent_2_desire,497-3,agent_2,"{'Medium': 'Food', 'High': 'Water', 'Low': 'Firewood'}","{'high': 'Water', 'medium': 'Food', 'low': 'Firewood'}",1,"{""high"": ""Water"", ""medium"": ""Food"", ""low"": ""Firewood""}"
497-4_agent_1_desire,497-4,agent_1,"{'Low': 'Food', 'High': 'Water', 'Medium': 'Firewood'}","{'high': 'water', 'medium': 'food', 'low': 'firewood'}",0,"{""high"": ""water"", ""medium"": ""food"", ""low"": ""firewood""}"
497-4_agent_2_desire,497-4,agent_2,"{'Medium': 'Food', 'High': 'Water', 'Low': 'Firewood'}","{'high': 'Water', 'medium': 'Food', 'low': 'Firewood'}",1,"{""high"": ""Water"", ""medium"": ""Food"", ""low"": ""Firewood""}"
497-5_agent_1_desire,497-5,agent_1,"{'Low': 'Food', 'High': 'Water', 'Medium': 'Firewood'}","{'high': 'water', 'medium': 'food', 'low': 'firewood'}",0,"{""high"": ""water"", ""medium"": ""food"", ""low"": ""firewood""}"
497-5_agent_2_desire,497-5,agent_2,"{'Medium': 'Food', 'High': 'Water', 'Low': 'Firewood'}","{'high': 'water', 'medium': 'food', 'low': 'firewood'}",1,"{""high"": ""water"", ""medium"": ""food"", ""low"": ""firewood""}"
497-6_agent_1_desire,497-6,agent_1,"{'Low': 'Food', 'High': 'Water', 'Medium': 'Firewood'}","{'high': 'water', 'medium': 'food', 'low': 'firewood'}",0,"{""high"": ""water"", ""medium"": ""food"", ""low"": ""firewood""}"
497-6_agent_2_desire,497-6,agent_2,"{'Medium': 'Food', 'High': 'Water', 'Low': 'Firewood'}","{'high': 'water', 'medium': 'food', 'low': 'firewood'}",1,"{""high"": ""water"", ""medium"": ""food"", ""low"": ""firewood""}"
498-0_agent_1_desire,498-0,agent_1,"{'Low': 'Food', 'High': 'Water', 'Medium': 'Firewood'}","{'high': 'Water', 'medium': 'Food', 'low': 'Firewood'}",0,"{""high"": ""Water"", ""medium"": ""Food"", ""low"": ""Firewood""}"
498-0_agent_2_desire,498-0,agent_2,"{'Low': 'Food', 'High': 'Water', 'Medium': 'Firewood'}","{'high': 'Water', 'medium': 'Food', 'low': 'Firewood'}",0,"{""high"": ""Water"", ""medium"": ""Food"", ""low"": ""Firewood""}"
498-1_agent_1_desire,498-1,agent_1,"{'Low': 'Food', 'High': 'Water', 'Medium': 'Firewood'}","{'high': 'Firewood', 'medium': 'Food', 'low': 'Water'}",0,"{""high"": ""Firewood"", ""medium"": ""Food"", ""low"": ""Water""}"
498-1_agent_2_desire,498-1,agent_2,"{'Low': 'Food', 'High': 'Water', 'Medium': 'Firewood'}","{'high': 'Firewood', 'medium': 'Food', 'low': 'Water'}",0,"{""high"": ""Firewood"", ""medium"": ""Food"", ""low"": ""Water""}"
498-2_agent_1_desire,498-2,agent_1,"{'Low': 'Food', 'High': 'Water', 'Medium': 'Firewood'}","{'high': 'Water', 'medium': 'Food', 'low': 'Firewood'}",0,"{""high"": ""Water"", ""medium"": ""Food"", ""low"": ""Firewood""}"
498-2_agent_2_desire,498-2,agent_2,"{'Low': 'Food', 'High': 'Water', 'Medium': 'Firewood'}","{'high': 'Food', 'medium': 'Water', 'low': 'Firewood'}",0,"{""high"": ""Food"", ""medium"": ""Water"", ""low"": ""Firewood""}"
498-3_agent_1_desire,498-3,agent_1,"{'Low': 'Food', 'High': 'Water', 'Medium': 'Firewood'}","{'high': 'Firewood', 'medium': 'Food', 'low': 'Water'}",0,"{""high"": ""Firewood"", ""medium"": ""Food"", ""low"": ""Water""}"
498-3_agent_2_desire,498-3,agent_2,"{'Low': 'Food', 'High': 'Water', 'Medium': 'Firewood'}","{'high': 'water', 'medium': 'food', 'low': 'firewood'}",0,"{""high"": ""water"", ""medium"": ""food"", ""low"": ""firewood""}"
498-4_agent_1_desire,498-4,agent_1,"{'Low': 'Food', 'High': 'Water', 'Medium': 'Firewood'}","{'high': 'firewood', 'medium': 'food', 'low': 'water'}",0,"{""high"": ""firewood"", ""medium"": ""food"", ""low"": ""water""}"
498-4_agent_2_desire,498-4,agent_2,"{'Low': 'Food', 'High': 'Water', 'Medium': 'Firewood'}","{'high': 'water', 'medium': 'food', 'low': 'firewood'}",0,"{""high"": ""water"", ""medium"": ""food"", ""low"": ""firewood""}"
498-5_agent_1_desire,498-5,agent_1,"{'Low': 'Food', 'High': 'Water', 'Medium': 'Firewood'}","{'high': 'firewood', 'medium': 'water', 'low': 'food'}",0,"{""high"": ""firewood"", ""medium"": ""water"", ""low"": ""food""}"
498-5_agent_2_desire,498-5,agent_2,"{'Low': 'Food', 'High': 'Water', 'Medium': 'Firewood'}","{'high': 'water', 'medium': 'food', 'low': 'firewood'}",0,"{""high"": ""water"", ""medium"": ""food"", ""low"": ""firewood""}"
498-6_agent_1_desire,498-6,agent_1,"{'Low': 'Food', 'High': 'Water', 'Medium': 'Firewood'}","{'high': 'firewood', 'medium': 'water', 'low': 'food'}",0,"{""high"": ""firewood"", ""medium"": ""water"", ""low"": ""food""}"
498-6_agent_2_desire,498-6,agent_2,"{'Low': 'Food', 'High': 'Water', 'Medium': 'Firewood'}","{'high': 'water', 'medium': 'food', 'low': 'firewood'}",0,"{""high"": ""water"", ""medium"": ""food"", ""low"": ""firewood""}"
498-7_agent_1_desire,498-7,agent_1,"{'Low': 'Food', 'High': 'Water', 'Medium': 'Firewood'}","{'high': 'Firewood', 'medium': 'Food', 'low': 'Water'}",0,"{""high"": ""Firewood"", ""medium"": ""Food"", ""low"": ""Water""}"
498-7_agent_2_desire,498-7,agent_2,"{'Low': 'Food', 'High': 'Water', 'Medium': 'Firewood'}","{'high': 'water', 'medium': 'food', 'low': 'firewood'}",0,"{""high"": ""water"", ""medium"": ""food"", ""low"": ""firewood""}"
499-0_agent_1_desire,499-0,agent_1,"{'Low': 'Food', 'High': 'Water', 'Medium': 'Firewood'}","{'high': 'Food', 'medium': 'Water', 'low': 'Firewood'}",0,"{""high"": ""Food"", ""medium"": ""Water"", ""low"": ""Firewood""}"
499-0_agent_2_desire,499-0,agent_2,"{'High': 'Food', 'Low': 'Water', 'Medium': 'Firewood'}","{'high': 'Food', 'medium': 'Water', 'low': 'Firewood'}",0,"{""high"": ""Food"", ""medium"": ""Water"", ""low"": ""Firewood""}"
499-1_agent_1_desire,499-1,agent_1,"{'Low': 'Food', 'High': 'Water', 'Medium': 'Firewood'}","{'high': 'Water', 'medium': 'Food', 'low': 'Firewood'}",0,"{""high"": ""Water"", ""medium"": ""Food"", ""low"": ""Firewood""}"
499-1_agent_2_desire,499-1,agent_2,"{'High': 'Food', 'Low': 'Water', 'Medium': 'Firewood'}","{'high': 'food', 'medium': 'water', 'low': 'firewood'}",0,"{""high"": ""food"", ""medium"": ""water"", ""low"": ""firewood""}"
499-2_agent_1_desire,499-2,agent_1,"{'Low': 'Food', 'High': 'Water', 'Medium': 'Firewood'}","{'high': 'Food', 'medium': 'Water', 'low': 'Firewood'}",0,"{""high"": ""Food"", ""medium"": ""Water"", ""low"": ""Firewood""}"
499-2_agent_2_desire,499-2,agent_2,"{'High': 'Food', 'Low': 'Water', 'Medium': 'Firewood'}","{'high': 'food', 'medium': 'water', 'low': 'firewood'}",0,"{""high"": ""food"", ""medium"": ""water"", ""low"": ""firewood""}"
499-3_agent_1_desire,499-3,agent_1,"{'Low': 'Food', 'High': 'Water', 'Medium': 'Firewood'}","{'high': 'Firewood', 'medium': 'Water', 'low': 'Food'}",0,"{""high"": ""Firewood"", ""medium"": ""Water"", ""low"": ""Food""}"
499-3_agent_2_desire,499-3,agent_2,"{'High': 'Food', 'Low': 'Water', 'Medium': 'Firewood'}","{'high': 'food', 'medium': 'water', 'low': 'firewood'}",0,"{""high"": ""food"", ""medium"": ""water"", ""low"": ""firewood""}"
499-4_agent_1_desire,499-4,agent_1,"{'Low': 'Food', 'High': 'Water', 'Medium': 'Firewood'}","{'high': 'Water', 'medium': 'Firewood', 'low': 'Food'}",1,"{""high"": ""Water"", ""medium"": ""Firewood"", ""low"": ""Food""}"
499-4_agent_2_desire,499-4,agent_2,"{'High': 'Food', 'Low': 'Water', 'Medium': 'Firewood'}","{'high': 'food', 'medium': 'water', 'low': 'firewood'}",0,"{""high"": ""food"", ""medium"": ""water"", ""low"": ""firewood""}"
500-0_agent_1_desire,500-0,agent_1,"{'Medium': 'Food', 'Low': 'Water', 'High': 'Firewood'}","{'high': 'firewood', 'medium': 'food', 'low': 'water'}",1,"{""high"": ""firewood"", ""medium"": ""food"", ""low"": ""water""}"
500-0_agent_2_desire,500-0,agent_2,"{'High': 'Food', 'Medium': 'Water', 'Low': 'Firewood'}","{'high': 'Firewood', 'medium': 'Food', 'low': 'Water'}",0,"{""high"": ""Firewood"", ""medium"": ""Food"", ""low"": ""Water""}"
500-1_agent_1_desire,500-1,agent_1,"{'Medium': 'Food', 'Low': 'Water', 'High': 'Firewood'}","{'high': 'Firewood', 'medium': 'Food', 'low': 'Water'}",1,"{""high"": ""Firewood"", ""medium"": ""Food"", ""low"": ""Water""}"
500-1_agent_2_desire,500-1,agent_2,"{'High': 'Food', 'Medium': 'Water', 'Low': 'Firewood'}","{'high': 'firewood', 'medium': 'water', 'low': 'food'}",0,"{""high"": ""firewood"", ""medium"": ""water"", ""low"": ""food""}"
500-2_agent_1_desire,500-2,agent_1,"{'Medium': 'Food', 'Low': 'Water', 'High': 'Firewood'}","{'high': 'firewood', 'medium': 'water', 'low': 'food'}",0,"{""high"": ""firewood"", ""medium"": ""water"", ""low"": ""food""}"
500-2_agent_2_desire,500-2,agent_2,"{'High': 'Food', 'Medium': 'Water', 'Low': 'Firewood'}","{'high': 'food', 'medium': 'firewood', 'low': 'water'}",0,"{""high"": ""food"", ""medium"": ""firewood"", ""low"": ""water""}"
500-3_agent_1_desire,500-3,agent_1,"{'Medium': 'Food', 'Low': 'Water', 'High': 'Firewood'}","{'high': 'Firewood', 'medium': 'Water', 'low': 'Food'}",0,"{""high"": ""Firewood"", ""medium"": ""Water"", ""low"": ""Food""}"
500-3_agent_2_desire,500-3,agent_2,"{'High': 'Food', 'Medium': 'Water', 'Low': 'Firewood'}","{'high': 'food', 'medium': 'water', 'low': 'firewood'}",1,"{""high"": ""food"", ""medium"": ""water"", ""low"": ""firewood""}"
500-4_agent_1_desire,500-4,agent_1,"{'Medium': 'Food', 'Low': 'Water', 'High': 'Firewood'}","{'high': 'firewood', 'medium': 'water', 'low': 'food'}",0,"{""high"": ""firewood"", ""medium"": ""water"", ""low"": ""food""}"
500-4_agent_2_desire,500-4,agent_2,"{'High': 'Food', 'Medium': 'Water', 'Low': 'Firewood'}","{'high': 'food', 'medium': 'water', 'low': 'firewood'}",1,"{""high"": ""food"", ""medium"": ""water"", ""low"": ""firewood""}"
500-5_agent_1_desire,500-5,agent_1,"{'Medium': 'Food', 'Low': 'Water', 'High': 'Firewood'}","{'high': 'firewood', 'medium': 'water', 'low': 'food'}",0,"{""high"": ""firewood"", ""medium"": ""water"", ""low"": ""food""}"
500-5_agent_2_desire,500-5,agent_2,"{'High': 'Food', 'Medium': 'Water', 'Low': 'Firewood'}","{'high': 'food', 'medium': 'water', 'low': 'firewood'}",1,"{""high"": ""food"", ""medium"": ""water"", ""low"": ""firewood""}"
501-0_agent_1_desire,501-0,agent_1,"{'High': 'Food', 'Low': 'Water', 'Medium': 'Firewood'}","{'high': 'Water', 'medium': 'Food', 'low': 'Firewood'}",0,"{""high"": ""Water"", ""medium"": ""Food"", ""low"": ""Firewood""}"
501-0_agent_2_desire,501-0,agent_2,"{'High': 'Food', 'Low': 'Water', 'Medium': 'Firewood'}","{'high': 'Water', 'medium': 'Food', 'low': 'Firewood'}",0,"{""high"": ""Water"", ""medium"": ""Food"", ""low"": ""Firewood""}"
501-1_agent_1_desire,501-1,agent_1,"{'High': 'Food', 'Low': 'Water', 'Medium': 'Firewood'}","{'high': 'Firewood', 'medium': 'Food', 'low': 'Water'}",0,"{""high"": ""Firewood"", ""medium"": ""Food"", ""low"": ""Water""}"
501-1_agent_2_desire,501-1,agent_2,"{'High': 'Food', 'Low': 'Water', 'Medium': 'Firewood'}","{'high': 'Firewood', 'medium': 'Water', 'low': 'Food'}",0,"{""high"": ""Firewood"", ""medium"": ""Water"", ""low"": ""Food""}"
501-2_agent_1_desire,501-2,agent_1,"{'High': 'Food', 'Low': 'Water', 'Medium': 'Firewood'}","{'high': 'Food', 'medium': 'Firewood', 'low': 'Water'}",1,"{""high"": ""Food"", ""medium"": ""Firewood"", ""low"": ""Water""}"
501-2_agent_2_desire,501-2,agent_2,"{'High': 'Food', 'Low': 'Water', 'Medium': 'Firewood'}","{'high': 'Food', 'medium': 'Firewood', 'low': 'Water'}",1,"{""high"": ""Food"", ""medium"": ""Firewood"", ""low"": ""Water""}"
501-3_agent_1_desire,501-3,agent_1,"{'High': 'Food', 'Low': 'Water', 'Medium': 'Firewood'}","{'high': 'Food', 'medium': 'Firewood', 'low': 'Water'}",1,"{""high"": ""Food"", ""medium"": ""Firewood"", ""low"": ""Water""}"
501-3_agent_2_desire,501-3,agent_2,"{'High': 'Food', 'Low': 'Water', 'Medium': 'Firewood'}","{'high': 'Food', 'medium': 'Firewood', 'low': 'Water'}",1,"{""high"": ""Food"", ""medium"": ""Firewood"", ""low"": ""Water""}"
501-4_agent_1_desire,501-4,agent_1,"{'High': 'Food', 'Low': 'Water', 'Medium': 'Firewood'}","{'high': 'Food', 'medium': 'Firewood', 'low': 'Water'}",1,"{""high"": ""Food"", ""medium"": ""Firewood"", ""low"": ""Water""}"
501-4_agent_2_desire,501-4,agent_2,"{'High': 'Food', 'Low': 'Water', 'Medium': 'Firewood'}","{'high': 'Food', 'medium': 'Firewood', 'low': 'Water'}",1,"{""high"": ""Food"", ""medium"": ""Firewood"", ""low"": ""Water""}"
502-0_agent_1_desire,502-0,agent_1,"{'Low': 'Food', 'Medium': 'Water', 'High': 'Firewood'}","{'high': 'Water', 'medium': 'Food', 'low': 'Firewood'}",0,"{""high"": ""Water"", ""medium"": ""Food"", ""low"": ""Firewood""}"
502-0_agent_2_desire,502-0,agent_2,"{'Low': 'Food', 'Medium': 'Water', 'High': 'Firewood'}","{'high': 'Water', 'medium': 'Food', 'low': 'Firewood'}",0,"{""high"": ""Water"", ""medium"": ""Food"", ""low"": ""Firewood""}"
502-1_agent_1_desire,502-1,agent_1,"{'Low': 'Food', 'Medium': 'Water', 'High': 'Firewood'}","{'high': 'Firewood', 'medium': 'Food', 'low': 'Water'}",0,"{""high"": ""Firewood"", ""medium"": ""Food"", ""low"": ""Water""}"
502-1_agent_2_desire,502-1,agent_2,"{'Low': 'Food', 'Medium': 'Water', 'High': 'Firewood'}","{'high': 'Water', 'medium': 'Food', 'low': 'Firewood'}",0,"{""high"": ""Water"", ""medium"": ""Food"", ""low"": ""Firewood""}"
502-2_agent_1_desire,502-2,agent_1,"{'Low': 'Food', 'Medium': 'Water', 'High': 'Firewood'}","{'high': 'firewood', 'medium': 'water', 'low': 'food'}",1,"{""high"": ""firewood"", ""medium"": ""water"", ""low"": ""food""}"
502-2_agent_2_desire,502-2,agent_2,"{'Low': 'Food', 'Medium': 'Water', 'High': 'Firewood'}","{'high': 'firewood', 'medium': 'water', 'low': 'food'}",1,"{""high"": ""firewood"", ""medium"": ""water"", ""low"": ""food""}"
502-3_agent_1_desire,502-3,agent_1,"{'Low': 'Food', 'Medium': 'Water', 'High': 'Firewood'}","{'high': 'water', 'medium': 'firewood', 'low': 'food'}",0,"{""high"": ""water"", ""medium"": ""firewood"", ""low"": ""food""}"
502-3_agent_2_desire,502-3,agent_2,"{'Low': 'Food', 'Medium': 'Water', 'High': 'Firewood'}","{'high': 'water', 'medium': 'firewood', 'low': 'food'}",0,"{""high"": ""water"", ""medium"": ""firewood"", ""low"": ""food""}"
502-4_agent_1_desire,502-4,agent_1,"{'Low': 'Food', 'Medium': 'Water', 'High': 'Firewood'}","{'high': 'water', 'medium': 'food', 'low': 'firewood'}",0,"{""high"": ""water"", ""medium"": ""food"", ""low"": ""firewood""}"
502-4_agent_2_desire,502-4,agent_2,"{'Low': 'Food', 'Medium': 'Water', 'High': 'Firewood'}","{'high': 'water', 'medium': 'food', 'low': 'firewood'}",0,"{""high"": ""water"", ""medium"": ""food"", ""low"": ""firewood""}"
502-5_agent_1_desire,502-5,agent_1,"{'Low': 'Food', 'Medium': 'Water', 'High': 'Firewood'}","{'high': 'Water', 'medium': 'Food', 'low': 'Firewood'}",0,"{""high"": ""Water"", ""medium"": ""Food"", ""low"": ""Firewood""}"
502-5_agent_2_desire,502-5,agent_2,"{'Low': 'Food', 'Medium': 'Water', 'High': 'Firewood'}","{'high': 'water', 'medium': 'food', 'low': 'firewood'}",0,"{""high"": ""water"", ""medium"": ""food"", ""low"": ""firewood""}"
503-0_agent_1_desire,503-0,agent_1,"{'Low': 'Food', 'High': 'Water', 'Medium': 'Firewood'}","{'high': 'Water', 'medium': 'Food', 'low': 'Firewood'}",0,"{""high"": ""Water"", ""medium"": ""Food"", ""low"": ""Firewood""}"
503-0_agent_2_desire,503-0,agent_2,"{'High': 'Food', 'Low': 'Water', 'Medium': 'Firewood'}","{'high': 'Water', 'medium': 'Food', 'low': 'Firewood'}",0,"{""high"": ""Water"", ""medium"": ""Food"", ""low"": ""Firewood""}"
503-1_agent_1_desire,503-1,agent_1,"{'Low': 'Food', 'High': 'Water', 'Medium': 'Firewood'}","{'high': 'Water', 'medium': 'Food', 'low': 'Firewood'}",0,"{""high"": ""Water"", ""medium"": ""Food"", ""low"": ""Firewood""}"
503-1_agent_2_desire,503-1,agent_2,"{'High': 'Food', 'Low': 'Water', 'Medium': 'Firewood'}","{'high': 'Water', 'medium': 'Food', 'low': 'Firewood'}",0,"{""high"": ""Water"", ""medium"": ""Food"", ""low"": ""Firewood""}"
503-2_agent_1_desire,503-2,agent_1,"{'Low': 'Food', 'High': 'Water', 'Medium': 'Firewood'}","{'high': 'Water', 'medium': 'Food', 'low': 'Firewood'}",0,"{""high"": ""Water"", ""medium"": ""Food"", ""low"": ""Firewood""}"
503-2_agent_2_desire,503-2,agent_2,"{'High': 'Food', 'Low': 'Water', 'Medium': 'Firewood'}","{'high': 'water', 'medium': 'food', 'low': 'firewood'}",0,"{""high"": ""water"", ""medium"": ""food"", ""low"": ""firewood""}"
503-3_agent_1_desire,503-3,agent_1,"{'Low': 'Food', 'High': 'Water', 'Medium': 'Firewood'}","{'high': 'Water', 'medium': 'Food', 'low': 'Firewood'}",0,"{""high"": ""Water"", ""medium"": ""Food"", ""low"": ""Firewood""}"
503-3_agent_2_desire,503-3,agent_2,"{'High': 'Food', 'Low': 'Water', 'Medium': 'Firewood'}","{'high': 'food', 'medium': 'water', 'low': 'firewood'}",0,"{""high"": ""food"", ""medium"": ""water"", ""low"": ""firewood""}"
503-4_agent_1_desire,503-4,agent_1,"{'Low': 'Food', 'High': 'Water', 'Medium': 'Firewood'}","{'high': 'Water', 'medium': 'Food', 'low': 'Firewood'}",0,"{""high"": ""Water"", ""medium"": ""Food"", ""low"": ""Firewood""}"
503-4_agent_2_desire,503-4,agent_2,"{'High': 'Food', 'Low': 'Water', 'Medium': 'Firewood'}","{'high': 'food', 'medium': 'firewood', 'low': 'water'}",1,"{""high"": ""food"", ""medium"": ""firewood"", ""low"": ""water""}"
503-5_agent_1_desire,503-5,agent_1,"{'Low': 'Food', 'High': 'Water', 'Medium': 'Firewood'}","{'high': 'firewood', 'medium': 'water', 'low': 'food'}",0,"{""high"": ""firewood"", ""medium"": ""water"", ""low"": ""food""}"
503-5_agent_2_desire,503-5,agent_2,"{'High': 'Food', 'Low': 'Water', 'Medium': 'Firewood'}","{'high': 'food', 'medium': 'water', 'low': 'firewood'}",0,"{""high"": ""food"", ""medium"": ""water"", ""low"": ""firewood""}"
504-0_agent_1_desire,504-0,agent_1,"{'High': 'Food', 'Low': 'Water', 'Medium': 'Firewood'}","{'high': 'Water', 'medium': 'Food', 'low': 'Firewood'}",0,"{""high"": ""Water"", ""medium"": ""Food"", ""low"": ""Firewood""}"
504-0_agent_2_desire,504-0,agent_2,"{'High': 'Food', 'Low': 'Water', 'Medium': 'Firewood'}","{'high': 'Water', 'medium': 'Food', 'low': 'Firewood'}",0,"{""high"": ""Water"", ""medium"": ""Food"", ""low"": ""Firewood""}"
504-1_agent_1_desire,504-1,agent_1,"{'High': 'Food', 'Low': 'Water', 'Medium': 'Firewood'}","{'high': 'Food', 'medium': 'Firewood', 'low': 'Water'}",1,"{""high"": ""Food"", ""medium"": ""Firewood"", ""low"": ""Water""}"
504-1_agent_2_desire,504-1,agent_2,"{'High': 'Food', 'Low': 'Water', 'Medium': 'Firewood'}","{'high': 'Food', 'medium': 'Firewood', 'low': 'Water'}",1,"{""high"": ""Food"", ""medium"": ""Firewood"", ""low"": ""Water""}"
504-2_agent_1_desire,504-2,agent_1,"{'High': 'Food', 'Low': 'Water', 'Medium': 'Firewood'}","{'high': 'food', 'medium': 'water', 'low': 'firewood'}",0,"{""high"": ""food"", ""medium"": ""water"", ""low"": ""firewood""}"
504-2_agent_2_desire,504-2,agent_2,"{'High': 'Food', 'Low': 'Water', 'Medium': 'Firewood'}","{'high': 'Food', 'medium': 'Water', 'low': 'Firewood'}",0,"{""high"": ""Food"", ""medium"": ""Water"", ""low"": ""Firewood""}"
504-3_agent_1_desire,504-3,agent_1,"{'High': 'Food', 'Low': 'Water', 'Medium': 'Firewood'}","{'high': 'food', 'medium': 'water', 'low': 'firewood'}",0,"{""high"": ""food"", ""medium"": ""water"", ""low"": ""firewood""}"
504-3_agent_2_desire,504-3,agent_2,"{'High': 'Food', 'Low': 'Water', 'Medium': 'Firewood'}","{'high': 'Food', 'medium': 'Water', 'low': 'Firewood'}",0,"{""high"": ""Food"", ""medium"": ""Water"", ""low"": ""Firewood""}"
504-4_agent_1_desire,504-4,agent_1,"{'High': 'Food', 'Low': 'Water', 'Medium': 'Firewood'}","{'high': 'food', 'medium': 'firewood', 'low': 'water'}",1,"{""high"": ""food"", ""medium"": ""firewood"", ""low"": ""water""}"
504-4_agent_2_desire,504-4,agent_2,"{'High': 'Food', 'Low': 'Water', 'Medium': 'Firewood'}","{'high': 'Food', 'medium': 'Water', 'low': 'Firewood'}",0,"{""high"": ""Food"", ""medium"": ""Water"", ""low"": ""Firewood""}"
505-0_agent_1_desire,505-0,agent_1,"{'High': 'Food', 'Medium': 'Water', 'Low': 'Firewood'}","{'high': 'Water', 'medium': 'Food', 'low': 'Firewood'}",0,"{""high"": ""Water"", ""medium"": ""Food"", ""low"": ""Firewood""}"
505-0_agent_2_desire,505-0,agent_2,"{'Medium': 'Food', 'High': 'Water', 'Low': 'Firewood'}","{'high': 'Water', 'medium': 'Food', 'low': 'Firewood'}",1,"{""high"": ""Water"", ""medium"": ""Food"", ""low"": ""Firewood""}"
505-1_agent_1_desire,505-1,agent_1,"{'High': 'Food', 'Medium': 'Water', 'Low': 'Firewood'}","{'high': 'Food', 'medium': 'Water', 'low': 'Firewood'}",1,"{""high"": ""Food"", ""medium"": ""Water"", ""low"": ""Firewood""}"
505-1_agent_2_desire,505-1,agent_2,"{'Medium': 'Food', 'High': 'Water', 'Low': 'Firewood'}","{'high': 'Food', 'medium': 'Water', 'low': 'Firewood'}",0,"{""high"": ""Food"", ""medium"": ""Water"", ""low"": ""Firewood""}"
505-2_agent_1_desire,505-2,agent_1,"{'High': 'Food', 'Medium': 'Water', 'Low': 'Firewood'}","{'high': 'Food', 'medium': 'Water', 'low': 'Firewood'}",1,"{""high"": ""Food"", ""medium"": ""Water"", ""low"": ""Firewood""}"
505-2_agent_2_desire,505-2,agent_2,"{'Medium': 'Food', 'High': 'Water', 'Low': 'Firewood'}","{'high': 'water', 'medium': 'food', 'low': 'firewood'}",1,"{""high"": ""water"", ""medium"": ""food"", ""low"": ""firewood""}"
505-3_agent_1_desire,505-3,agent_1,"{'High': 'Food', 'Medium': 'Water', 'Low': 'Firewood'}","{'high': 'Food', 'medium': 'Water', 'low': 'Firewood'}",1,"{""high"": ""Food"", ""medium"": ""Water"", ""low"": ""Firewood""}"
505-3_agent_2_desire,505-3,agent_2,"{'Medium': 'Food', 'High': 'Water', 'Low': 'Firewood'}","{'high': 'water', 'medium': 'food', 'low': 'firewood'}",1,"{""high"": ""water"", ""medium"": ""food"", ""low"": ""firewood""}"
505-4_agent_1_desire,505-4,agent_1,"{'High': 'Food', 'Medium': 'Water', 'Low': 'Firewood'}","{'high': 'food', 'medium': 'water', 'low': 'firewood'}",1,"{""high"": ""food"", ""medium"": ""water"", ""low"": ""firewood""}"
505-4_agent_2_desire,505-4,agent_2,"{'Medium': 'Food', 'High': 'Water', 'Low': 'Firewood'}","{'high': 'water', 'medium': 'food', 'low': 'firewood'}",1,"{""high"": ""water"", ""medium"": ""food"", ""low"": ""firewood""}"
505-5_agent_1_desire,505-5,agent_1,"{'High': 'Food', 'Medium': 'Water', 'Low': 'Firewood'}","{'high': 'Food', 'medium': 'Water', 'low': 'Firewood'}",1,"{""high"": ""Food"", ""medium"": ""Water"", ""low"": ""Firewood""}"
505-5_agent_2_desire,505-5,agent_2,"{'Medium': 'Food', 'High': 'Water', 'Low': 'Firewood'}","{'high': 'water', 'medium': 'food', 'low': 'firewood'}",1,"{""high"": ""water"", ""medium"": ""food"", ""low"": ""firewood""}"
506-0_agent_1_desire,506-0,agent_1,"{'Medium': 'Food', 'High': 'Water', 'Low': 'Firewood'}","{'high': 'Food', 'medium': 'Water', 'low': 'Firewood'}",0,"{""high"": ""Food"", ""medium"": ""Water"", ""low"": ""Firewood""}"
506-0_agent_2_desire,506-0,agent_2,"{'Medium': 'Food', 'Low': 'Water', 'High': 'Firewood'}","{'high': 'Firewood', 'medium': 'Food', 'low': 'Water'}",1,"{""high"": ""Firewood"", ""medium"": ""Food"", ""low"": ""Water""}"
506-1_agent_1_desire,506-1,agent_1,"{'Medium': 'Food', 'High': 'Water', 'Low': 'Firewood'}","{'high': 'Food', 'medium': 'Water', 'low': 'Firewood'}",0,"{""high"": ""Food"", ""medium"": ""Water"", ""low"": ""Firewood""}"
506-1_agent_2_desire,506-1,agent_2,"{'Medium': 'Food', 'Low': 'Water', 'High': 'Firewood'}","{'high': 'Firewood', 'medium': 'Food', 'low': 'Water'}",1,"{""high"": ""Firewood"", ""medium"": ""Food"", ""low"": ""Water""}"
506-2_agent_1_desire,506-2,agent_1,"{'Medium': 'Food', 'High': 'Water', 'Low': 'Firewood'}","{'high': 'Food', 'medium': 'Water', 'low': 'Firewood'}",0,"{""high"": ""Food"", ""medium"": ""Water"", ""low"": ""Firewood""}"
506-2_agent_2_desire,506-2,agent_2,"{'Medium': 'Food', 'Low': 'Water', 'High': 'Firewood'}","{'high': 'Food', 'medium': 'Water', 'low': 'Firewood'}",0,"{""high"": ""Food"", ""medium"": ""Water"", ""low"": ""Firewood""}"
506-3_agent_1_desire,506-3,agent_1,"{'Medium': 'Food', 'High': 'Water', 'Low': 'Firewood'}","{'high': 'Food', 'medium': 'Water', 'low': 'Firewood'}",0,"{""high"": ""Food"", ""medium"": ""Water"", ""low"": ""Firewood""}"
506-3_agent_2_desire,506-3,agent_2,"{'Medium': 'Food', 'Low': 'Water', 'High': 'Firewood'}","{'high': 'Firewood', 'medium': 'Water', 'low': 'Food'}",0,"{""high"": ""Firewood"", ""medium"": ""Water"", ""low"": ""Food""}"
506-4_agent_1_desire,506-4,agent_1,"{'Medium': 'Food', 'High': 'Water', 'Low': 'Firewood'}","{'high': 'Food', 'medium': 'Water', 'low': 'Firewood'}",0,"{""high"": ""Food"", ""medium"": ""Water"", ""low"": ""Firewood""}"
506-4_agent_2_desire,506-4,agent_2,"{'Medium': 'Food', 'Low': 'Water', 'High': 'Firewood'}","{'high': 'food', 'medium': 'water', 'low': 'firewood'}",0,"{""high"": ""food"", ""medium"": ""water"", ""low"": ""firewood""}"
506-5_agent_1_desire,506-5,agent_1,"{'Medium': 'Food', 'High': 'Water', 'Low': 'Firewood'}","{'high': 'food', 'medium': 'water', 'low': 'firewood'}",0,"{""high"": ""food"", ""medium"": ""water"", ""low"": ""firewood""}"
506-5_agent_2_desire,506-5,agent_2,"{'Medium': 'Food', 'Low': 'Water', 'High': 'Firewood'}","{'high': 'firewood', 'medium': 'food', 'low': 'water'}",1,"{""high"": ""firewood"", ""medium"": ""food"", ""low"": ""water""}"
507-0_agent_1_desire,507-0,agent_1,"{'Medium': 'Food', 'Low': 'Water', 'High': 'Firewood'}","{'high': 'Water', 'medium': 'Food', 'low': 'Firewood'}",0,"{""high"": ""Water"", ""medium"": ""Food"", ""low"": ""Firewood""}"
507-0_agent_2_desire,507-0,agent_2,"{'Low': 'Food', 'Medium': 'Water', 'High': 'Firewood'}","{'high': 'Water', 'medium': 'Food', 'low': 'Firewood'}",0,"{""high"": ""Water"", ""medium"": ""Food"", ""low"": ""Firewood""}"
507-1_agent_1_desire,507-1,agent_1,"{'Medium': 'Food', 'Low': 'Water', 'High': 'Firewood'}","{'high': 'Food', 'medium': 'Water', 'low': 'Firewood'}",0,"{""high"": ""Food"", ""medium"": ""Water"", ""low"": ""Firewood""}"
507-1_agent_2_desire,507-1,agent_2,"{'Low': 'Food', 'Medium': 'Water', 'High': 'Firewood'}","{'high': 'Food', 'medium': 'Water', 'low': 'Firewood'}",0,"{""high"": ""Food"", ""medium"": ""Water"", ""low"": ""Firewood""}"
507-2_agent_1_desire,507-2,agent_1,"{'Medium': 'Food', 'Low': 'Water', 'High': 'Firewood'}","{'high': 'Firewood', 'medium': 'Food', 'low': 'Water'}",1,"{""high"": ""Firewood"", ""medium"": ""Food"", ""low"": ""Water""}"
507-2_agent_2_desire,507-2,agent_2,"{'Low': 'Food', 'Medium': 'Water', 'High': 'Firewood'}","{'high': 'Firewood', 'medium': 'Food', 'low': 'Water'}",0,"{""high"": ""Firewood"", ""medium"": ""Food"", ""low"": ""Water""}"
507-3_agent_1_desire,507-3,agent_1,"{'Medium': 'Food', 'Low': 'Water', 'High': 'Firewood'}","{'high': 'Firewood', 'medium': 'Water', 'low': 'Food'}",0,"{""high"": ""Firewood"", ""medium"": ""Water"", ""low"": ""Food""}"
507-3_agent_2_desire,507-3,agent_2,"{'Low': 'Food', 'Medium': 'Water', 'High': 'Firewood'}","{'high': 'Firewood', 'medium': 'Water', 'low': 'Food'}",1,"{""high"": ""Firewood"", ""medium"": ""Water"", ""low"": ""Food""}"
507-4_agent_1_desire,507-4,agent_1,"{'Medium': 'Food', 'Low': 'Water', 'High': 'Firewood'}","{'high': 'Firewood', 'medium': 'Food', 'low': 'Water'}",1,"{""high"": ""Firewood"", ""medium"": ""Food"", ""low"": ""Water""}"
507-4_agent_2_desire,507-4,agent_2,"{'Low': 'Food', 'Medium': 'Water', 'High': 'Firewood'}","{'high': 'Firewood', 'medium': 'Water', 'low': 'Food'}",1,"{""high"": ""Firewood"", ""medium"": ""Water"", ""low"": ""Food""}"
507-5_agent_1_desire,507-5,agent_1,"{'Medium': 'Food', 'Low': 'Water', 'High': 'Firewood'}","{'high': 'firewood', 'medium': 'food', 'low': 'water'}",1,"{""high"": ""firewood"", ""medium"": ""food"", ""low"": ""water""}"
507-5_agent_2_desire,507-5,agent_2,"{'Low': 'Food', 'Medium': 'Water', 'High': 'Firewood'}","{'high': 'firewood', 'medium': 'water', 'low': 'food'}",1,"{""high"": ""firewood"", ""medium"": ""water"", ""low"": ""food""}"
507-6_agent_1_desire,507-6,agent_1,"{'Medium': 'Food', 'Low': 'Water', 'High': 'Firewood'}","{'high': 'firewood', 'medium': 'food', 'low': 'water'}",1,"{""high"": ""firewood"", ""medium"": ""food"", ""low"": ""water""}"
507-6_agent_2_desire,507-6,agent_2,"{'Low': 'Food', 'Medium': 'Water', 'High': 'Firewood'}","{'high': 'firewood', 'medium': 'water', 'low': 'food'}",1,"{""high"": ""firewood"", ""medium"": ""water"", ""low"": ""food""}"
508-0_agent_1_desire,508-0,agent_1,"{'Low': 'Food', 'Medium': 'Water', 'High': 'Firewood'}","{'high': 'Firewood', 'medium': 'Water', 'low': 'Food'}",1,"{""high"": ""Firewood"", ""medium"": ""Water"", ""low"": ""Food""}"
508-0_agent_2_desire,508-0,agent_2,"{'Low': 'Food', 'Medium': 'Water', 'High': 'Firewood'}","{'high': 'water', 'medium': 'firewood', 'low': 'food'}",0,"{""high"": ""water"", ""medium"": ""firewood"", ""low"": ""food""}"
508-1_agent_1_desire,508-1,agent_1,"{'Low': 'Food', 'Medium': 'Water', 'High': 'Firewood'}","{'high': 'firewood', 'medium': 'water', 'low': 'food'}",1,"{""high"": ""firewood"", ""medium"": ""water"", ""low"": ""food""}"
508-1_agent_2_desire,508-1,agent_2,"{'Low': 'Food', 'Medium': 'Water', 'High': 'Firewood'}","{'high': 'water', 'medium': 'firewood', 'low': 'food'}",0,"{""high"": ""water"", ""medium"": ""firewood"", ""low"": ""food""}"
508-2_agent_1_desire,508-2,agent_1,"{'Low': 'Food', 'Medium': 'Water', 'High': 'Firewood'}","{'high': 'firewood', 'medium': 'food', 'low': 'water'}",0,"{""high"": ""firewood"", ""medium"": ""food"", ""low"": ""water""}"
508-2_agent_2_desire,508-2,agent_2,"{'Low': 'Food', 'Medium': 'Water', 'High': 'Firewood'}","{'high': 'water', 'medium': 'food', 'low': 'firewood'}",0,"{""high"": ""water"", ""medium"": ""food"", ""low"": ""firewood""}"
508-3_agent_1_desire,508-3,agent_1,"{'Low': 'Food', 'Medium': 'Water', 'High': 'Firewood'}","{'high': 'firewood', 'medium': 'water', 'low': 'food'}",1,"{""high"": ""firewood"", ""medium"": ""water"", ""low"": ""food""}"
508-3_agent_2_desire,508-3,agent_2,"{'Low': 'Food', 'Medium': 'Water', 'High': 'Firewood'}","{'high': 'water', 'medium': 'food', 'low': 'firewood'}",0,"{""high"": ""water"", ""medium"": ""food"", ""low"": ""firewood""}"
508-4_agent_1_desire,508-4,agent_1,"{'Low': 'Food', 'Medium': 'Water', 'High': 'Firewood'}","{'high': 'firewood', 'medium': 'water', 'low': 'food'}",1,"{""high"": ""firewood"", ""medium"": ""water"", ""low"": ""food""}"
508-4_agent_2_desire,508-4,agent_2,"{'Low': 'Food', 'Medium': 'Water', 'High': 'Firewood'}","{'high': 'water', 'medium': 'food', 'low': 'firewood'}",0,"{""high"": ""water"", ""medium"": ""food"", ""low"": ""firewood""}"
508-5_agent_1_desire,508-5,agent_1,"{'Low': 'Food', 'Medium': 'Water', 'High': 'Firewood'}","{'high': 'firewood', 'medium': 'food', 'low': 'water'}",0,"{""high"": ""firewood"", ""medium"": ""food"", ""low"": ""water""}"
508-5_agent_2_desire,508-5,agent_2,"{'Low': 'Food', 'Medium': 'Water', 'High': 'Firewood'}","{'high': 'water', 'medium': 'food', 'low': 'firewood'}",0,"{""high"": ""water"", ""medium"": ""food"", ""low"": ""firewood""}"
509-0_agent_1_desire,509-0,agent_1,"{'High': 'Food', 'Medium': 'Water', 'Low': 'Firewood'}","{'high': 'Food', 'medium': 'Water', 'low': 'Firewood'}",1,"{""high"": ""Food"", ""medium"": ""Water"", ""low"": ""Firewood""}"
509-0_agent_2_desire,509-0,agent_2,"{'High': 'Food', 'Medium': 'Water', 'Low': 'Firewood'}","{'high': 'Food', 'medium': 'Water', 'low': 'Firewood'}",1,"{""high"": ""Food"", ""medium"": ""Water"", ""low"": ""Firewood""}"
509-1_agent_1_desire,509-1,agent_1,"{'High': 'Food', 'Medium': 'Water', 'Low': 'Firewood'}","{'high': 'water', 'medium': 'food', 'low': 'firewood'}",0,"{""high"": ""water"", ""medium"": ""food"", ""low"": ""firewood""}"
509-1_agent_2_desire,509-1,agent_2,"{'High': 'Food', 'Medium': 'Water', 'Low': 'Firewood'}","{'high': 'Food', 'medium': 'Water', 'low': 'Firewood'}",1,"{""high"": ""Food"", ""medium"": ""Water"", ""low"": ""Firewood""}"
509-2_agent_1_desire,509-2,agent_1,"{'High': 'Food', 'Medium': 'Water', 'Low': 'Firewood'}","{'high': 'Food', 'medium': 'Water', 'low': 'Firewood'}",1,"{""high"": ""Food"", ""medium"": ""Water"", ""low"": ""Firewood""}"
509-2_agent_2_desire,509-2,agent_2,"{'High': 'Food', 'Medium': 'Water', 'Low': 'Firewood'}","{'high': 'Food', 'medium': 'Water', 'low': 'Firewood'}",1,"{""high"": ""Food"", ""medium"": ""Water"", ""low"": ""Firewood""}"
509-3_agent_1_desire,509-3,agent_1,"{'High': 'Food', 'Medium': 'Water', 'Low': 'Firewood'}","{'high': 'food', 'medium': 'water', 'low': 'firewood'}",1,"{""high"": ""food"", ""medium"": ""water"", ""low"": ""firewood""}"
509-3_agent_2_desire,509-3,agent_2,"{'High': 'Food', 'Medium': 'Water', 'Low': 'Firewood'}","{'high': 'Food', 'medium': 'Water', 'low': 'Firewood'}",1,"{""high"": ""Food"", ""medium"": ""Water"", ""low"": ""Firewood""}"
509-4_agent_1_desire,509-4,agent_1,"{'High': 'Food', 'Medium': 'Water', 'Low': 'Firewood'}","{'high': 'food', 'medium': 'water', 'low': 'firewood'}",1,"{""high"": ""food"", ""medium"": ""water"", ""low"": ""firewood""}"
509-4_agent_2_desire,509-4,agent_2,"{'High': 'Food', 'Medium': 'Water', 'Low': 'Firewood'}","{'high': 'water', 'medium': 'food', 'low': 'firewood'}",0,"{""high"": ""water"", ""medium"": ""food"", ""low"": ""firewood""}"
509-5_agent_1_desire,509-5,agent_1,"{'High': 'Food', 'Medium': 'Water', 'Low': 'Firewood'}","{'high': 'food', 'medium': 'water', 'low': 'firewood'}",1,"{""high"": ""food"", ""medium"": ""water"", ""low"": ""firewood""}"
509-5_agent_2_desire,509-5,agent_2,"{'High': 'Food', 'Medium': 'Water', 'Low': 'Firewood'}","{'high': 'Water', 'medium': 'Food', 'low': 'Firewood'}",0,"{""high"": ""Water"", ""medium"": ""Food"", ""low"": ""Firewood""}"
510-0_agent_1_desire,510-0,agent_1,"{'High': 'Food', 'Low': 'Water', 'Medium': 'Firewood'}","{'high': 'Food', 'medium': 'Firewood', 'low': 'Water'}",1,"{""high"": ""Food"", ""medium"": ""Firewood"", ""low"": ""Water""}"
510-0_agent_2_desire,510-0,agent_2,"{'Low': 'Food', 'High': 'Water', 'Medium': 'Firewood'}","{'high': 'water', 'medium': 'firewood', 'low': 'food'}",1,"{""high"": ""water"", ""medium"": ""firewood"", ""low"": ""food""}"
510-1_agent_1_desire,510-1,agent_1,"{'High': 'Food', 'Low': 'Water', 'Medium': 'Firewood'}","{'high': 'Food', 'medium': 'Firewood', 'low': 'Water'}",1,"{""high"": ""Food"", ""medium"": ""Firewood"", ""low"": ""Water""}"
510-1_agent_2_desire,510-1,agent_2,"{'Low': 'Food', 'High': 'Water', 'Medium': 'Firewood'}","{'high': 'water', 'medium': 'firewood', 'low': 'food'}",1,"{""high"": ""water"", ""medium"": ""firewood"", ""low"": ""food""}"
510-2_agent_1_desire,510-2,agent_1,"{'High': 'Food', 'Low': 'Water', 'Medium': 'Firewood'}","{'high': 'Food', 'medium': 'Firewood', 'low': 'Water'}",1,"{""high"": ""Food"", ""medium"": ""Firewood"", ""low"": ""Water""}"
510-2_agent_2_desire,510-2,agent_2,"{'Low': 'Food', 'High': 'Water', 'Medium': 'Firewood'}","{'high': 'Water', 'medium': 'Firewood', 'low': 'Food'}",1,"{""high"": ""Water"", ""medium"": ""Firewood"", ""low"": ""Food""}"
510-3_agent_1_desire,510-3,agent_1,"{'High': 'Food', 'Low': 'Water', 'Medium': 'Firewood'}","{'high': 'Food', 'medium': 'Firewood', 'low': 'Water'}",1,"{""high"": ""Food"", ""medium"": ""Firewood"", ""low"": ""Water""}"
510-3_agent_2_desire,510-3,agent_2,"{'Low': 'Food', 'High': 'Water', 'Medium': 'Firewood'}","{'high': 'Water', 'medium': 'Firewood', 'low': 'Food'}",1,"{""high"": ""Water"", ""medium"": ""Firewood"", ""low"": ""Food""}"
510-4_agent_1_desire,510-4,agent_1,"{'High': 'Food', 'Low': 'Water', 'Medium': 'Firewood'}","{'high': 'food', 'medium': 'firewood', 'low': 'water'}",1,"{""high"": ""food"", ""medium"": ""firewood"", ""low"": ""water""}"
510-4_agent_2_desire,510-4,agent_2,"{'Low': 'Food', 'High': 'Water', 'Medium': 'Firewood'}","{'high': 'water', 'medium': 'firewood', 'low': 'food'}",1,"{""high"": ""water"", ""medium"": ""firewood"", ""low"": ""food""}"
510-5_agent_1_desire,510-5,agent_1,"{'High': 'Food', 'Low': 'Water', 'Medium': 'Firewood'}","{'high': 'Food', 'medium': 'Firewood', 'low': 'Water'}",1,"{""high"": ""Food"", ""medium"": ""Firewood"", ""low"": ""Water""}"
510-5_agent_2_desire,510-5,agent_2,"{'Low': 'Food', 'High': 'Water', 'Medium': 'Firewood'}","{'high': 'water', 'medium': 'firewood', 'low': 'food'}",1,"{""high"": ""water"", ""medium"": ""firewood"", ""low"": ""food""}"
511-0_agent_1_desire,511-0,agent_1,"{'Low': 'Food', 'Medium': 'Water', 'High': 'Firewood'}","{'high': 'water', 'medium': 'firewood', 'low': 'food'}",0,"{""high"": ""water"", ""medium"": ""firewood"", ""low"": ""food""}"
511-0_agent_2_desire,511-0,agent_2,"{'Medium': 'Food', 'High': 'Water', 'Low': 'Firewood'}","{'high': 'Water', 'medium': 'Food', 'low': 'Firewood'}",1,"{""high"": ""Water"", ""medium"": ""Food"", ""low"": ""Firewood""}"
511-1_agent_1_desire,511-1,agent_1,"{'Low': 'Food', 'Medium': 'Water', 'High': 'Firewood'}","{'high': 'firewood', 'medium': 'food', 'low': 'water'}",0,"{""high"": ""firewood"", ""medium"": ""food"", ""low"": ""water""}"
511-1_agent_2_desire,511-1,agent_2,"{'Medium': 'Food', 'High': 'Water', 'Low': 'Firewood'}","{'high': 'Water', 'medium': 'Food', 'low': 'Firewood'}",1,"{""high"": ""Water"", ""medium"": ""Food"", ""low"": ""Firewood""}"
511-2_agent_1_desire,511-2,agent_1,"{'Low': 'Food', 'Medium': 'Water', 'High': 'Firewood'}","{'high': 'firewood', 'medium': 'water', 'low': 'food'}",1,"{""high"": ""firewood"", ""medium"": ""water"", ""low"": ""food""}"
511-2_agent_2_desire,511-2,agent_2,"{'Medium': 'Food', 'High': 'Water', 'Low': 'Firewood'}","{'high': 'water', 'medium': 'food', 'low': 'firewood'}",1,"{""high"": ""water"", ""medium"": ""food"", ""low"": ""firewood""}"
511-3_agent_1_desire,511-3,agent_1,"{'Low': 'Food', 'Medium': 'Water', 'High': 'Firewood'}","{'high': 'firewood', 'medium': 'water', 'low': 'food'}",1,"{""high"": ""firewood"", ""medium"": ""water"", ""low"": ""food""}"
511-3_agent_2_desire,511-3,agent_2,"{'Medium': 'Food', 'High': 'Water', 'Low': 'Firewood'}","{'high': 'water', 'medium': 'food', 'low': 'firewood'}",1,"{""high"": ""water"", ""medium"": ""food"", ""low"": ""firewood""}"
511-4_agent_1_desire,511-4,agent_1,"{'Low': 'Food', 'Medium': 'Water', 'High': 'Firewood'}","{'high': 'firewood', 'medium': 'food', 'low': 'water'}",0,"{""high"": ""firewood"", ""medium"": ""food"", ""low"": ""water""}"
511-4_agent_2_desire,511-4,agent_2,"{'Medium': 'Food', 'High': 'Water', 'Low': 'Firewood'}","{'high': 'water', 'medium': 'food', 'low': 'firewood'}",1,"{""high"": ""water"", ""medium"": ""food"", ""low"": ""firewood""}"
511-5_agent_1_desire,511-5,agent_1,"{'Low': 'Food', 'Medium': 'Water', 'High': 'Firewood'}","{'high': 'Food', 'medium': 'Firewood', 'low': 'Water'}",0,"{""high"": ""Food"", ""medium"": ""Firewood"", ""low"": ""Water""}"
511-5_agent_2_desire,511-5,agent_2,"{'Medium': 'Food', 'High': 'Water', 'Low': 'Firewood'}","{'high': 'water', 'medium': 'food', 'low': 'firewood'}",1,"{""high"": ""water"", ""medium"": ""food"", ""low"": ""firewood""}"
512-0_agent_1_desire,512-0,agent_1,"{'Low': 'Food', 'Medium': 'Water', 'High': 'Firewood'}","{'high': 'Water', 'medium': 'Food', 'low': 'Firewood'}",0,"{""high"": ""Water"", ""medium"": ""Food"", ""low"": ""Firewood""}"
512-0_agent_2_desire,512-0,agent_2,"{'Low': 'Food', 'Medium': 'Water', 'High': 'Firewood'}","{'high': 'Water', 'medium': 'Food', 'low': 'Firewood'}",0,"{""high"": ""Water"", ""medium"": ""Food"", ""low"": ""Firewood""}"
512-1_agent_1_desire,512-1,agent_1,"{'Low': 'Food', 'Medium': 'Water', 'High': 'Firewood'}","{'high': 'Food', 'medium': 'Water', 'low': 'Firewood'}",0,"{""high"": ""Food"", ""medium"": ""Water"", ""low"": ""Firewood""}"
512-1_agent_2_desire,512-1,agent_2,"{'Low': 'Food', 'Medium': 'Water', 'High': 'Firewood'}","{'high': 'Firewood', 'medium': 'Food', 'low': 'Water'}",0,"{""high"": ""Firewood"", ""medium"": ""Food"", ""low"": ""Water""}"
512-2_agent_1_desire,512-2,agent_1,"{'Low': 'Food', 'Medium': 'Water', 'High': 'Firewood'}","{'high': 'firewood', 'medium': 'food', 'low': 'water'}",0,"{""high"": ""firewood"", ""medium"": ""food"", ""low"": ""water""}"
512-2_agent_2_desire,512-2,agent_2,"{'Low': 'Food', 'Medium': 'Water', 'High': 'Firewood'}","{'high': 'firewood', 'medium': 'food', 'low': 'water'}",0,"{""high"": ""firewood"", ""medium"": ""food"", ""low"": ""water""}"
512-3_agent_1_desire,512-3,agent_1,"{'Low': 'Food', 'Medium': 'Water', 'High': 'Firewood'}","{'high': 'firewood', 'medium': 'water', 'low': 'food'}",1,"{""high"": ""firewood"", ""medium"": ""water"", ""low"": ""food""}"
512-3_agent_2_desire,512-3,agent_2,"{'Low': 'Food', 'Medium': 'Water', 'High': 'Firewood'}","{'high': 'firewood', 'medium': 'water', 'low': 'food'}",1,"{""high"": ""firewood"", ""medium"": ""water"", ""low"": ""food""}"
512-4_agent_1_desire,512-4,agent_1,"{'Low': 'Food', 'Medium': 'Water', 'High': 'Firewood'}","{'high': 'food', 'medium': 'firewood', 'low': 'water'}",0,"{""high"": ""food"", ""medium"": ""firewood"", ""low"": ""water""}"
512-4_agent_2_desire,512-4,agent_2,"{'Low': 'Food', 'Medium': 'Water', 'High': 'Firewood'}","{'high': 'Water', 'medium': 'Firewood', 'low': 'Food'}",0,"{""high"": ""Water"", ""medium"": ""Firewood"", ""low"": ""Food""}"
512-5_agent_1_desire,512-5,agent_1,"{'Low': 'Food', 'Medium': 'Water', 'High': 'Firewood'}","{'high': 'firewood', 'medium': 'water', 'low': 'food'}",1,"{""high"": ""firewood"", ""medium"": ""water"", ""low"": ""food""}"
512-5_agent_2_desire,512-5,agent_2,"{'Low': 'Food', 'Medium': 'Water', 'High': 'Firewood'}","{'high': 'Food', 'medium': 'Water', 'low': 'Firewood'}",0,"{""high"": ""Food"", ""medium"": ""Water"", ""low"": ""Firewood""}"
513-0_agent_1_desire,513-0,agent_1,"{'High': 'Food', 'Medium': 'Water', 'Low': 'Firewood'}","{'high': 'Food', 'medium': 'Water', 'low': 'Firewood'}",1,"{""high"": ""Food"", ""medium"": ""Water"", ""low"": ""Firewood""}"
513-0_agent_2_desire,513-0,agent_2,"{'High': 'Food', 'Medium': 'Water', 'Low': 'Firewood'}","{'high': 'Food', 'medium': 'Water', 'low': 'Firewood'}",1,"{""high"": ""Food"", ""medium"": ""Water"", ""low"": ""Firewood""}"
513-1_agent_1_desire,513-1,agent_1,"{'High': 'Food', 'Medium': 'Water', 'Low': 'Firewood'}","{'high': 'Food', 'medium': 'Water', 'low': 'Firewood'}",1,"{""high"": ""Food"", ""medium"": ""Water"", ""low"": ""Firewood""}"
513-1_agent_2_desire,513-1,agent_2,"{'High': 'Food', 'Medium': 'Water', 'Low': 'Firewood'}","{'high': 'Water', 'medium': 'Firewood', 'low': 'Food'}",0,"{""high"": ""Water"", ""medium"": ""Firewood"", ""low"": ""Food""}"
513-2_agent_1_desire,513-2,agent_1,"{'High': 'Food', 'Medium': 'Water', 'Low': 'Firewood'}","{'high': 'Food', 'medium': 'Water', 'low': 'Firewood'}",1,"{""high"": ""Food"", ""medium"": ""Water"", ""low"": ""Firewood""}"
513-2_agent_2_desire,513-2,agent_2,"{'High': 'Food', 'Medium': 'Water', 'Low': 'Firewood'}","{'high': 'Water', 'medium': 'Food', 'low': 'Firewood'}",0,"{""high"": ""Water"", ""medium"": ""Food"", ""low"": ""Firewood""}"
513-3_agent_1_desire,513-3,agent_1,"{'High': 'Food', 'Medium': 'Water', 'Low': 'Firewood'}","{'high': 'Food', 'medium': 'Water', 'low': 'Firewood'}",1,"{""high"": ""Food"", ""medium"": ""Water"", ""low"": ""Firewood""}"
513-3_agent_2_desire,513-3,agent_2,"{'High': 'Food', 'Medium': 'Water', 'Low': 'Firewood'}","{'high': 'water', 'medium': 'food', 'low': 'firewood'}",0,"{""high"": ""water"", ""medium"": ""food"", ""low"": ""firewood""}"
513-4_agent_1_desire,513-4,agent_1,"{'High': 'Food', 'Medium': 'Water', 'Low': 'Firewood'}","{'high': 'Food', 'medium': 'Water', 'low': 'Firewood'}",1,"{""high"": ""Food"", ""medium"": ""Water"", ""low"": ""Firewood""}"
513-4_agent_2_desire,513-4,agent_2,"{'High': 'Food', 'Medium': 'Water', 'Low': 'Firewood'}","{'high': 'Water', 'medium': 'Food', 'low': 'Firewood'}",0,"{""high"": ""Water"", ""medium"": ""Food"", ""low"": ""Firewood""}"
514-0_agent_1_desire,514-0,agent_1,"{'High': 'Food', 'Low': 'Water', 'Medium': 'Firewood'}","{'high': 'Water', 'medium': 'Food', 'low': 'Firewood'}",0,"{""high"": ""Water"", ""medium"": ""Food"", ""low"": ""Firewood""}"
514-0_agent_2_desire,514-0,agent_2,"{'High': 'Food', 'Low': 'Water', 'Medium': 'Firewood'}","{'high': 'Water', 'medium': 'Food', 'low': 'Firewood'}",0,"{""high"": ""Water"", ""medium"": ""Food"", ""low"": ""Firewood""}"
514-1_agent_1_desire,514-1,agent_1,"{'High': 'Food', 'Low': 'Water', 'Medium': 'Firewood'}","{'high': 'Food', 'medium': 'Water', 'low': 'Firewood'}",0,"{""high"": ""Food"", ""medium"": ""Water"", ""low"": ""Firewood""}"
514-1_agent_2_desire,514-1,agent_2,"{'High': 'Food', 'Low': 'Water', 'Medium': 'Firewood'}","{'high': 'Food', 'medium': 'Water', 'low': 'Firewood'}",0,"{""high"": ""Food"", ""medium"": ""Water"", ""low"": ""Firewood""}"
514-2_agent_1_desire,514-2,agent_1,"{'High': 'Food', 'Low': 'Water', 'Medium': 'Firewood'}","{'high': 'Food', 'medium': 'Firewood', 'low': 'Water'}",1,"{""high"": ""Food"", ""medium"": ""Firewood"", ""low"": ""Water""}"
514-2_agent_2_desire,514-2,agent_2,"{'High': 'Food', 'Low': 'Water', 'Medium': 'Firewood'}","{'high': 'Water', 'medium': 'Firewood', 'low': 'Food'}",0,"{""high"": ""Water"", ""medium"": ""Firewood"", ""low"": ""Food""}"
514-3_agent_1_desire,514-3,agent_1,"{'High': 'Food', 'Low': 'Water', 'Medium': 'Firewood'}","{'high': 'food', 'medium': 'firewood', 'low': 'water'}",1,"{""high"": ""food"", ""medium"": ""firewood"", ""low"": ""water""}"
514-3_agent_2_desire,514-3,agent_2,"{'High': 'Food', 'Low': 'Water', 'Medium': 'Firewood'}","{'high': 'Food', 'medium': 'Firewood', 'low': 'Water'}",1,"{""high"": ""Food"", ""medium"": ""Firewood"", ""low"": ""Water""}"
514-4_agent_1_desire,514-4,agent_1,"{'High': 'Food', 'Low': 'Water', 'Medium': 'Firewood'}","{'high': 'food', 'medium': 'firewood', 'low': 'water'}",1,"{""high"": ""food"", ""medium"": ""firewood"", ""low"": ""water""}"
514-4_agent_2_desire,514-4,agent_2,"{'High': 'Food', 'Low': 'Water', 'Medium': 'Firewood'}","{'high': 'food', 'medium': 'firewood', 'low': 'water'}",1,"{""high"": ""food"", ""medium"": ""firewood"", ""low"": ""water""}"
515-0_agent_1_desire,515-0,agent_1,"{'Low': 'Food', 'Medium': 'Water', 'High': 'Firewood'}","{'high': 'Water', 'medium': 'Food', 'low': 'Firewood'}",0,"{""high"": ""Water"", ""medium"": ""Food"", ""low"": ""Firewood""}"
515-0_agent_2_desire,515-0,agent_2,"{'Medium': 'Food', 'Low': 'Water', 'High': 'Firewood'}","{'high': 'Water', 'medium': 'Food', 'low': 'Firewood'}",0,"{""high"": ""Water"", ""medium"": ""Food"", ""low"": ""Firewood""}"
515-1_agent_1_desire,515-1,agent_1,"{'Low': 'Food', 'Medium': 'Water', 'High': 'Firewood'}","{'high': 'water', 'medium': 'firewood', 'low': 'food'}",0,"{""high"": ""water"", ""medium"": ""firewood"", ""low"": ""food""}"
515-1_agent_2_desire,515-1,agent_2,"{'Medium': 'Food', 'Low': 'Water', 'High': 'Firewood'}","{'high': 'firewood', 'medium': 'water', 'low': 'food'}",0,"{""high"": ""firewood"", ""medium"": ""water"", ""low"": ""food""}"
515-2_agent_1_desire,515-2,agent_1,"{'Low': 'Food', 'Medium': 'Water', 'High': 'Firewood'}","{'high': 'water', 'medium': 'food', 'low': 'firewood'}",0,"{""high"": ""water"", ""medium"": ""food"", ""low"": ""firewood""}"
515-2_agent_2_desire,515-2,agent_2,"{'Medium': 'Food', 'Low': 'Water', 'High': 'Firewood'}","{'high': 'firewood', 'medium': 'water', 'low': 'food'}",0,"{""high"": ""firewood"", ""medium"": ""water"", ""low"": ""food""}"
515-3_agent_1_desire,515-3,agent_1,"{'Low': 'Food', 'Medium': 'Water', 'High': 'Firewood'}","{'high': 'water', 'medium': 'food', 'low': 'firewood'}",0,"{""high"": ""water"", ""medium"": ""food"", ""low"": ""firewood""}"
515-3_agent_2_desire,515-3,agent_2,"{'Medium': 'Food', 'Low': 'Water', 'High': 'Firewood'}","{'high': 'firewood', 'medium': 'water', 'low': 'food'}",0,"{""high"": ""firewood"", ""medium"": ""water"", ""low"": ""food""}"
515-4_agent_1_desire,515-4,agent_1,"{'Low': 'Food', 'Medium': 'Water', 'High': 'Firewood'}","{'high': 'water', 'medium': 'food', 'low': 'firewood'}",0,"{""high"": ""water"", ""medium"": ""food"", ""low"": ""firewood""}"
515-4_agent_2_desire,515-4,agent_2,"{'Medium': 'Food', 'Low': 'Water', 'High': 'Firewood'}","{'high': 'firewood', 'medium': 'water', 'low': 'food'}",0,"{""high"": ""firewood"", ""medium"": ""water"", ""low"": ""food""}"
515-5_agent_1_desire,515-5,agent_1,"{'Low': 'Food', 'Medium': 'Water', 'High': 'Firewood'}","{'high': 'water', 'medium': 'food', 'low': 'firewood'}",0,"{""high"": ""water"", ""medium"": ""food"", ""low"": ""firewood""}"
515-5_agent_2_desire,515-5,agent_2,"{'Medium': 'Food', 'Low': 'Water', 'High': 'Firewood'}","{'high': 'firewood', 'medium': 'water', 'low': 'food'}",0,"{""high"": ""firewood"", ""medium"": ""water"", ""low"": ""food""}"
516-0_agent_1_desire,516-0,agent_1,"{'Low': 'Food', 'High': 'Water', 'Medium': 'Firewood'}","{'high': 'firewood', 'medium': 'food', 'low': 'water'}",0,"{""high"": ""firewood"", ""medium"": ""food"", ""low"": ""water""}"
516-0_agent_2_desire,516-0,agent_2,"{'Medium': 'Food', 'Low': 'Water', 'High': 'Firewood'}","{'high': 'firewood', 'medium': 'food', 'low': 'water'}",1,"{""high"": ""firewood"", ""medium"": ""food"", ""low"": ""water""}"
516-1_agent_1_desire,516-1,agent_1,"{'Low': 'Food', 'High': 'Water', 'Medium': 'Firewood'}","{'high': 'food', 'medium': 'firewood', 'low': 'water'}",0,"{""high"": ""food"", ""medium"": ""firewood"", ""low"": ""water""}"
516-1_agent_2_desire,516-1,agent_2,"{'Medium': 'Food', 'Low': 'Water', 'High': 'Firewood'}","{'high': 'firewood', 'medium': 'food', 'low': 'water'}",1,"{""high"": ""firewood"", ""medium"": ""food"", ""low"": ""water""}"
516-2_agent_1_desire,516-2,agent_1,"{'Low': 'Food', 'High': 'Water', 'Medium': 'Firewood'}","{'high': 'food', 'medium': 'firewood', 'low': 'water'}",0,"{""high"": ""food"", ""medium"": ""firewood"", ""low"": ""water""}"
516-2_agent_2_desire,516-2,agent_2,"{'Medium': 'Food', 'Low': 'Water', 'High': 'Firewood'}","{'high': 'firewood', 'medium': 'water', 'low': 'food'}",0,"{""high"": ""firewood"", ""medium"": ""water"", ""low"": ""food""}"
516-3_agent_1_desire,516-3,agent_1,"{'Low': 'Food', 'High': 'Water', 'Medium': 'Firewood'}","{'high': 'Food', 'medium': 'Firewood', 'low': 'Water'}",0,"{""high"": ""Food"", ""medium"": ""Firewood"", ""low"": ""Water""}"
516-3_agent_2_desire,516-3,agent_2,"{'Medium': 'Food', 'Low': 'Water', 'High': 'Firewood'}","{'high': 'food', 'medium': 'firewood', 'low': 'water'}",0,"{""high"": ""food"", ""medium"": ""firewood"", ""low"": ""water""}"
516-4_agent_1_desire,516-4,agent_1,"{'Low': 'Food', 'High': 'Water', 'Medium': 'Firewood'}","{'high': 'food', 'medium': 'water', 'low': 'firewood'}",0,"{""high"": ""food"", ""medium"": ""water"", ""low"": ""firewood""}"
516-4_agent_2_desire,516-4,agent_2,"{'Medium': 'Food', 'Low': 'Water', 'High': 'Firewood'}","{'high': 'food', 'medium': 'firewood', 'low': 'water'}",0,"{""high"": ""food"", ""medium"": ""firewood"", ""low"": ""water""}"
516-5_agent_1_desire,516-5,agent_1,"{'Low': 'Food', 'High': 'Water', 'Medium': 'Firewood'}","{'high': 'food', 'medium': 'water', 'low': 'firewood'}",0,"{""high"": ""food"", ""medium"": ""water"", ""low"": ""firewood""}"
516-5_agent_2_desire,516-5,agent_2,"{'Medium': 'Food', 'Low': 'Water', 'High': 'Firewood'}","{'high': 'Water', 'medium': 'Firewood', 'low': 'Food'}",0,"{""high"": ""Water"", ""medium"": ""Firewood"", ""low"": ""Food""}"
517-0_agent_1_desire,517-0,agent_1,"{'High': 'Food', 'Low': 'Water', 'Medium': 'Firewood'}","{'high': 'Food', 'medium': 'Firewood', 'low': 'Water'}",1,"{""high"": ""Food"", ""medium"": ""Firewood"", ""low"": ""Water""}"
517-0_agent_2_desire,517-0,agent_2,"{'Medium': 'Food', 'Low': 'Water', 'High': 'Firewood'}","{'high': 'Firewood', 'medium': 'Food', 'low': 'Water'}",1,"{""high"": ""Firewood"", ""medium"": ""Food"", ""low"": ""Water""}"
517-1_agent_1_desire,517-1,agent_1,"{'High': 'Food', 'Low': 'Water', 'Medium': 'Firewood'}","{'high': 'firewood', 'medium': 'food', 'low': 'water'}",0,"{""high"": ""firewood"", ""medium"": ""food"", ""low"": ""water""}"
517-1_agent_2_desire,517-1,agent_2,"{'Medium': 'Food', 'Low': 'Water', 'High': 'Firewood'}","{'high': 'firewood', 'medium': 'food', 'low': 'water'}",1,"{""high"": ""firewood"", ""medium"": ""food"", ""low"": ""water""}"
517-2_agent_1_desire,517-2,agent_1,"{'High': 'Food', 'Low': 'Water', 'Medium': 'Firewood'}","{'high': 'food', 'medium': 'firewood', 'low': 'water'}",1,"{""high"": ""food"", ""medium"": ""firewood"", ""low"": ""water""}"
517-2_agent_2_desire,517-2,agent_2,"{'Medium': 'Food', 'Low': 'Water', 'High': 'Firewood'}","{'high': 'firewood', 'medium': 'food', 'low': 'water'}",1,"{""high"": ""firewood"", ""medium"": ""food"", ""low"": ""water""}"
517-3_agent_1_desire,517-3,agent_1,"{'High': 'Food', 'Low': 'Water', 'Medium': 'Firewood'}","{'high': 'food', 'medium': 'water', 'low': 'firewood'}",0,"{""high"": ""food"", ""medium"": ""water"", ""low"": ""firewood""}"
517-3_agent_2_desire,517-3,agent_2,"{'Medium': 'Food', 'Low': 'Water', 'High': 'Firewood'}","{'high': 'firewood', 'medium': 'food', 'low': 'water'}",1,"{""high"": ""firewood"", ""medium"": ""food"", ""low"": ""water""}"
517-4_agent_1_desire,517-4,agent_1,"{'High': 'Food', 'Low': 'Water', 'Medium': 'Firewood'}","{'high': 'food', 'medium': 'water', 'low': 'firewood'}",0,"{""high"": ""food"", ""medium"": ""water"", ""low"": ""firewood""}"
517-4_agent_2_desire,517-4,agent_2,"{'Medium': 'Food', 'Low': 'Water', 'High': 'Firewood'}","{'high': 'firewood', 'medium': 'food', 'low': 'water'}",1,"{""high"": ""firewood"", ""medium"": ""food"", ""low"": ""water""}"
518-0_agent_1_desire,518-0,agent_1,"{'High': 'Food', 'Medium': 'Water', 'Low': 'Firewood'}","{'high': 'Food', 'medium': 'Water', 'low': 'Firewood'}",1,"{""high"": ""Food"", ""medium"": ""Water"", ""low"": ""Firewood""}"
518-0_agent_2_desire,518-0,agent_2,"{'Low': 'Food', 'Medium': 'Water', 'High': 'Firewood'}","{'high': 'Water', 'medium': 'Food', 'low': 'Firewood'}",0,"{""high"": ""Water"", ""medium"": ""Food"", ""low"": ""Firewood""}"
518-1_agent_1_desire,518-1,agent_1,"{'High': 'Food', 'Medium': 'Water', 'Low': 'Firewood'}","{'high': 'Firewood', 'medium': 'Food', 'low': 'Water'}",0,"{""high"": ""Firewood"", ""medium"": ""Food"", ""low"": ""Water""}"
518-1_agent_2_desire,518-1,agent_2,"{'Low': 'Food', 'Medium': 'Water', 'High': 'Firewood'}","{'high': 'Firewood', 'medium': 'Food', 'low': 'Water'}",0,"{""high"": ""Firewood"", ""medium"": ""Food"", ""low"": ""Water""}"
518-2_agent_1_desire,518-2,agent_1,"{'High': 'Food', 'Medium': 'Water', 'Low': 'Firewood'}","{'high': 'Water', 'medium': 'Food', 'low': 'Firewood'}",0,"{""high"": ""Water"", ""medium"": ""Food"", ""low"": ""Firewood""}"
518-2_agent_2_desire,518-2,agent_2,"{'Low': 'Food', 'Medium': 'Water', 'High': 'Firewood'}","{'high': 'Water', 'medium': 'Food', 'low': 'Firewood'}",0,"{""high"": ""Water"", ""medium"": ""Food"", ""low"": ""Firewood""}"
518-3_agent_1_desire,518-3,agent_1,"{'High': 'Food', 'Medium': 'Water', 'Low': 'Firewood'}","{'high': 'Water', 'medium': 'Food', 'low': 'Firewood'}",0,"{""high"": ""Water"", ""medium"": ""Food"", ""low"": ""Firewood""}"
518-3_agent_2_desire,518-3,agent_2,"{'Low': 'Food', 'Medium': 'Water', 'High': 'Firewood'}","{'high': 'firewood', 'medium': 'food', 'low': 'water'}",0,"{""high"": ""firewood"", ""medium"": ""food"", ""low"": ""water""}"
518-4_agent_1_desire,518-4,agent_1,"{'High': 'Food', 'Medium': 'Water', 'Low': 'Firewood'}","{'high': 'Food', 'medium': 'Water', 'low': 'Firewood'}",1,"{""high"": ""Food"", ""medium"": ""Water"", ""low"": ""Firewood""}"
518-4_agent_2_desire,518-4,agent_2,"{'Low': 'Food', 'Medium': 'Water', 'High': 'Firewood'}","{'high': 'food', 'medium': 'water', 'low': 'firewood'}",0,"{""high"": ""food"", ""medium"": ""water"", ""low"": ""firewood""}"
518-5_agent_1_desire,518-5,agent_1,"{'High': 'Food', 'Medium': 'Water', 'Low': 'Firewood'}","{'high': 'Food', 'medium': 'Water', 'low': 'Firewood'}",1,"{""high"": ""Food"", ""medium"": ""Water"", ""low"": ""Firewood""}"
518-5_agent_2_desire,518-5,agent_2,"{'Low': 'Food', 'Medium': 'Water', 'High': 'Firewood'}","{'high': 'Food', 'medium': 'Water', 'low': 'Firewood'}",0,"{""high"": ""Food"", ""medium"": ""Water"", ""low"": ""Firewood""}"
519-0_agent_1_desire,519-0,agent_1,"{'High': 'Food', 'Medium': 'Water', 'Low': 'Firewood'}","{'high': 'Water', 'medium': 'Food', 'low': 'Firewood'}",0,"{""high"": ""Water"", ""medium"": ""Food"", ""low"": ""Firewood""}"
519-0_agent_2_desire,519-0,agent_2,"{'High': 'Food', 'Low': 'Water', 'Medium': 'Firewood'}","{'high': 'Water', 'medium': 'Food', 'low': 'Firewood'}",0,"{""high"": ""Water"", ""medium"": ""Food"", ""low"": ""Firewood""}"
519-1_agent_1_desire,519-1,agent_1,"{'High': 'Food', 'Medium': 'Water', 'Low': 'Firewood'}","{'high': 'Food', 'medium': 'Water', 'low': 'Firewood'}",1,"{""high"": ""Food"", ""medium"": ""Water"", ""low"": ""Firewood""}"
519-1_agent_2_desire,519-1,agent_2,"{'High': 'Food', 'Low': 'Water', 'Medium': 'Firewood'}","{'high': 'food', 'medium': 'water', 'low': 'firewood'}",0,"{""high"": ""food"", ""medium"": ""water"", ""low"": ""firewood""}"
519-2_agent_1_desire,519-2,agent_1,"{'High': 'Food', 'Medium': 'Water', 'Low': 'Firewood'}","{'high': 'Food', 'medium': 'Water', 'low': 'Firewood'}",1,"{""high"": ""Food"", ""medium"": ""Water"", ""low"": ""Firewood""}"
519-2_agent_2_desire,519-2,agent_2,"{'High': 'Food', 'Low': 'Water', 'Medium': 'Firewood'}","{'high': 'firewood', 'medium': 'water', 'low': 'food'}",0,"{""high"": ""firewood"", ""medium"": ""water"", ""low"": ""food""}"
519-3_agent_1_desire,519-3,agent_1,"{'High': 'Food', 'Medium': 'Water', 'Low': 'Firewood'}","{'high': 'Food', 'medium': 'Water', 'low': 'Firewood'}",1,"{""high"": ""Food"", ""medium"": ""Water"", ""low"": ""Firewood""}"
519-3_agent_2_desire,519-3,agent_2,"{'High': 'Food', 'Low': 'Water', 'Medium': 'Firewood'}","{'high': 'firewood', 'medium': 'water', 'low': 'food'}",0,"{""high"": ""firewood"", ""medium"": ""water"", ""low"": ""food""}"
519-4_agent_1_desire,519-4,agent_1,"{'High': 'Food', 'Medium': 'Water', 'Low': 'Firewood'}","{'high': 'Food', 'medium': 'Water', 'low': 'Firewood'}",1,"{""high"": ""Food"", ""medium"": ""Water"", ""low"": ""Firewood""}"
519-4_agent_2_desire,519-4,agent_2,"{'High': 'Food', 'Low': 'Water', 'Medium': 'Firewood'}","{'high': 'food', 'medium': 'firewood', 'low': 'water'}",1,"{""high"": ""food"", ""medium"": ""firewood"", ""low"": ""water""}"
520-0_agent_1_desire,520-0,agent_1,"{'Low': 'Food', 'Medium': 'Water', 'High': 'Firewood'}","{'high': 'Firewood', 'medium': 'Water', 'low': 'Food'}",1,"{""high"": ""Firewood"", ""medium"": ""Water"", ""low"": ""Food""}"
520-0_agent_2_desire,520-0,agent_2,"{'High': 'Food', 'Medium': 'Water', 'Low': 'Firewood'}","{'high': 'water', 'medium': 'food', 'low': 'firewood'}",0,"{""high"": ""water"", ""medium"": ""food"", ""low"": ""firewood""}"
520-1_agent_1_desire,520-1,agent_1,"{'Low': 'Food', 'Medium': 'Water', 'High': 'Firewood'}","{'high': 'firewood', 'medium': 'water', 'low': 'food'}",1,"{""high"": ""firewood"", ""medium"": ""water"", ""low"": ""food""}"
520-1_agent_2_desire,520-1,agent_2,"{'High': 'Food', 'Medium': 'Water', 'Low': 'Firewood'}","{'high': 'water', 'medium': 'food', 'low': 'firewood'}",0,"{""high"": ""water"", ""medium"": ""food"", ""low"": ""firewood""}"
520-2_agent_1_desire,520-2,agent_1,"{'Low': 'Food', 'Medium': 'Water', 'High': 'Firewood'}","{'high': 'firewood', 'medium': 'water', 'low': 'food'}",1,"{""high"": ""firewood"", ""medium"": ""water"", ""low"": ""food""}"
520-2_agent_2_desire,520-2,agent_2,"{'High': 'Food', 'Medium': 'Water', 'Low': 'Firewood'}","{'high': 'water', 'medium': 'food', 'low': 'firewood'}",0,"{""high"": ""water"", ""medium"": ""food"", ""low"": ""firewood""}"
520-3_agent_1_desire,520-3,agent_1,"{'Low': 'Food', 'Medium': 'Water', 'High': 'Firewood'}","{'high': 'firewood', 'medium': 'water', 'low': 'food'}",1,"{""high"": ""firewood"", ""medium"": ""water"", ""low"": ""food""}"
520-3_agent_2_desire,520-3,agent_2,"{'High': 'Food', 'Medium': 'Water', 'Low': 'Firewood'}","{'high': 'water', 'medium': 'food', 'low': 'firewood'}",0,"{""high"": ""water"", ""medium"": ""food"", ""low"": ""firewood""}"
520-4_agent_1_desire,520-4,agent_1,"{'Low': 'Food', 'Medium': 'Water', 'High': 'Firewood'}","{'high': 'firewood', 'medium': 'water', 'low': 'food'}",1,"{""high"": ""firewood"", ""medium"": ""water"", ""low"": ""food""}"
520-4_agent_2_desire,520-4,agent_2,"{'High': 'Food', 'Medium': 'Water', 'Low': 'Firewood'}","{'high': 'water', 'medium': 'food', 'low': 'firewood'}",0,"{""high"": ""water"", ""medium"": ""food"", ""low"": ""firewood""}"
520-5_agent_1_desire,520-5,agent_1,"{'Low': 'Food', 'Medium': 'Water', 'High': 'Firewood'}","{'high': 'firewood', 'medium': 'water', 'low': 'food'}",1,"{""high"": ""firewood"", ""medium"": ""water"", ""low"": ""food""}"
520-5_agent_2_desire,520-5,agent_2,"{'High': 'Food', 'Medium': 'Water', 'Low': 'Firewood'}","{'high': 'water', 'medium': 'food', 'low': 'firewood'}",0,"{""high"": ""water"", ""medium"": ""food"", ""low"": ""firewood""}"
520-6_agent_1_desire,520-6,agent_1,"{'Low': 'Food', 'Medium': 'Water', 'High': 'Firewood'}","{'high': 'firewood', 'medium': 'water', 'low': 'food'}",1,"{""high"": ""firewood"", ""medium"": ""water"", ""low"": ""food""}"
520-6_agent_2_desire,520-6,agent_2,"{'High': 'Food', 'Medium': 'Water', 'Low': 'Firewood'}","{'high': 'water', 'medium': 'food', 'low': 'firewood'}",0,"{""high"": ""water"", ""medium"": ""food"", ""low"": ""firewood""}"
521-0_agent_1_desire,521-0,agent_1,"{'Low': 'Food', 'Medium': 'Water', 'High': 'Firewood'}","{'high': 'Firewood', 'medium': 'Water', 'low': 'Food'}",1,"{""high"": ""Firewood"", ""medium"": ""Water"", ""low"": ""Food""}"
521-0_agent_2_desire,521-0,agent_2,"{'Medium': 'Food', 'High': 'Water', 'Low': 'Firewood'}","{'high': 'water', 'medium': 'food', 'low': 'firewood'}",1,"{""high"": ""water"", ""medium"": ""food"", ""low"": ""firewood""}"
521-1_agent_1_desire,521-1,agent_1,"{'Low': 'Food', 'Medium': 'Water', 'High': 'Firewood'}","{'high': 'food', 'medium': 'water', 'low': 'firewood'}",0,"{""high"": ""food"", ""medium"": ""water"", ""low"": ""firewood""}"
521-1_agent_2_desire,521-1,agent_2,"{'Medium': 'Food', 'High': 'Water', 'Low': 'Firewood'}","{'high': 'water', 'medium': 'food', 'low': 'firewood'}",1,"{""high"": ""water"", ""medium"": ""food"", ""low"": ""firewood""}"
521-2_agent_1_desire,521-2,agent_1,"{'Low': 'Food', 'Medium': 'Water', 'High': 'Firewood'}","{'high': 'firewood', 'medium': 'food', 'low': 'water'}",0,"{""high"": ""firewood"", ""medium"": ""food"", ""low"": ""water""}"
521-2_agent_2_desire,521-2,agent_2,"{'Medium': 'Food', 'High': 'Water', 'Low': 'Firewood'}","{'high': 'Water', 'medium': 'Food', 'low': 'Firewood'}",1,"{""high"": ""Water"", ""medium"": ""Food"", ""low"": ""Firewood""}"
521-3_agent_1_desire,521-3,agent_1,"{'Low': 'Food', 'Medium': 'Water', 'High': 'Firewood'}","{'high': 'firewood', 'medium': 'water', 'low': 'food'}",1,"{""high"": ""firewood"", ""medium"": ""water"", ""low"": ""food""}"
521-3_agent_2_desire,521-3,agent_2,"{'Medium': 'Food', 'High': 'Water', 'Low': 'Firewood'}","{'high': 'water', 'medium': 'food', 'low': 'firewood'}",1,"{""high"": ""water"", ""medium"": ""food"", ""low"": ""firewood""}"
521-4_agent_1_desire,521-4,agent_1,"{'Low': 'Food', 'Medium': 'Water', 'High': 'Firewood'}","{'high': 'firewood', 'medium': 'food', 'low': 'water'}",0,"{""high"": ""firewood"", ""medium"": ""food"", ""low"": ""water""}"
521-4_agent_2_desire,521-4,agent_2,"{'Medium': 'Food', 'High': 'Water', 'Low': 'Firewood'}","{'high': 'water', 'medium': 'food', 'low': 'firewood'}",1,"{""high"": ""water"", ""medium"": ""food"", ""low"": ""firewood""}"
521-5_agent_1_desire,521-5,agent_1,"{'Low': 'Food', 'Medium': 'Water', 'High': 'Firewood'}","{'high': 'firewood', 'medium': 'food', 'low': 'water'}",0,"{""high"": ""firewood"", ""medium"": ""food"", ""low"": ""water""}"
521-5_agent_2_desire,521-5,agent_2,"{'Medium': 'Food', 'High': 'Water', 'Low': 'Firewood'}","{'high': 'water', 'medium': 'food', 'low': 'firewood'}",1,"{""high"": ""water"", ""medium"": ""food"", ""low"": ""firewood""}"
522-0_agent_1_desire,522-0,agent_1,"{'High': 'Food', 'Low': 'Water', 'Medium': 'Firewood'}","{'high': 'Food', 'medium': 'Water', 'low': 'Firewood'}",0,"{""high"": ""Food"", ""medium"": ""Water"", ""low"": ""Firewood""}"
522-0_agent_2_desire,522-0,agent_2,"{'Medium': 'Food', 'High': 'Water', 'Low': 'Firewood'}","{'high': 'Water', 'medium': 'Food', 'low': 'Firewood'}",1,"{""high"": ""Water"", ""medium"": ""Food"", ""low"": ""Firewood""}"
522-1_agent_1_desire,522-1,agent_1,"{'High': 'Food', 'Low': 'Water', 'Medium': 'Firewood'}","{'high': 'food', 'medium': 'firewood', 'low': 'water'}",1,"{""high"": ""food"", ""medium"": ""firewood"", ""low"": ""water""}"
522-1_agent_2_desire,522-1,agent_2,"{'Medium': 'Food', 'High': 'Water', 'Low': 'Firewood'}","{'high': 'water', 'medium': 'food', 'low': 'firewood'}",1,"{""high"": ""water"", ""medium"": ""food"", ""low"": ""firewood""}"
522-2_agent_1_desire,522-2,agent_1,"{'High': 'Food', 'Low': 'Water', 'Medium': 'Firewood'}","{'high': 'food', 'medium': 'firewood', 'low': 'water'}",1,"{""high"": ""food"", ""medium"": ""firewood"", ""low"": ""water""}"
522-2_agent_2_desire,522-2,agent_2,"{'Medium': 'Food', 'High': 'Water', 'Low': 'Firewood'}","{'high': 'water', 'medium': 'firewood', 'low': 'food'}",0,"{""high"": ""water"", ""medium"": ""firewood"", ""low"": ""food""}"
522-3_agent_1_desire,522-3,agent_1,"{'High': 'Food', 'Low': 'Water', 'Medium': 'Firewood'}","{'high': 'firewood', 'medium': 'food', 'low': 'water'}",0,"{""high"": ""firewood"", ""medium"": ""food"", ""low"": ""water""}"
522-3_agent_2_desire,522-3,agent_2,"{'Medium': 'Food', 'High': 'Water', 'Low': 'Firewood'}","{'high': 'water', 'medium': 'firewood', 'low': 'food'}",0,"{""high"": ""water"", ""medium"": ""firewood"", ""low"": ""food""}"
522-4_agent_1_desire,522-4,agent_1,"{'High': 'Food', 'Low': 'Water', 'Medium': 'Firewood'}","{'high': 'firewood', 'medium': 'food', 'low': 'water'}",0,"{""high"": ""firewood"", ""medium"": ""food"", ""low"": ""water""}"
522-4_agent_2_desire,522-4,agent_2,"{'Medium': 'Food', 'High': 'Water', 'Low': 'Firewood'}","{'high': 'water', 'medium': 'firewood', 'low': 'food'}",0,"{""high"": ""water"", ""medium"": ""firewood"", ""low"": ""food""}"
523-0_agent_1_desire,523-0,agent_1,"{'High': 'Food', 'Medium': 'Water', 'Low': 'Firewood'}","{'high': 'Food', 'medium': 'Water', 'low': 'Firewood'}",1,"{""high"": ""Food"", ""medium"": ""Water"", ""low"": ""Firewood""}"
523-0_agent_2_desire,523-0,agent_2,"{'High': 'Food', 'Medium': 'Water', 'Low': 'Firewood'}","{'high': 'Food', 'medium': 'Water', 'low': 'Firewood'}",1,"{""high"": ""Food"", ""medium"": ""Water"", ""low"": ""Firewood""}"
523-1_agent_1_desire,523-1,agent_1,"{'High': 'Food', 'Medium': 'Water', 'Low': 'Firewood'}","{'high': 'Food', 'medium': 'Water', 'low': 'Firewood'}",1,"{""high"": ""Food"", ""medium"": ""Water"", ""low"": ""Firewood""}"
523-1_agent_2_desire,523-1,agent_2,"{'High': 'Food', 'Medium': 'Water', 'Low': 'Firewood'}","{'high': 'Food', 'medium': 'Water', 'low': 'Firewood'}",1,"{""high"": ""Food"", ""medium"": ""Water"", ""low"": ""Firewood""}"
523-2_agent_1_desire,523-2,agent_1,"{'High': 'Food', 'Medium': 'Water', 'Low': 'Firewood'}","{'high': 'Food', 'medium': 'Water', 'low': 'Firewood'}",1,"{""high"": ""Food"", ""medium"": ""Water"", ""low"": ""Firewood""}"
523-2_agent_2_desire,523-2,agent_2,"{'High': 'Food', 'Medium': 'Water', 'Low': 'Firewood'}","{'high': 'Food', 'medium': 'Water', 'low': 'Firewood'}",1,"{""high"": ""Food"", ""medium"": ""Water"", ""low"": ""Firewood""}"
523-3_agent_1_desire,523-3,agent_1,"{'High': 'Food', 'Medium': 'Water', 'Low': 'Firewood'}","{'high': 'Food', 'medium': 'Water', 'low': 'Firewood'}",1,"{""high"": ""Food"", ""medium"": ""Water"", ""low"": ""Firewood""}"
523-3_agent_2_desire,523-3,agent_2,"{'High': 'Food', 'Medium': 'Water', 'Low': 'Firewood'}","{'high': 'food', 'medium': 'water', 'low': 'firewood'}",1,"{""high"": ""food"", ""medium"": ""water"", ""low"": ""firewood""}"
523-4_agent_1_desire,523-4,agent_1,"{'High': 'Food', 'Medium': 'Water', 'Low': 'Firewood'}","{'high': 'Food', 'medium': 'Water', 'low': 'Firewood'}",1,"{""high"": ""Food"", ""medium"": ""Water"", ""low"": ""Firewood""}"
523-4_agent_2_desire,523-4,agent_2,"{'High': 'Food', 'Medium': 'Water', 'Low': 'Firewood'}","{'high': 'food', 'medium': 'water', 'low': 'firewood'}",1,"{""high"": ""food"", ""medium"": ""water"", ""low"": ""firewood""}"
523-5_agent_1_desire,523-5,agent_1,"{'High': 'Food', 'Medium': 'Water', 'Low': 'Firewood'}","{'high': 'Food', 'medium': 'Water', 'low': 'Firewood'}",1,"{""high"": ""Food"", ""medium"": ""Water"", ""low"": ""Firewood""}"
523-5_agent_2_desire,523-5,agent_2,"{'High': 'Food', 'Medium': 'Water', 'Low': 'Firewood'}","{'high': 'food', 'medium': 'water', 'low': 'firewood'}",1,"{""high"": ""food"", ""medium"": ""water"", ""low"": ""firewood""}"
524-0_agent_1_desire,524-0,agent_1,"{'Medium': 'Food', 'High': 'Water', 'Low': 'Firewood'}","{'high': 'Water', 'medium': 'Food', 'low': 'Firewood'}",1,"{""high"": ""Water"", ""medium"": ""Food"", ""low"": ""Firewood""}"
524-0_agent_2_desire,524-0,agent_2,"{'Medium': 'Food', 'Low': 'Water', 'High': 'Firewood'}","{'high': 'Water', 'medium': 'Food', 'low': 'Firewood'}",0,"{""high"": ""Water"", ""medium"": ""Food"", ""low"": ""Firewood""}"
524-1_agent_1_desire,524-1,agent_1,"{'Medium': 'Food', 'High': 'Water', 'Low': 'Firewood'}","{'high': 'Water', 'medium': 'Food', 'low': 'Firewood'}",1,"{""high"": ""Water"", ""medium"": ""Food"", ""low"": ""Firewood""}"
524-1_agent_2_desire,524-1,agent_2,"{'Medium': 'Food', 'Low': 'Water', 'High': 'Firewood'}","{'high': 'Water', 'medium': 'Food', 'low': 'Firewood'}",0,"{""high"": ""Water"", ""medium"": ""Food"", ""low"": ""Firewood""}"
524-2_agent_1_desire,524-2,agent_1,"{'Medium': 'Food', 'High': 'Water', 'Low': 'Firewood'}","{'high': 'water', 'medium': 'food', 'low': 'firewood'}",1,"{""high"": ""water"", ""medium"": ""food"", ""low"": ""firewood""}"
524-2_agent_2_desire,524-2,agent_2,"{'Medium': 'Food', 'Low': 'Water', 'High': 'Firewood'}","{'high': 'firewood', 'medium': 'water', 'low': 'food'}",0,"{""high"": ""firewood"", ""medium"": ""water"", ""low"": ""food""}"
524-3_agent_1_desire,524-3,agent_1,"{'Medium': 'Food', 'High': 'Water', 'Low': 'Firewood'}","{'high': 'water', 'medium': 'food', 'low': 'firewood'}",1,"{""high"": ""water"", ""medium"": ""food"", ""low"": ""firewood""}"
524-3_agent_2_desire,524-3,agent_2,"{'Medium': 'Food', 'Low': 'Water', 'High': 'Firewood'}","{'high': 'firewood', 'medium': 'water', 'low': 'food'}",0,"{""high"": ""firewood"", ""medium"": ""water"", ""low"": ""food""}"
524-4_agent_1_desire,524-4,agent_1,"{'Medium': 'Food', 'High': 'Water', 'Low': 'Firewood'}","{'high': 'water', 'medium': 'food', 'low': 'firewood'}",1,"{""high"": ""water"", ""medium"": ""food"", ""low"": ""firewood""}"
524-4_agent_2_desire,524-4,agent_2,"{'Medium': 'Food', 'Low': 'Water', 'High': 'Firewood'}","{'high': 'water', 'medium': 'firewood', 'low': 'food'}",0,"{""high"": ""water"", ""medium"": ""firewood"", ""low"": ""food""}"
524-5_agent_1_desire,524-5,agent_1,"{'Medium': 'Food', 'High': 'Water', 'Low': 'Firewood'}","{'high': 'water', 'medium': 'food', 'low': 'firewood'}",1,"{""high"": ""water"", ""medium"": ""food"", ""low"": ""firewood""}"
524-5_agent_2_desire,524-5,agent_2,"{'Medium': 'Food', 'Low': 'Water', 'High': 'Firewood'}","{'high': 'firewood', 'medium': 'water', 'low': 'food'}",0,"{""high"": ""firewood"", ""medium"": ""water"", ""low"": ""food""}"
525-0_agent_1_desire,525-0,agent_1,"{'High': 'Food', 'Low': 'Water', 'Medium': 'Firewood'}","{'high': 'Food', 'medium': 'Firewood', 'low': 'Water'}",1,"{""high"": ""Food"", ""medium"": ""Firewood"", ""low"": ""Water""}"
525-0_agent_2_desire,525-0,agent_2,"{'High': 'Food', 'Medium': 'Water', 'Low': 'Firewood'}","{'high': 'water', 'medium': 'firewood', 'low': 'food'}",0,"{""high"": ""water"", ""medium"": ""firewood"", ""low"": ""food""}"
525-1_agent_1_desire,525-1,agent_1,"{'High': 'Food', 'Low': 'Water', 'Medium': 'Firewood'}","{'high': 'firewood', 'medium': 'water', 'low': 'food'}",0,"{""high"": ""firewood"", ""medium"": ""water"", ""low"": ""food""}"
525-1_agent_2_desire,525-1,agent_2,"{'High': 'Food', 'Medium': 'Water', 'Low': 'Firewood'}","{'high': 'water', 'medium': 'food', 'low': 'firewood'}",0,"{""high"": ""water"", ""medium"": ""food"", ""low"": ""firewood""}"
525-2_agent_1_desire,525-2,agent_1,"{'High': 'Food', 'Low': 'Water', 'Medium': 'Firewood'}","{'high': 'food', 'medium': 'water', 'low': 'firewood'}",0,"{""high"": ""food"", ""medium"": ""water"", ""low"": ""firewood""}"
525-2_agent_2_desire,525-2,agent_2,"{'High': 'Food', 'Medium': 'Water', 'Low': 'Firewood'}","{'high': 'water', 'medium': 'food', 'low': 'firewood'}",0,"{""high"": ""water"", ""medium"": ""food"", ""low"": ""firewood""}"
525-3_agent_1_desire,525-3,agent_1,"{'High': 'Food', 'Low': 'Water', 'Medium': 'Firewood'}","{'high': 'water', 'medium': 'firewood', 'low': 'food'}",0,"{""high"": ""water"", ""medium"": ""firewood"", ""low"": ""food""}"
525-3_agent_2_desire,525-3,agent_2,"{'High': 'Food', 'Medium': 'Water', 'Low': 'Firewood'}","{'high': 'water', 'medium': 'food', 'low': 'firewood'}",0,"{""high"": ""water"", ""medium"": ""food"", ""low"": ""firewood""}"
525-4_agent_1_desire,525-4,agent_1,"{'High': 'Food', 'Low': 'Water', 'Medium': 'Firewood'}","{'high': 'firewood', 'medium': 'water', 'low': 'food'}",0,"{""high"": ""firewood"", ""medium"": ""water"", ""low"": ""food""}"
525-4_agent_2_desire,525-4,agent_2,"{'High': 'Food', 'Medium': 'Water', 'Low': 'Firewood'}","{'high': 'water', 'medium': 'food', 'low': 'firewood'}",0,"{""high"": ""water"", ""medium"": ""food"", ""low"": ""firewood""}"
525-5_agent_1_desire,525-5,agent_1,"{'High': 'Food', 'Low': 'Water', 'Medium': 'Firewood'}","{'high': 'water', 'medium': 'firewood', 'low': 'food'}",0,"{""high"": ""water"", ""medium"": ""firewood"", ""low"": ""food""}"
525-5_agent_2_desire,525-5,agent_2,"{'High': 'Food', 'Medium': 'Water', 'Low': 'Firewood'}","{'high': 'water', 'medium': 'food', 'low': 'firewood'}",0,"{""high"": ""water"", ""medium"": ""food"", ""low"": ""firewood""}"
525-6_agent_1_desire,525-6,agent_1,"{'High': 'Food', 'Low': 'Water', 'Medium': 'Firewood'}","{'high': 'water', 'medium': 'food', 'low': 'firewood'}",0,"{""high"": ""water"", ""medium"": ""food"", ""low"": ""firewood""}"
525-6_agent_2_desire,525-6,agent_2,"{'High': 'Food', 'Medium': 'Water', 'Low': 'Firewood'}","{'high': 'water', 'medium': 'food', 'low': 'firewood'}",0,"{""high"": ""water"", ""medium"": ""food"", ""low"": ""firewood""}"
525-7_agent_1_desire,525-7,agent_1,"{'High': 'Food', 'Low': 'Water', 'Medium': 'Firewood'}","{'high': 'food', 'medium': 'water', 'low': 'firewood'}",0,"{""high"": ""food"", ""medium"": ""water"", ""low"": ""firewood""}"
525-7_agent_2_desire,525-7,agent_2,"{'High': 'Food', 'Medium': 'Water', 'Low': 'Firewood'}","{'high': 'water', 'medium': 'food', 'low': 'firewood'}",0,"{""high"": ""water"", ""medium"": ""food"", ""low"": ""firewood""}"
526-0_agent_1_desire,526-0,agent_1,"{'High': 'Food', 'Low': 'Water', 'Medium': 'Firewood'}","{'high': 'food', 'medium': 'firewood', 'low': 'water'}",1,"{""high"": ""food"", ""medium"": ""firewood"", ""low"": ""water""}"
526-0_agent_2_desire,526-0,agent_2,"{'Low': 'Food', 'High': 'Water', 'Medium': 'Firewood'}","{'high': 'water', 'medium': 'firewood', 'low': 'food'}",1,"{""high"": ""water"", ""medium"": ""firewood"", ""low"": ""food""}"
526-1_agent_1_desire,526-1,agent_1,"{'High': 'Food', 'Low': 'Water', 'Medium': 'Firewood'}","{'high': 'food', 'medium': 'firewood', 'low': 'water'}",1,"{""high"": ""food"", ""medium"": ""firewood"", ""low"": ""water""}"
526-1_agent_2_desire,526-1,agent_2,"{'Low': 'Food', 'High': 'Water', 'Medium': 'Firewood'}","{'high': 'water', 'medium': 'firewood', 'low': 'food'}",1,"{""high"": ""water"", ""medium"": ""firewood"", ""low"": ""food""}"
526-2_agent_1_desire,526-2,agent_1,"{'High': 'Food', 'Low': 'Water', 'Medium': 'Firewood'}","{'high': 'food', 'medium': 'firewood', 'low': 'water'}",1,"{""high"": ""food"", ""medium"": ""firewood"", ""low"": ""water""}"
526-2_agent_2_desire,526-2,agent_2,"{'Low': 'Food', 'High': 'Water', 'Medium': 'Firewood'}","{'high': 'water', 'medium': 'firewood', 'low': 'food'}",1,"{""high"": ""water"", ""medium"": ""firewood"", ""low"": ""food""}"
526-3_agent_1_desire,526-3,agent_1,"{'High': 'Food', 'Low': 'Water', 'Medium': 'Firewood'}","{'high': 'food', 'medium': 'firewood', 'low': 'water'}",1,"{""high"": ""food"", ""medium"": ""firewood"", ""low"": ""water""}"
526-3_agent_2_desire,526-3,agent_2,"{'Low': 'Food', 'High': 'Water', 'Medium': 'Firewood'}","{'high': 'water', 'medium': 'firewood', 'low': 'food'}",1,"{""high"": ""water"", ""medium"": ""firewood"", ""low"": ""food""}"
526-4_agent_1_desire,526-4,agent_1,"{'High': 'Food', 'Low': 'Water', 'Medium': 'Firewood'}","{'high': 'food', 'medium': 'firewood', 'low': 'water'}",1,"{""high"": ""food"", ""medium"": ""firewood"", ""low"": ""water""}"
526-4_agent_2_desire,526-4,agent_2,"{'Low': 'Food', 'High': 'Water', 'Medium': 'Firewood'}","{'high': 'water', 'medium': 'firewood', 'low': 'food'}",1,"{""high"": ""water"", ""medium"": ""firewood"", ""low"": ""food""}"
527-0_agent_1_desire,527-0,agent_1,"{'High': 'Food', 'Low': 'Water', 'Medium': 'Firewood'}","{'high': 'Firewood', 'medium': 'Food', 'low': 'Water'}",0,"{""high"": ""Firewood"", ""medium"": ""Food"", ""low"": ""Water""}"
527-0_agent_2_desire,527-0,agent_2,"{'Medium': 'Food', 'High': 'Water', 'Low': 'Firewood'}","{'high': 'Firewood', 'medium': 'Water', 'low': 'Food'}",0,"{""high"": ""Firewood"", ""medium"": ""Water"", ""low"": ""Food""}"
527-1_agent_1_desire,527-1,agent_1,"{'High': 'Food', 'Low': 'Water', 'Medium': 'Firewood'}","{'high': 'firewood', 'medium': 'water', 'low': 'food'}",0,"{""high"": ""firewood"", ""medium"": ""water"", ""low"": ""food""}"
527-1_agent_2_desire,527-1,agent_2,"{'Medium': 'Food', 'High': 'Water', 'Low': 'Firewood'}","{'high': 'firewood', 'medium': 'water', 'low': 'food'}",0,"{""high"": ""firewood"", ""medium"": ""water"", ""low"": ""food""}"
527-2_agent_1_desire,527-2,agent_1,"{'High': 'Food', 'Low': 'Water', 'Medium': 'Firewood'}","{'high': 'food', 'medium': 'firewood', 'low': 'water'}",1,"{""high"": ""food"", ""medium"": ""firewood"", ""low"": ""water""}"
527-2_agent_2_desire,527-2,agent_2,"{'Medium': 'Food', 'High': 'Water', 'Low': 'Firewood'}","{'high': 'firewood', 'medium': 'food', 'low': 'water'}",0,"{""high"": ""firewood"", ""medium"": ""food"", ""low"": ""water""}"
527-3_agent_1_desire,527-3,agent_1,"{'High': 'Food', 'Low': 'Water', 'Medium': 'Firewood'}","{'high': 'Food', 'medium': 'Firewood', 'low': 'Water'}",1,"{""high"": ""Food"", ""medium"": ""Firewood"", ""low"": ""Water""}"
527-3_agent_2_desire,527-3,agent_2,"{'Medium': 'Food', 'High': 'Water', 'Low': 'Firewood'}","{'high': 'firewood', 'medium': 'food', 'low': 'water'}",0,"{""high"": ""firewood"", ""medium"": ""food"", ""low"": ""water""}"
527-4_agent_1_desire,527-4,agent_1,"{'High': 'Food', 'Low': 'Water', 'Medium': 'Firewood'}","{'high': 'Food', 'medium': 'Firewood', 'low': 'Water'}",1,"{""high"": ""Food"", ""medium"": ""Firewood"", ""low"": ""Water""}"
527-4_agent_2_desire,527-4,agent_2,"{'Medium': 'Food', 'High': 'Water', 'Low': 'Firewood'}","{'high': 'firewood', 'medium': 'food', 'low': 'water'}",0,"{""high"": ""firewood"", ""medium"": ""food"", ""low"": ""water""}"
527-5_agent_1_desire,527-5,agent_1,"{'High': 'Food', 'Low': 'Water', 'Medium': 'Firewood'}","{'high': 'Food', 'medium': 'Water', 'low': 'Firewood'}",0,"{""high"": ""Food"", ""medium"": ""Water"", ""low"": ""Firewood""}"
527-5_agent_2_desire,527-5,agent_2,"{'Medium': 'Food', 'High': 'Water', 'Low': 'Firewood'}","{'high': 'firewood', 'medium': 'food', 'low': 'water'}",0,"{""high"": ""firewood"", ""medium"": ""food"", ""low"": ""water""}"
527-6_agent_1_desire,527-6,agent_1,"{'High': 'Food', 'Low': 'Water', 'Medium': 'Firewood'}","{'high': 'food', 'medium': 'firewood', 'low': 'water'}",1,"{""high"": ""food"", ""medium"": ""firewood"", ""low"": ""water""}"
527-6_agent_2_desire,527-6,agent_2,"{'Medium': 'Food', 'High': 'Water', 'Low': 'Firewood'}","{'high': 'firewood', 'medium': 'food', 'low': 'water'}",0,"{""high"": ""firewood"", ""medium"": ""food"", ""low"": ""water""}"
528-0_agent_1_desire,528-0,agent_1,"{'High': 'Food', 'Medium': 'Water', 'Low': 'Firewood'}","{'high': 'Food', 'medium': 'Water', 'low': 'Firewood'}",1,"{""high"": ""Food"", ""medium"": ""Water"", ""low"": ""Firewood""}"
528-0_agent_2_desire,528-0,agent_2,"{'Low': 'Food', 'High': 'Water', 'Medium': 'Firewood'}","{'high': 'Water', 'medium': 'Food', 'low': 'Firewood'}",0,"{""high"": ""Water"", ""medium"": ""Food"", ""low"": ""Firewood""}"
528-1_agent_1_desire,528-1,agent_1,"{'High': 'Food', 'Medium': 'Water', 'Low': 'Firewood'}","{'high': 'Food', 'medium': 'Water', 'low': 'Firewood'}",1,"{""high"": ""Food"", ""medium"": ""Water"", ""low"": ""Firewood""}"
528-1_agent_2_desire,528-1,agent_2,"{'Low': 'Food', 'High': 'Water', 'Medium': 'Firewood'}","{'high': 'food', 'medium': 'firewood', 'low': 'water'}",0,"{""high"": ""food"", ""medium"": ""firewood"", ""low"": ""water""}"
528-2_agent_1_desire,528-2,agent_1,"{'High': 'Food', 'Medium': 'Water', 'Low': 'Firewood'}","{'high': 'food', 'medium': 'water', 'low': 'firewood'}",1,"{""high"": ""food"", ""medium"": ""water"", ""low"": ""firewood""}"
528-2_agent_2_desire,528-2,agent_2,"{'Low': 'Food', 'High': 'Water', 'Medium': 'Firewood'}","{'high': 'Firewood', 'medium': 'Food', 'low': 'Water'}",0,"{""high"": ""Firewood"", ""medium"": ""Food"", ""low"": ""Water""}"
528-3_agent_1_desire,528-3,agent_1,"{'High': 'Food', 'Medium': 'Water', 'Low': 'Firewood'}","{'high': 'Food', 'medium': 'Water', 'low': 'Firewood'}",1,"{""high"": ""Food"", ""medium"": ""Water"", ""low"": ""Firewood""}"
528-3_agent_2_desire,528-3,agent_2,"{'Low': 'Food', 'High': 'Water', 'Medium': 'Firewood'}","{'high': 'Water', 'medium': 'Food', 'low': 'Firewood'}",0,"{""high"": ""Water"", ""medium"": ""Food"", ""low"": ""Firewood""}"
528-4_agent_1_desire,528-4,agent_1,"{'High': 'Food', 'Medium': 'Water', 'Low': 'Firewood'}","{'high': 'Food', 'medium': 'Water', 'low': 'Firewood'}",1,"{""high"": ""Food"", ""medium"": ""Water"", ""low"": ""Firewood""}"
528-4_agent_2_desire,528-4,agent_2,"{'Low': 'Food', 'High': 'Water', 'Medium': 'Firewood'}","{'high': 'Water', 'medium': 'Food', 'low': 'Firewood'}",0,"{""high"": ""Water"", ""medium"": ""Food"", ""low"": ""Firewood""}"
529-0_agent_1_desire,529-0,agent_1,"{'Medium': 'Food', 'High': 'Water', 'Low': 'Firewood'}","{'high': 'Water', 'medium': 'Food', 'low': 'Firewood'}",1,"{""high"": ""Water"", ""medium"": ""Food"", ""low"": ""Firewood""}"
529-0_agent_2_desire,529-0,agent_2,"{'High': 'Food', 'Low': 'Water', 'Medium': 'Firewood'}","{'high': 'Water', 'medium': 'Food', 'low': 'Firewood'}",0,"{""high"": ""Water"", ""medium"": ""Food"", ""low"": ""Firewood""}"
529-1_agent_1_desire,529-1,agent_1,"{'Medium': 'Food', 'High': 'Water', 'Low': 'Firewood'}","{'high': 'Food', 'medium': 'Water', 'low': 'Firewood'}",0,"{""high"": ""Food"", ""medium"": ""Water"", ""low"": ""Firewood""}"
529-1_agent_2_desire,529-1,agent_2,"{'High': 'Food', 'Low': 'Water', 'Medium': 'Firewood'}","{'high': 'Water', 'medium': 'Food', 'low': 'Firewood'}",0,"{""high"": ""Water"", ""medium"": ""Food"", ""low"": ""Firewood""}"
529-2_agent_1_desire,529-2,agent_1,"{'Medium': 'Food', 'High': 'Water', 'Low': 'Firewood'}","{'high': 'Food', 'medium': 'Firewood', 'low': 'Water'}",0,"{""high"": ""Food"", ""medium"": ""Firewood"", ""low"": ""Water""}"
529-2_agent_2_desire,529-2,agent_2,"{'High': 'Food', 'Low': 'Water', 'Medium': 'Firewood'}","{'high': 'food', 'medium': 'firewood', 'low': 'water'}",1,"{""high"": ""food"", ""medium"": ""firewood"", ""low"": ""water""}"
529-3_agent_1_desire,529-3,agent_1,"{'Medium': 'Food', 'High': 'Water', 'Low': 'Firewood'}","{'high': 'Firewood', 'medium': 'Food', 'low': 'Water'}",0,"{""high"": ""Firewood"", ""medium"": ""Food"", ""low"": ""Water""}"
529-3_agent_2_desire,529-3,agent_2,"{'High': 'Food', 'Low': 'Water', 'Medium': 'Firewood'}","{'high': 'food', 'medium': 'firewood', 'low': 'water'}",1,"{""high"": ""food"", ""medium"": ""firewood"", ""low"": ""water""}"
529-4_agent_1_desire,529-4,agent_1,"{'Medium': 'Food', 'High': 'Water', 'Low': 'Firewood'}","{'high': 'Food', 'medium': 'Firewood', 'low': 'Water'}",0,"{""high"": ""Food"", ""medium"": ""Firewood"", ""low"": ""Water""}"
529-4_agent_2_desire,529-4,agent_2,"{'High': 'Food', 'Low': 'Water', 'Medium': 'Firewood'}","{'high': 'food', 'medium': 'firewood', 'low': 'water'}",1,"{""high"": ""food"", ""medium"": ""firewood"", ""low"": ""water""}"
529-5_agent_1_desire,529-5,agent_1,"{'Medium': 'Food', 'High': 'Water', 'Low': 'Firewood'}","{'high': 'Firewood', 'medium': 'Food', 'low': 'Water'}",0,"{""high"": ""Firewood"", ""medium"": ""Food"", ""low"": ""Water""}"
529-5_agent_2_desire,529-5,agent_2,"{'High': 'Food', 'Low': 'Water', 'Medium': 'Firewood'}","{'high': 'Food', 'medium': 'Firewood', 'low': 'Water'}",1,"{""high"": ""Food"", ""medium"": ""Firewood"", ""low"": ""Water""}"
529-6_agent_1_desire,529-6,agent_1,"{'Medium': 'Food', 'High': 'Water', 'Low': 'Firewood'}","{'high': 'food', 'medium': 'firewood', 'low': 'water'}",0,"{""high"": ""food"", ""medium"": ""firewood"", ""low"": ""water""}"
529-6_agent_2_desire,529-6,agent_2,"{'High': 'Food', 'Low': 'Water', 'Medium': 'Firewood'}","{'high': 'Food', 'medium': 'Firewood', 'low': 'Water'}",1,"{""high"": ""Food"", ""medium"": ""Firewood"", ""low"": ""Water""}"
529-7_agent_1_desire,529-7,agent_1,"{'Medium': 'Food', 'High': 'Water', 'Low': 'Firewood'}","{'high': 'Food', 'medium': 'Firewood', 'low': 'Water'}",0,"{""high"": ""Food"", ""medium"": ""Firewood"", ""low"": ""Water""}"
529-7_agent_2_desire,529-7,agent_2,"{'High': 'Food', 'Low': 'Water', 'Medium': 'Firewood'}","{'high': 'food', 'medium': 'firewood', 'low': 'water'}",1,"{""high"": ""food"", ""medium"": ""firewood"", ""low"": ""water""}"
529-8_agent_1_desire,529-8,agent_1,"{'Medium': 'Food', 'High': 'Water', 'Low': 'Firewood'}","{'high': 'Food', 'medium': 'Firewood', 'low': 'Water'}",0,"{""high"": ""Food"", ""medium"": ""Firewood"", ""low"": ""Water""}"
529-8_agent_2_desire,529-8,agent_2,"{'High': 'Food', 'Low': 'Water', 'Medium': 'Firewood'}","{'high': 'food', 'medium': 'firewood', 'low': 'water'}",1,"{""high"": ""food"", ""medium"": ""firewood"", ""low"": ""water""}"
529-9_agent_1_desire,529-9,agent_1,"{'Medium': 'Food', 'High': 'Water', 'Low': 'Firewood'}","{'high': 'Food', 'medium': 'Firewood', 'low': 'Water'}",0,"{""high"": ""Food"", ""medium"": ""Firewood"", ""low"": ""Water""}"
529-9_agent_2_desire,529-9,agent_2,"{'High': 'Food', 'Low': 'Water', 'Medium': 'Firewood'}","{'high': 'food', 'medium': 'firewood', 'low': 'water'}",1,"{""high"": ""food"", ""medium"": ""firewood"", ""low"": ""water""}"
530-0_agent_1_desire,530-0,agent_1,"{'High': 'Food', 'Low': 'Water', 'Medium': 'Firewood'}","{'high': 'Water', 'medium': 'Food', 'low': 'Firewood'}",0,"{""high"": ""Water"", ""medium"": ""Food"", ""low"": ""Firewood""}"
530-0_agent_2_desire,530-0,agent_2,"{'Low': 'Food', 'Medium': 'Water', 'High': 'Firewood'}","{'high': 'Water', 'medium': 'Food', 'low': 'Firewood'}",0,"{""high"": ""Water"", ""medium"": ""Food"", ""low"": ""Firewood""}"
530-1_agent_1_desire,530-1,agent_1,"{'High': 'Food', 'Low': 'Water', 'Medium': 'Firewood'}","{'high': 'Food', 'medium': 'Water', 'low': 'Firewood'}",0,"{""high"": ""Food"", ""medium"": ""Water"", ""low"": ""Firewood""}"
530-1_agent_2_desire,530-1,agent_2,"{'Low': 'Food', 'Medium': 'Water', 'High': 'Firewood'}","{'high': 'Firewood', 'medium': 'Water', 'low': 'Food'}",1,"{""high"": ""Firewood"", ""medium"": ""Water"", ""low"": ""Food""}"
530-2_agent_1_desire,530-2,agent_1,"{'High': 'Food', 'Low': 'Water', 'Medium': 'Firewood'}","{'high': 'Food', 'medium': 'Water', 'low': 'Firewood'}",0,"{""high"": ""Food"", ""medium"": ""Water"", ""low"": ""Firewood""}"
530-2_agent_2_desire,530-2,agent_2,"{'Low': 'Food', 'Medium': 'Water', 'High': 'Firewood'}","{'high': 'Water', 'medium': 'Firewood', 'low': 'Food'}",0,"{""high"": ""Water"", ""medium"": ""Firewood"", ""low"": ""Food""}"
530-3_agent_1_desire,530-3,agent_1,"{'High': 'Food', 'Low': 'Water', 'Medium': 'Firewood'}","{'high': 'Food', 'medium': 'Water', 'low': 'Firewood'}",0,"{""high"": ""Food"", ""medium"": ""Water"", ""low"": ""Firewood""}"
530-3_agent_2_desire,530-3,agent_2,"{'Low': 'Food', 'Medium': 'Water', 'High': 'Firewood'}","{'high': 'Water', 'medium': 'Firewood', 'low': 'Food'}",0,"{""high"": ""Water"", ""medium"": ""Firewood"", ""low"": ""Food""}"
530-4_agent_1_desire,530-4,agent_1,"{'High': 'Food', 'Low': 'Water', 'Medium': 'Firewood'}","{'high': 'Food', 'medium': 'Firewood', 'low': 'Water'}",1,"{""high"": ""Food"", ""medium"": ""Firewood"", ""low"": ""Water""}"
530-4_agent_2_desire,530-4,agent_2,"{'Low': 'Food', 'Medium': 'Water', 'High': 'Firewood'}","{'high': 'Water', 'medium': 'Firewood', 'low': 'Food'}",0,"{""high"": ""Water"", ""medium"": ""Firewood"", ""low"": ""Food""}"
530-5_agent_1_desire,530-5,agent_1,"{'High': 'Food', 'Low': 'Water', 'Medium': 'Firewood'}","{'high': 'Food', 'medium': 'Firewood', 'low': 'Water'}",1,"{""high"": ""Food"", ""medium"": ""Firewood"", ""low"": ""Water""}"
530-5_agent_2_desire,530-5,agent_2,"{'Low': 'Food', 'Medium': 'Water', 'High': 'Firewood'}","{'high': 'Water', 'medium': 'Firewood', 'low': 'Food'}",0,"{""high"": ""Water"", ""medium"": ""Firewood"", ""low"": ""Food""}"
531-0_agent_1_desire,531-0,agent_1,"{'High': 'Food', 'Low': 'Water', 'Medium': 'Firewood'}","{'high': 'Water', 'medium': 'Food', 'low': 'Firewood'}",0,"{""high"": ""Water"", ""medium"": ""Food"", ""low"": ""Firewood""}"
531-0_agent_2_desire,531-0,agent_2,"{'Medium': 'Food', 'Low': 'Water', 'High': 'Firewood'}","{'high': 'Water', 'medium': 'Firewood', 'low': 'Food'}",0,"{""high"": ""Water"", ""medium"": ""Firewood"", ""low"": ""Food""}"
531-1_agent_1_desire,531-1,agent_1,"{'High': 'Food', 'Low': 'Water', 'Medium': 'Firewood'}","{'high': 'Firewood', 'medium': 'Food', 'low': 'Water'}",0,"{""high"": ""Firewood"", ""medium"": ""Food"", ""low"": ""Water""}"
531-1_agent_2_desire,531-1,agent_2,"{'Medium': 'Food', 'Low': 'Water', 'High': 'Firewood'}","{'high': 'Firewood', 'medium': 'Food', 'low': 'Water'}",1,"{""high"": ""Firewood"", ""medium"": ""Food"", ""low"": ""Water""}"
531-2_agent_1_desire,531-2,agent_1,"{'High': 'Food', 'Low': 'Water', 'Medium': 'Firewood'}","{'high': 'Firewood', 'medium': 'Food', 'low': 'Water'}",0,"{""high"": ""Firewood"", ""medium"": ""Food"", ""low"": ""Water""}"
531-2_agent_2_desire,531-2,agent_2,"{'Medium': 'Food', 'Low': 'Water', 'High': 'Firewood'}","{'high': 'firewood', 'medium': 'food', 'low': 'water'}",1,"{""high"": ""firewood"", ""medium"": ""food"", ""low"": ""water""}"
531-3_agent_1_desire,531-3,agent_1,"{'High': 'Food', 'Low': 'Water', 'Medium': 'Firewood'}","{'high': 'Food', 'medium': 'Water', 'low': 'Firewood'}",0,"{""high"": ""Food"", ""medium"": ""Water"", ""low"": ""Firewood""}"
531-3_agent_2_desire,531-3,agent_2,"{'Medium': 'Food', 'Low': 'Water', 'High': 'Firewood'}","{'high': 'food', 'medium': 'water', 'low': 'firewood'}",0,"{""high"": ""food"", ""medium"": ""water"", ""low"": ""firewood""}"
531-4_agent_1_desire,531-4,agent_1,"{'High': 'Food', 'Low': 'Water', 'Medium': 'Firewood'}","{'high': 'food', 'medium': 'water', 'low': 'firewood'}",0,"{""high"": ""food"", ""medium"": ""water"", ""low"": ""firewood""}"
531-4_agent_2_desire,531-4,agent_2,"{'Medium': 'Food', 'Low': 'Water', 'High': 'Firewood'}","{'high': 'firewood', 'medium': 'food', 'low': 'water'}",1,"{""high"": ""firewood"", ""medium"": ""food"", ""low"": ""water""}"
532-0_agent_1_desire,532-0,agent_1,"{'Low': 'Food', 'Medium': 'Water', 'High': 'Firewood'}","{'high': 'Firewood', 'medium': 'Water', 'low': 'Food'}",1,"{""high"": ""Firewood"", ""medium"": ""Water"", ""low"": ""Food""}"
532-0_agent_2_desire,532-0,agent_2,"{'Low': 'Food', 'High': 'Water', 'Medium': 'Firewood'}","{'high': 'Water', 'medium': 'Food', 'low': 'Firewood'}",0,"{""high"": ""Water"", ""medium"": ""Food"", ""low"": ""Firewood""}"
532-1_agent_1_desire,532-1,agent_1,"{'Low': 'Food', 'Medium': 'Water', 'High': 'Firewood'}","{'high': 'Water', 'medium': 'Food', 'low': 'Firewood'}",0,"{""high"": ""Water"", ""medium"": ""Food"", ""low"": ""Firewood""}"
532-1_agent_2_desire,532-1,agent_2,"{'Low': 'Food', 'High': 'Water', 'Medium': 'Firewood'}","{'high': 'Water', 'medium': 'Food', 'low': 'Firewood'}",0,"{""high"": ""Water"", ""medium"": ""Food"", ""low"": ""Firewood""}"
532-2_agent_1_desire,532-2,agent_1,"{'Low': 'Food', 'Medium': 'Water', 'High': 'Firewood'}","{'high': 'Firewood', 'medium': 'Food', 'low': 'Water'}",0,"{""high"": ""Firewood"", ""medium"": ""Food"", ""low"": ""Water""}"
532-2_agent_2_desire,532-2,agent_2,"{'Low': 'Food', 'High': 'Water', 'Medium': 'Firewood'}","{'high': 'Food', 'medium': 'Firewood', 'low': 'Water'}",0,"{""high"": ""Food"", ""medium"": ""Firewood"", ""low"": ""Water""}"
532-3_agent_1_desire,532-3,agent_1,"{'Low': 'Food', 'Medium': 'Water', 'High': 'Firewood'}","{'high': 'Firewood', 'medium': 'Food', 'low': 'Water'}",0,"{""high"": ""Firewood"", ""medium"": ""Food"", ""low"": ""Water""}"
532-3_agent_2_desire,532-3,agent_2,"{'Low': 'Food', 'High': 'Water', 'Medium': 'Firewood'}","{'high': 'Water', 'medium': 'Firewood', 'low': 'Food'}",1,"{""high"": ""Water"", ""medium"": ""Firewood"", ""low"": ""Food""}"
532-4_agent_1_desire,532-4,agent_1,"{'Low': 'Food', 'Medium': 'Water', 'High': 'Firewood'}","{'high': 'firewood', 'medium': 'water', 'low': 'food'}",1,"{""high"": ""firewood"", ""medium"": ""water"", ""low"": ""food""}"
532-4_agent_2_desire,532-4,agent_2,"{'Low': 'Food', 'High': 'Water', 'Medium': 'Firewood'}","{'high': 'water', 'medium': 'firewood', 'low': 'food'}",1,"{""high"": ""water"", ""medium"": ""firewood"", ""low"": ""food""}"
532-5_agent_1_desire,532-5,agent_1,"{'Low': 'Food', 'Medium': 'Water', 'High': 'Firewood'}","{'high': 'firewood', 'medium': 'food', 'low': 'water'}",0,"{""high"": ""firewood"", ""medium"": ""food"", ""low"": ""water""}"
532-5_agent_2_desire,532-5,agent_2,"{'Low': 'Food', 'High': 'Water', 'Medium': 'Firewood'}","{'high': 'water', 'medium': 'firewood', 'low': 'food'}",1,"{""high"": ""water"", ""medium"": ""firewood"", ""low"": ""food""}"
532-6_agent_1_desire,532-6,agent_1,"{'Low': 'Food', 'Medium': 'Water', 'High': 'Firewood'}","{'high': 'firewood', 'medium': 'food', 'low': 'water'}",0,"{""high"": ""firewood"", ""medium"": ""food"", ""low"": ""water""}"
532-6_agent_2_desire,532-6,agent_2,"{'Low': 'Food', 'High': 'Water', 'Medium': 'Firewood'}","{'high': 'water', 'medium': 'firewood', 'low': 'food'}",1,"{""high"": ""water"", ""medium"": ""firewood"", ""low"": ""food""}"
533-0_agent_1_desire,533-0,agent_1,"{'Medium': 'Food', 'High': 'Water', 'Low': 'Firewood'}","{'high': 'Water', 'medium': 'Food', 'low': 'Firewood'}",1,"{""high"": ""Water"", ""medium"": ""Food"", ""low"": ""Firewood""}"
533-0_agent_2_desire,533-0,agent_2,"{'Low': 'Food', 'High': 'Water', 'Medium': 'Firewood'}","{'high': 'Water', 'medium': 'Food', 'low': 'Firewood'}",0,"{""high"": ""Water"", ""medium"": ""Food"", ""low"": ""Firewood""}"
533-1_agent_1_desire,533-1,agent_1,"{'Medium': 'Food', 'High': 'Water', 'Low': 'Firewood'}","{'high': 'water', 'medium': 'food', 'low': 'firewood'}",1,"{""high"": ""water"", ""medium"": ""food"", ""low"": ""firewood""}"
533-1_agent_2_desire,533-1,agent_2,"{'Low': 'Food', 'High': 'Water', 'Medium': 'Firewood'}","{'high': 'water', 'medium': 'food', 'low': 'firewood'}",0,"{""high"": ""water"", ""medium"": ""food"", ""low"": ""firewood""}"
533-2_agent_1_desire,533-2,agent_1,"{'Medium': 'Food', 'High': 'Water', 'Low': 'Firewood'}","{'high': 'water', 'medium': 'food', 'low': 'firewood'}",1,"{""high"": ""water"", ""medium"": ""food"", ""low"": ""firewood""}"
533-2_agent_2_desire,533-2,agent_2,"{'Low': 'Food', 'High': 'Water', 'Medium': 'Firewood'}","{'high': 'firewood', 'medium': 'food', 'low': 'water'}",0,"{""high"": ""firewood"", ""medium"": ""food"", ""low"": ""water""}"
533-3_agent_1_desire,533-3,agent_1,"{'Medium': 'Food', 'High': 'Water', 'Low': 'Firewood'}","{'high': 'water', 'medium': 'food', 'low': 'firewood'}",1,"{""high"": ""water"", ""medium"": ""food"", ""low"": ""firewood""}"
533-3_agent_2_desire,533-3,agent_2,"{'Low': 'Food', 'High': 'Water', 'Medium': 'Firewood'}","{'high': 'Firewood', 'medium': 'Food', 'low': 'Water'}",0,"{""high"": ""Firewood"", ""medium"": ""Food"", ""low"": ""Water""}"
533-4_agent_1_desire,533-4,agent_1,"{'Medium': 'Food', 'High': 'Water', 'Low': 'Firewood'}","{'high': 'water', 'medium': 'food', 'low': 'firewood'}",1,"{""high"": ""water"", ""medium"": ""food"", ""low"": ""firewood""}"
533-4_agent_2_desire,533-4,agent_2,"{'Low': 'Food', 'High': 'Water', 'Medium': 'Firewood'}","{'high': 'Firewood', 'medium': 'Food', 'low': 'Water'}",0,"{""high"": ""Firewood"", ""medium"": ""Food"", ""low"": ""Water""}"
534-0_agent_1_desire,534-0,agent_1,"{'Medium': 'Food', 'Low': 'Water', 'High': 'Firewood'}","{'high': 'firewood', 'medium': 'water', 'low': 'food'}",0,"{""high"": ""firewood"", ""medium"": ""water"", ""low"": ""food""}"
534-0_agent_2_desire,534-0,agent_2,"{'Low': 'Food', 'Medium': 'Water', 'High': 'Firewood'}","{'high': 'firewood', 'medium': 'water', 'low': 'food'}",1,"{""high"": ""firewood"", ""medium"": ""water"", ""low"": ""food""}"
534-1_agent_1_desire,534-1,agent_1,"{'Medium': 'Food', 'Low': 'Water', 'High': 'Firewood'}","{'high': 'Food', 'medium': 'Water', 'low': 'Firewood'}",0,"{""high"": ""Food"", ""medium"": ""Water"", ""low"": ""Firewood""}"
534-1_agent_2_desire,534-1,agent_2,"{'Low': 'Food', 'Medium': 'Water', 'High': 'Firewood'}","{'high': 'firewood', 'medium': 'water', 'low': 'food'}",1,"{""high"": ""firewood"", ""medium"": ""water"", ""low"": ""food""}"
534-2_agent_1_desire,534-2,agent_1,"{'Medium': 'Food', 'Low': 'Water', 'High': 'Firewood'}","{'high': 'firewood', 'medium': 'food', 'low': 'water'}",1,"{""high"": ""firewood"", ""medium"": ""food"", ""low"": ""water""}"
534-2_agent_2_desire,534-2,agent_2,"{'Low': 'Food', 'Medium': 'Water', 'High': 'Firewood'}","{'high': 'firewood', 'medium': 'water', 'low': 'food'}",1,"{""high"": ""firewood"", ""medium"": ""water"", ""low"": ""food""}"
